Longitude,Latitude,UHI_Class
-70.58050833,-33.58697979,Low
-70.57948,-33.59209917,Low
-70.57836597,-33.59741944,Low
-70.56666139,-33.59710917,Low
-70.56629625,-33.59707875,Low
-70.54158267,-33.5913786,Low
-70.56869021,-33.61193083,Low
-70.57549292,-33.6163775,Low
-70.59034575,-33.61853858,Low
-70.59057649,-33.61661095,Low
-70.59074444,-33.61462833,Low
-70.59070042,-33.61440792,Low
-70.59026917,-33.61440375,Low
-70.58964667,-33.61441125,Low
-70.58937792,-33.61448292,Low
-70.589395,-33.61479833,Low
-70.58857,-33.614415,Low
-70.58843861,-33.61436944,Low
-70.59644464,-33.58785238,Low
-70.59736483,-33.58154286,Medium
-70.59273979,-33.58084354,Low
-70.59018375,-33.58047333,Low
-70.58752333,-33.58007396,Low
-70.58043833,-33.58730833,Low
-70.58035667,-33.58762833,Low
-70.58028,-33.58799333,Low
-70.580195,-33.58834667,Low
-70.58013333,-33.58863333,Low
-70.58010833,-33.58891833,Low
-70.58006667,-33.58928833,Low
-70.57999667,-33.58970167,Low
-70.57991667,-33.59013167,Low
-70.5798,-33.59057167,Low
-70.57968333,-33.591025,Low
-70.579585,-33.59145167,Low
-70.57951833,-33.591815,Low
-70.57945167,-33.59223833,Low
-70.579385,-33.5926,Low
-70.57930167,-33.59301667,Low
-70.579245,-33.59342333,Low
-70.57914167,-33.59385167,Low
-70.57904333,-33.59430667,Low
-70.57896333,-33.59473833,Low
-70.578875,-33.59522,Low
-70.57872833,-33.59568,Low
-70.57865333,-33.596195,Low
-70.57857833,-33.596675,Low
-70.57846667,-33.59707333,Low
-70.57828167,-33.59770833,Low
-70.57825167,-33.59797667,Low
-70.57790167,-33.59810167,Low
-70.57741833,-33.59805167,Low
-70.57691667,-33.598,Low
-70.576415,-33.597915,Low
-70.57581167,-33.5979,Low
-70.57526667,-33.59784167,Low
-70.574825,-33.59780167,Low
-70.57450667,-33.59777667,Low
-70.57411167,-33.59774667,Low
-70.573595,-33.5977,Low
-70.57303833,-33.59767167,Low
-70.57255167,-33.597615,Low
-70.57209,-33.59759667,Low
-70.57160333,-33.59752667,Low
-70.57116,-33.59749,Low
-70.57072833,-33.59746167,Low
-70.57039667,-33.597425,Medium
-70.57004833,-33.59739,Medium
-70.56962833,-33.59734667,Medium
-70.56922167,-33.59731,Medium
-70.56887167,-33.597295,Medium
-70.56850833,-33.59726167,Medium
-70.56815833,-33.597225,Medium
-70.56771167,-33.59718,Low
-70.56730833,-33.59715333,Low
-70.56694,-33.59712667,Low
-70.56618,-33.59696667,Low
-70.566275,-33.59661333,Low
-70.56639,-33.59624,Low
-70.56653,-33.595805,Low
-70.56662833,-33.59531167,Low
-70.56670333,-33.594905,Low
-70.56662833,-33.594465,Low
-70.56656833,-33.594015,Low
-70.56649667,-33.59356833,Low
-70.56644667,-33.59323833,Low
-70.56639667,-33.59292667,Low
-70.56605,-33.59282667,Low
-70.56562667,-33.59282833,Low
-70.56512,-33.59277833,Low
-70.56463333,-33.59275167,Low
-70.56411667,-33.59269,Low
-70.56361333,-33.592645,Low
-70.56317333,-33.59263833,Low
-70.56281167,-33.59262333,Low
-70.562425,-33.59259,Low
-70.56201333,-33.59258333,Low
-70.56157167,-33.59254667,Low
-70.56114167,-33.59250333,Low
-70.56074333,-33.59248333,Low
-70.56033167,-33.592615,Low
-70.56015,-33.59287833,Low
-70.55994167,-33.59318833,Low
-70.55971333,-33.59354667,Low
-70.55949667,-33.593915,Low
-70.55926,-33.59429333,Low
-70.559035,-33.59465833,Low
-70.55886333,-33.59494,Low
-70.55867833,-33.595275,Low
-70.55850667,-33.59557333,Low
-70.558315,-33.59590167,Low
-70.55811667,-33.59621167,Low
-70.55789667,-33.59650167,Low
-70.55755,-33.59650667,Low
-70.557165,-33.596485,Low
-70.55665333,-33.59647667,Low
-70.55620167,-33.59642,Low
-70.555835,-33.59637667,Low
-70.55541,-33.596365,Low
-70.555055,-33.59628667,Low
-70.55458833,-33.59621333,Low
-70.55402167,-33.59616833,Low
-70.55345333,-33.59609667,Low
-70.55290667,-33.596035,Low
-70.55242667,-33.59594667,Low
-70.5519,-33.595875,Low
-70.55143833,-33.59583,Low
-70.55097833,-33.59577167,Low
-70.55056333,-33.595725,Low
-70.55018667,-33.59571,Low
-70.54971167,-33.59562333,Low
-70.54929333,-33.5956,Low
-70.54891667,-33.59556167,Low
-70.54849833,-33.595495,Low
-70.548005,-33.59543,Low
-70.54756333,-33.59538333,Low
-70.54717667,-33.59534167,Low
-70.54676833,-33.59529,Low
-70.54639333,-33.59524,Low
-70.54605333,-33.595195,Low
-70.54568167,-33.59505667,Low
-70.54537333,-33.59474167,Low
-70.54511,-33.59442833,Low
-70.54490167,-33.594155,Low
-70.544685,-33.59389833,Low
-70.54447833,-33.59365333,Low
-70.54427833,-33.59339167,Low
-70.54399833,-33.59306833,Low
-70.54368833,-33.59271167,Low
-70.543365,-33.592365,Low
-70.543085,-33.59201667,Low
-70.54285667,-33.591735,Low
-70.54257833,-33.591485,Low
-70.542235,-33.59136,Low
-70.54186333,-33.59133333,Low
-70.54113167,-33.59140167,Low
-70.54067833,-33.59129833,Low
-70.54039333,-33.59153833,Low
-70.540085,-33.59179833,Low
-70.53978333,-33.59219167,Low
-70.53949333,-33.59259667,Low
-70.53918,-33.59301833,Low
-70.53890167,-33.59339833,Low
-70.538675,-33.59371667,Low
-70.53839667,-33.59406167,Low
-70.538165,-33.59435667,Low
-70.53787833,-33.59464,Low
-70.537445,-33.59496833,Low
-70.53699167,-33.59523333,Low
-70.53648,-33.59545333,Low
-70.53599667,-33.59569333,Low
-70.53548167,-33.59595833,Low
-70.534905,-33.59622667,Low
-70.53431333,-33.59650833,Low
-70.53372167,-33.59679167,Low
-70.53316,-33.59709667,Low
-70.532635,-33.59740833,Low
-70.532135,-33.59775167,Low
-70.53167667,-33.598115,Low
-70.53124667,-33.59843167,Low
-70.53105667,-33.59872667,Low
-70.53101,-33.59902333,Low
-70.53115333,-33.59939833,Low
-70.53127833,-33.59963333,Low
-70.53142,-33.59990333,Low
-70.53157167,-33.6002,Low
-70.53173167,-33.60054167,Low
-70.53194333,-33.600895,Low
-70.53217833,-33.60125,Low
-70.53239333,-33.60163833,Low
-70.53262167,-33.602025,Low
-70.53281333,-33.60239,Low
-70.53293667,-33.60265667,Low
-70.53307333,-33.60300833,Low
-70.53321167,-33.60339,Low
-70.53330333,-33.60369167,Low
-70.533395,-33.603975,Low
-70.53352,-33.60430833,Low
-70.53362833,-33.60464333,Low
-70.53375667,-33.60498667,Low
-70.534005,-33.60532833,Low
-70.53415,-33.60558833,Low
-70.534285,-33.60587167,Low
-70.53443667,-33.60615333,Low
-70.534655,-33.60641167,Low
-70.53500833,-33.606595,Low
-70.53543333,-33.60677167,Low
-70.53583667,-33.60691333,Low
-70.53627333,-33.60704833,Low
-70.53671333,-33.60725,Low
-70.53710167,-33.6075,Low
-70.53742833,-33.60773667,Low
-70.53767833,-33.60791333,Low
-70.53801333,-33.60816,Low
-70.53826,-33.60833667,Low
-70.53857333,-33.60855,Low
-70.53883333,-33.608725,Low
-70.53912,-33.60892333,Low
-70.53946333,-33.60915167,Low
-70.5398,-33.609405,Low
-70.54020167,-33.60964333,Low
-70.54055,-33.60989667,Low
-70.54088667,-33.61012333,Low
-70.54118167,-33.61031667,Low
-70.54146833,-33.610505,Low
-70.54176,-33.61074,Low
-70.54201,-33.61090833,Low
-70.542275,-33.61111,Low
-70.54255,-33.61129167,Low
-70.542865,-33.61137833,Low
-70.54322667,-33.61134,Low
-70.54362333,-33.611275,Low
-70.54412833,-33.61118333,Low
-70.54462833,-33.61107667,Low
-70.54504667,-33.610995,Low
-70.54541667,-33.610915,Low
-70.545925,-33.610825,Low
-70.54652167,-33.61070167,Low
-70.54708333,-33.61056833,Low
-70.54756167,-33.61045333,Low
-70.54792167,-33.61040167,Low
-70.54832,-33.61031667,Low
-70.54881833,-33.61018667,Low
-70.54925167,-33.61010333,Low
-70.54960833,-33.61001667,Low
-70.55010333,-33.60992,Low
-70.55065333,-33.60982667,Low
-70.55127667,-33.60984667,Low
-70.55193833,-33.60988833,Low
-70.552595,-33.60991167,Low
-70.55323,-33.60993333,Low
-70.55384333,-33.60994833,Low
-70.55422167,-33.609975,Low
-70.55462167,-33.60997667,Low
-70.555,-33.60999,Low
-70.55544333,-33.61000167,Low
-70.55599667,-33.61002167,Low
-70.556565,-33.61003167,Low
-70.55712333,-33.610055,Low
-70.55767833,-33.61008167,Low
-70.55809333,-33.61009667,Low
-70.55839667,-33.610095,Low
-70.55884833,-33.61016667,Low
-70.55937,-33.61027333,Low
-70.55998,-33.61039667,Low
-70.560565,-33.61049833,Low
-70.561085,-33.61062333,Low
-70.56165167,-33.61074333,Low
-70.562225,-33.61084833,Low
-70.56271,-33.61095333,Low
-70.56304667,-33.61102333,Low
-70.56346333,-33.61109167,Low
-70.56391333,-33.61117333,Low
-70.564355,-33.61126,Low
-70.56481333,-33.61135333,Low
-70.565325,-33.61143833,Low
-70.56576333,-33.611505,Low
-70.566175,-33.61156167,Low
-70.56665,-33.61163167,Low
-70.56715333,-33.611715,Low
-70.56761167,-33.61176667,Low
-70.56799833,-33.61182833,Low
-70.56839333,-33.61188833,Low
-70.56881167,-33.61225667,Low
-70.56873833,-33.61258833,Low
-70.568625,-33.613025,Low
-70.56855667,-33.61345333,Low
-70.56846,-33.61383833,Low
-70.568365,-33.61426167,Low
-70.56828167,-33.61466667,Low
-70.56818333,-33.61502167,Low
-70.568135,-33.61529333,Low
-70.56835667,-33.61543,Low
-70.56873,-33.61548,Low
-70.56913,-33.61554,Low
-70.56950167,-33.61559167,Low
-70.56985667,-33.615635,Low
-70.57028167,-33.61569667,Low
-70.570685,-33.61576833,Low
-70.57102,-33.61581167,Low
-70.57149,-33.61586,Low
-70.571815,-33.61589667,Low
-70.57221167,-33.615965,Low
-70.57250833,-33.61600833,Low
-70.57286833,-33.616055,Low
-70.57327833,-33.61609333,Low
-70.57372,-33.61616333,Low
-70.57414,-33.61623667,Low
-70.574575,-33.61628167,Low
-70.57488833,-33.61631667,Low
-70.57525333,-33.61636,Low
-70.57587167,-33.616425,Low
-70.576255,-33.61648,Low
-70.57665667,-33.616545,Low
-70.57703,-33.61659667,Low
-70.57744,-33.61666167,Low
-70.577845,-33.61671667,Low
-70.57828833,-33.616805,Low
-70.578765,-33.61688167,Low
-70.57927167,-33.61694,Low
-70.5798,-33.61700833,Low
-70.58030333,-33.61708667,Low
-70.58079833,-33.617185,Low
-70.58126333,-33.61727,Low
-70.58162667,-33.617295,Low
-70.58203167,-33.61735667,Low
-70.58247833,-33.61741833,Low
-70.58293,-33.617485,Low
-70.583385,-33.61753667,Low
-70.58379,-33.61760833,Low
-70.584225,-33.61767333,Low
-70.58460333,-33.617735,Low
-70.58508667,-33.61780333,Low
-70.58557833,-33.61787667,Low
-70.58610833,-33.617965,Low
-70.58667,-33.61805,Low
-70.58720167,-33.61813167,Low
-70.58765333,-33.61821,Low
-70.58805333,-33.61822333,Low
-70.588435,-33.61826667,Low
-70.58876333,-33.61830333,Low
-70.58914667,-33.61834833,Low
-70.58957667,-33.61842333,Low
-70.59004333,-33.61848667,Low
-70.59044167,-33.618125,Low
-70.59046833,-33.617745,Low
-70.59051,-33.61734167,Low
-70.59054333,-33.61702333,Low
-70.59055,-33.616725,Low
-70.59060167,-33.616225,Low
-70.59063,-33.61589333,Low
-70.59065333,-33.615505,Low
-70.59068333,-33.61516333,Low
-70.59071167,-33.61490667,Low
-70.59040667,-33.61444833,Low
-70.590105,-33.61444,Low
-70.58978333,-33.61444333,Low
-70.58896167,-33.61443333,Low
-70.58905833,-33.61438833,Low
-70.59084167,-33.61409667,Low
-70.590915,-33.61374333,Low
-70.59098833,-33.613335,Low
-70.59107333,-33.61293167,Low
-70.59113333,-33.61260667,Low
-70.59119833,-33.61232833,Low
-70.59129,-33.611905,Low
-70.59137833,-33.61143,Low
-70.59150333,-33.61094,Low
-70.59158,-33.61042833,Low
-70.59169833,-33.609985,Low
-70.59174833,-33.609585,Low
-70.59181,-33.60920833,Low
-70.59188333,-33.60889667,Low
-70.59197333,-33.60855167,Low
-70.59204667,-33.60821333,Low
-70.59213,-33.60786167,Low
-70.59218833,-33.60747,Low
-70.59230167,-33.607065,Low
-70.59235333,-33.60668833,Low
-70.59240833,-33.606305,Low
-70.59250667,-33.60590333,Low
-70.59258833,-33.60550333,Low
-70.59267,-33.60511667,Low
-70.59274333,-33.60479667,Low
-70.59280833,-33.60443333,Low
-70.59294167,-33.60399,Low
-70.593135,-33.60356333,Low
-70.59331333,-33.60313667,Low
-70.593515,-33.602755,Low
-70.59367,-33.60245,Low
-70.59379833,-33.60217,Low
-70.59392667,-33.60180167,Low
-70.59402333,-33.60139167,Low
-70.59412667,-33.60094667,Low
-70.594195,-33.60056,Low
-70.59424667,-33.60020667,Low
-70.59428333,-33.59981667,Low
-70.594355,-33.59936333,Low
-70.59445333,-33.5989,Low
-70.59451333,-33.59854,Low
-70.59457667,-33.59819167,Low
-70.59463833,-33.59779,Low
-70.59472667,-33.597355,Low
-70.59481,-33.59697667,Low
-70.59486333,-33.59656167,Low
-70.59491167,-33.59614667,Low
-70.59502,-33.59578,Low
-70.59511,-33.595325,Low
-70.59519833,-33.59486167,Low
-70.59528167,-33.59441167,Low
-70.59536167,-33.59394167,Low
-70.59542167,-33.59359333,Low
-70.59547333,-33.59328667,Low
-70.595535,-33.59292833,Low
-70.59560333,-33.59253167,Low
-70.59567333,-33.592215,Low
-70.59574333,-33.59188333,Low
-70.59581833,-33.59143833,Low
-70.59592167,-33.59095667,Low
-70.59597667,-33.59051667,Low
-70.59602167,-33.59011167,Low
-70.59613,-33.58965167,Low
-70.59623167,-33.58919667,Low
-70.59628333,-33.58877333,Low
-70.59634167,-33.58839333,Low
-70.59640167,-33.58806833,Low
-70.59648333,-33.58747,Low
-70.596565,-33.58708,Low
-70.59663667,-33.58663,Low
-70.59672,-33.586185,Low
-70.59678667,-33.58579,Low
-70.59685667,-33.585395,Low
-70.59693667,-33.58504,Low
-70.59698667,-33.584715,Low
-70.59705333,-33.58424833,Low
-70.59714,-33.583775,Low
-70.59720667,-33.583325,Low
-70.59729333,-33.58289667,Low
-70.59734833,-33.58252833,Low
-70.59726667,-33.58221167,Low
-70.59729167,-33.58187833,Low
-70.59700167,-33.58140833,Low
-70.596525,-33.581345,Low
-70.595975,-33.58128833,Low
-70.59542667,-33.58121333,Low
-70.59487,-33.58115333,Low
-70.594355,-33.581085,Low
-70.59379167,-33.58101333,Low
-70.5933,-33.58091667,Low
-70.59291833,-33.580875,Low
-70.59242833,-33.58078833,Low
-70.59196,-33.58072333,Low
-70.59141833,-33.58064333,Low
-70.59092667,-33.58056333,Low
-70.59054333,-33.58052,Low
-70.59007333,-33.58045,Low
-70.58963,-33.58038667,Low
-70.58929,-33.580345,Low
-70.58890833,-33.58029167,Low
-70.58839833,-33.58020833,Low
-70.58781333,-33.58011167,Low
-70.58705333,-33.580015,Low
-70.58649833,-33.57997167,Low
-70.58587333,-33.57989167,Low
-70.58524833,-33.57980667,Low
-70.58465167,-33.57973667,Low
-70.58406667,-33.57965667,Low
-70.58354,-33.57958833,Medium
-70.58312333,-33.57954667,Medium
-70.5828,-33.57954167,Low
-70.58240167,-33.57947,Low
-70.58189833,-33.57993,Low
-70.58183167,-33.58027333,Low
-70.58176333,-33.58059833,Low
-70.58184167,-33.58087667,Low
-70.58995583,-33.6144275,Low
-70.5887825,-33.614415,Low
-70.58203222,-33.57950111,Low
-70.580475,-33.587165,Low
-70.58039667,-33.58746167,Low
-70.58031833,-33.58780167,Low
-70.580235,-33.58818167,Low
-70.58016167,-33.58849667,Low
-70.58011833,-33.58876667,Low
-70.58009167,-33.58909167,Low
-70.58003,-33.58949667,Low
-70.579955,-33.58991333,Low
-70.57986667,-33.59036167,Low
-70.579735,-33.59079667,Low
-70.57963667,-33.59124833,Low
-70.57955,-33.591645,Low
-70.57949667,-33.59194,Low
-70.57941667,-33.59243667,Low
-70.57933333,-33.59279333,Low
-70.579265,-33.593225,Low
-70.57918833,-33.59363667,Low
-70.57908333,-33.59408333,Low
-70.579,-33.59452167,Low
-70.57893,-33.59497333,Low
-70.578815,-33.59545333,Low
-70.57868333,-33.59595,Low
-70.57860167,-33.59643167,Low
-70.57851667,-33.59689833,Low
-70.578415,-33.59722333,Low
-70.57833167,-33.59756333,Low
-70.57826,-33.59784333,Low
-70.57816833,-33.59810667,Low
-70.577675,-33.598075,Low
-70.57717333,-33.598035,Low
-70.57667,-33.59795,Low
-70.57609167,-33.59791833,Low
-70.57552167,-33.59787333,Low
-70.57503167,-33.59782,Low
-70.57465333,-33.59779,Low
-70.57430833,-33.59776167,Low
-70.57387667,-33.59772,Low
-70.57332,-33.59768,Low
-70.572785,-33.59764833,Low
-70.572345,-33.597585,Low
-70.57185333,-33.597555,Low
-70.571385,-33.597505,Low
-70.57093667,-33.59747167,Low
-70.57055667,-33.59744167,Low
-70.57023167,-33.59740833,Medium
-70.56984667,-33.59736667,Medium
-70.56941833,-33.59734,Medium
-70.56903167,-33.59730333,Medium
-70.5687,-33.59727333,Medium
-70.56834,-33.597245,Medium
-70.56794667,-33.59720667,Medium
-70.56751333,-33.597165,Low
-70.56711667,-33.59713333,Low
-70.566225,-33.59677667,Low
-70.56632833,-33.59644,Low
-70.56647333,-33.59602667,Low
-70.56657333,-33.59555833,Low
-70.56669833,-33.59510333,Low
-70.56667667,-33.594685,Low
-70.56661167,-33.59423833,Low
-70.56654333,-33.59379333,Low
-70.56647,-33.59338667,Low
-70.56641167,-33.59307667,Low
-70.56622833,-33.59283667,Low
-70.56585333,-33.59281833,Low
-70.56539,-33.5928,Low
-70.56488833,-33.59276333,Low
-70.56438333,-33.59273,Low
-70.56385,-33.59268833,Low
-70.563355,-33.59263667,Low
-70.56298333,-33.59262333,Low
-70.562625,-33.59260667,Low
-70.56221,-33.59258167,Low
-70.56179,-33.59256333,Low
-70.56134,-33.59253,Low
-70.56094333,-33.59249667,Low
-70.56056667,-33.59249,Low
-70.56023833,-33.59274333,Low
-70.560055,-33.59302833,Low
-70.55983167,-33.59335667,Low
-70.55962,-33.59373167,Low
-70.55937667,-33.59411,Low
-70.55915167,-33.594485,Low
-70.55894,-33.59481,Low
-70.558755,-33.59513833,Low
-70.55859833,-33.59541833,Low
-70.55841333,-33.59573167,Low
-70.5582,-33.59605667,Low
-70.55804,-33.59634333,Low
-70.557715,-33.59652333,Low
-70.55737,-33.59649333,Low
-70.5569,-33.59649,Low
-70.55642833,-33.59645,Low
-70.55602833,-33.59638667,Low
-70.5557,-33.59637167,Low
-70.55524,-33.596335,Low
-70.55482667,-33.59624333,Low
-70.55431333,-33.59619667,Low
-70.55373833,-33.596135,Low
-70.55317,-33.59607,Low
-70.55265833,-33.59600167,Low
-70.552165,-33.59590167,Low
-70.551655,-33.59585333,Low
-70.55119667,-33.595815,Low
-70.55081333,-33.59573667,Low
-70.55037833,-33.59571333,Low
-70.549965,-33.59568333,Low
-70.54948,-33.59561,Low
-70.54909667,-33.59558667,Low
-70.54871667,-33.595535,Low
-70.548255,-33.59545167,Low
-70.54776833,-33.5954,Low
-70.54736667,-33.59536667,Low
-70.546965,-33.59531833,Low
-70.54658667,-33.59526333,Low
-70.54622667,-33.59521833,Low
-70.54583167,-33.59514,Low
-70.54554167,-33.59491833,Low
-70.54522667,-33.59457,Low
-70.545005,-33.59427667,Low
-70.54479667,-33.59402833,Low
-70.54457333,-33.59376833,Low
-70.54439,-33.59353,Low
-70.54415,-33.59323,Low
-70.543845,-33.59289,Low
-70.54352667,-33.59254,Low
-70.54323,-33.59217667,Low
-70.54294833,-33.59185833,Low
-70.54275667,-33.59161,Low
-70.54242333,-33.59141667,Low
-70.54204167,-33.59133167,Low
-70.541345,-33.5914,Low
-70.54092667,-33.59135833,Low
-70.54051,-33.59142667,Low
-70.54025,-33.591655,Low
-70.53994667,-33.59199,Low
-70.53963833,-33.59237833,Low
-70.53934667,-33.59281167,Low
-70.53904333,-33.59320833,Low
-70.53878333,-33.59356833,Low
-70.53851667,-33.59390667,Low
-70.53826667,-33.59423,Low
-70.53804667,-33.59448833,Low
-70.53771,-33.594805,Low
-70.53723333,-33.59510167,Low
-70.53675333,-33.59535667,Low
-70.53624333,-33.59557,Low
-70.53574,-33.59582833,Low
-70.53517667,-33.59610167,Low
-70.534615,-33.596355,Low
-70.53401667,-33.59664167,Low
-70.53344667,-33.59692333,Low
-70.53291333,-33.59725667,Low
-70.53239,-33.597575,Low
-70.53189833,-33.59793667,Low
-70.531435,-33.59828667,Low
-70.53112833,-33.59859667,Low
-70.53100833,-33.59887333,Low
-70.53105333,-33.599205,Low
-70.53121,-33.59951167,Low
-70.53134833,-33.599765,Low
-70.53149167,-33.60004333,Low
-70.53166,-33.60036667,Low
-70.53183333,-33.600715,Low
-70.53207167,-33.60105833,Low
-70.53229667,-33.60144667,Low
-70.53252833,-33.60182833,Low
-70.53271833,-33.60220833,Low
-70.532885,-33.60254167,Low
-70.532995,-33.60281667,Low
-70.533145,-33.60320167,Low
-70.533265,-33.603565,Low
-70.533345,-33.60382667,Low
-70.53345667,-33.60413667,Low
-70.533575,-33.60445833,Low
-70.533685,-33.60483,Low
-70.53387333,-33.60515333,Low
-70.53408167,-33.605455,Low
-70.53421833,-33.60572833,Low
-70.53435667,-33.60601333,Low
-70.53453167,-33.606295,Low
-70.53480833,-33.60651167,Low
-70.53524167,-33.60667667,Low
-70.535625,-33.60684667,Low
-70.53604,-33.60698,Low
-70.53651,-33.60715167,Low
-70.536925,-33.607375,Low
-70.53727833,-33.607625,Low
-70.53756833,-33.60783333,Low
-70.53786833,-33.60806,Low
-70.53812833,-33.60824167,Low
-70.53845833,-33.608475,Low
-70.53870167,-33.60863667,Low
-70.538975,-33.60882333,Low
-70.53928167,-33.60904833,Low
-70.53963,-33.60927667,Low
-70.539995,-33.60951667,Low
-70.54036,-33.60977667,Low
-70.54071333,-33.61002167,Low
-70.54104333,-33.61022667,Low
-70.541305,-33.61038833,Low
-70.54161667,-33.61062,Low
-70.54187833,-33.61082,Low
-70.54214333,-33.61100833,Low
-70.54242,-33.611205,Low
-70.54269667,-33.61135667,Low
-70.543045,-33.61136833,Low
-70.54341667,-33.61130667,Low
-70.54386833,-33.61123333,Low
-70.54438833,-33.61113333,Low
-70.54483667,-33.611035,Low
-70.54521333,-33.61096,Low
-70.54564,-33.61088167,Low
-70.54622667,-33.61077,Low
-70.54679833,-33.61064167,Low
-70.54735333,-33.61050333,Low
-70.54771667,-33.61043667,Low
-70.54811167,-33.61036333,Low
-70.54857833,-33.61025667,Low
-70.54902667,-33.61015,Low
-70.54942,-33.61006333,Low
-70.54983667,-33.609975,Low
-70.55037833,-33.60986667,Low
-70.55095833,-33.60983,Low
-70.55159833,-33.60987667,Low
-70.55227167,-33.60989833,Low
-70.55291333,-33.60993167,Low
-70.55354833,-33.60993833,Low
-70.55404833,-33.60996,Low
-70.55443833,-33.60997667,Low
-70.554815,-33.60998167,Low
-70.55520833,-33.60999833,Low
-70.555715,-33.61,Low
-70.55628667,-33.61002167,Low
-70.55684333,-33.61004167,Low
-70.55740833,-33.61007167,Low
-70.55791667,-33.61008833,Low
-70.55822167,-33.61009333,Low
-70.55859833,-33.610115,Low
-70.55910333,-33.610215,Low
-70.559675,-33.61032833,Low
-70.56027333,-33.61045333,Low
-70.56081833,-33.61055167,Low
-70.561355,-33.61068333,Low
-70.56194167,-33.61080333,Low
-70.56247167,-33.61091,Low
-70.56288333,-33.61098667,Low
-70.563245,-33.611055,Low
-70.56372333,-33.611135,Low
-70.564125,-33.61121167,Low
-70.56458833,-33.611315,Low
-70.56507833,-33.61139333,Low
-70.56555,-33.61147333,Low
-70.56595833,-33.61153167,Low
-70.56640333,-33.61159333,Low
-70.566915,-33.61167333,Low
-70.56739167,-33.61175,Low
-70.56779667,-33.61179,Low
-70.56820833,-33.61186,Low
-70.56884833,-33.61207,Low
-70.56877667,-33.61241667,Low
-70.56868,-33.61279,Low
-70.568595,-33.61324667,Low
-70.56849167,-33.61363167,Low
-70.56841167,-33.61405667,Low
-70.56832833,-33.61447167,Low
-70.56823333,-33.61485333,Low
-70.56815833,-33.61516,Low
-70.56817833,-33.61539833,Low
-70.56853833,-33.61545333,Low
-70.568935,-33.61550833,Low
-70.56929333,-33.615565,Low
-70.56966667,-33.61561167,Low
-70.570065,-33.61566,Low
-70.57048167,-33.61574167,Low
-70.57086667,-33.61579167,Low
-70.57126333,-33.61583667,Low
-70.57165333,-33.61587833,Low
-70.57201333,-33.615925,Low
-70.572355,-33.61598667,Low
-70.5727,-33.616035,Low
-70.57306667,-33.61607,Low
-70.57350833,-33.61614,Low
-70.57392667,-33.61620167,Low
-70.574345,-33.61625333,Low
-70.57471667,-33.61629667,Low
-70.57507833,-33.61634,Low
-70.575625,-33.616395,Low
-70.57605833,-33.61644833,Low
-70.57646333,-33.61651167,Low
-70.57684167,-33.61656833,Low
-70.57723333,-33.61663,Low
-70.57764667,-33.61668833,Low
-70.57805,-33.61674667,Low
-70.57851,-33.61683333,Low
-70.57901667,-33.616925,Low
-70.579515,-33.61696833,Low
-70.58005333,-33.61706,Low
-70.58055667,-33.61714167,Low
-70.581045,-33.61724,Low
-70.58143667,-33.61728333,Low
-70.58181833,-33.61732667,Low
-70.58225333,-33.61739167,Low
-70.58268833,-33.61744667,Low
-70.58314667,-33.61751833,Low
-70.58358333,-33.61757333,Low
-70.583965,-33.61763333,Low
-70.58440333,-33.61770167,Low
-70.58485333,-33.61775833,Low
-70.58531833,-33.61784,Low
-70.58584167,-33.61791833,Low
-70.58638833,-33.61800167,Low
-70.58694333,-33.61809,Low
-70.58743833,-33.618175,Low
-70.587805,-33.61821667,Low
-70.58823667,-33.618245,Low
-70.58862333,-33.61829,Low
-70.58896667,-33.618325,Low
-70.58935167,-33.61838333,Low
-70.58981667,-33.618465,Low
-70.59043333,-33.61828667,Low
-70.59045667,-33.61794667,Low
-70.59048667,-33.61754,Low
-70.59053167,-33.61717333,Low
-70.590545,-33.61689,Low
-70.59059,-33.61637167,Low
-70.59061667,-33.61606667,Low
-70.59062167,-33.61569833,Low
-70.59068167,-33.61532167,Low
-70.59069333,-33.61502167,Low
-70.590725,-33.6148,Low
-70.58921,-33.61443833,Low
-70.59050167,-33.61439833,Low
-70.59079333,-33.61429333,Low
-70.59087833,-33.613925,Low
-70.59095,-33.61356167,Low
-70.59104167,-33.61311333,Low
-70.59109667,-33.61276667,Low
-70.59116,-33.61248333,Low
-70.59124167,-33.61212833,Low
-70.59133167,-33.61165667,Low
-70.59143333,-33.61116667,Low
-70.591545,-33.610675,Low
-70.59162833,-33.610215,Low
-70.591735,-33.609775,Low
-70.59176333,-33.60939167,Low
-70.59184333,-33.60908,Low
-70.59193667,-33.60870333,Low
-70.59201167,-33.608385,Low
-70.59207833,-33.608025,Low
-70.59215667,-33.60767833,Low
-70.59224667,-33.60728,Low
-70.59231167,-33.60687167,Low
-70.59236833,-33.60650667,Low
-70.59245167,-33.60611333,Low
-70.59253833,-33.605715,Low
-70.59263333,-33.605305,Low
-70.59270333,-33.60495333,Low
-70.59277333,-33.60462667,Low
-70.592865,-33.60422,Low
-70.59302667,-33.60377333,Low
-70.593215,-33.60332833,Low
-70.59342167,-33.60292667,Low
-70.59360333,-33.60257833,Low
-70.59373833,-33.60232333,Low
-70.59386833,-33.60199833,Low
-70.59395667,-33.60158833,Low
-70.59406833,-33.60116,Low
-70.59417667,-33.60073333,Low
-70.59422,-33.60037833,Low
-70.594265,-33.60002333,Low
-70.59432333,-33.59958667,Low
-70.59440833,-33.59912833,Low
-70.59448667,-33.59871167,Low
-70.594545,-33.59835333,Low
-70.594605,-33.59801333,Low
-70.594685,-33.597595,Low
-70.59476,-33.59713833,Low
-70.59482333,-33.59676,Low
-70.59489,-33.59635,Low
-70.59494667,-33.59595667,Low
-70.59506,-33.59553833,Low
-70.595155,-33.595105,Low
-70.59522333,-33.59461167,Low
-70.595315,-33.59416833,Low
-70.595395,-33.593775,Low
-70.595445,-33.59345167,Low
-70.59550167,-33.59311333,Low
-70.59556833,-33.59272333,Low
-70.59563667,-33.59237,Low
-70.59570667,-33.59206333,Low
-70.59577667,-33.59166167,Low
-70.59586833,-33.59119167,Low
-70.59594833,-33.59073667,Low
-70.595985,-33.59030167,Low
-70.59608833,-33.589885,Low
-70.59618,-33.58942333,Low
-70.59626,-33.58898,Low
-70.59631,-33.588575,Low
-70.596375,-33.58822,Low
-70.596465,-33.58762833,Low
-70.59651833,-33.587295,Low
-70.59660167,-33.58685167,Low
-70.59666833,-33.58641667,Low
-70.59674167,-33.58598,Low
-70.596825,-33.58559667,Low
-70.59691,-33.58519333,Low
-70.596955,-33.58489667,Low
-70.59702333,-33.58449667,Low
-70.59709667,-33.584025,Low
-70.59716167,-33.58355333,Low
-70.59727333,-33.58311333,Low
-70.597325,-33.58270167,Low
-70.59731167,-33.58237167,Low
-70.59726667,-33.58204,Low
-70.59732333,-33.58173833,Low
-70.59718667,-33.58143167,Low
-70.59678833,-33.58138,Low
-70.59624167,-33.58131667,Low
-70.59569,-33.58124667,Low
-70.595145,-33.58118333,Low
-70.59461,-33.58108333,Low
-70.59407333,-33.58104667,Low
-70.59354167,-33.58097167,Low
-70.59308167,-33.58091,Low
-70.592205,-33.58075167,Low
-70.59170333,-33.58067833,Low
-70.591165,-33.58060667,Low
-70.590715,-33.580535,Low
-70.590345,-33.580495,Low
-70.58988667,-33.58042167,Low
-70.58946167,-33.58036833,Low
-70.58910667,-33.58032,Low
-70.58867833,-33.58024,Low
-70.58809333,-33.58017667,Low
-70.58726833,-33.58004833,Low
-70.58677833,-33.58004333,Low
-70.586195,-33.57993167,Low
-70.58556167,-33.57984667,Low
-70.58493667,-33.57979333,Low
-70.58436667,-33.57967333,Low
-70.58379,-33.57961667,Medium
-70.58331,-33.57955833,Medium
-70.58296833,-33.57955667,Low
-70.58260667,-33.57951167,Low
-70.58223,-33.57945,Low
-70.58194333,-33.57973333,Low
-70.58186667,-33.58009667,Low
-70.58179167,-33.58045,Low
-70.58176,-33.58069333,Low
-70.56879833,-33.61194667,Low
-70.58940167,-33.61458167,Low
-70.582085,-33.57945833,Low
-70.58198333,-33.57954833,Low
-70.55845917,-33.51808181,Medium
-70.5500725,-33.52907083,Low
-70.55566639,-33.5358825,Medium
-70.55703042,-33.53611667,High
-70.55726632,-33.53607799,High
-70.55749725,-33.53597592,High
-70.55775958,-33.53588083,High
-70.55791792,-33.53584333,High
-70.55809333,-33.53577667,High
-70.55826167,-33.53573625,High
-70.55847583,-33.53564375,High
-70.56487042,-33.55188833,Medium
-70.56100174,-33.55638021,Medium
-70.56878917,-33.569015,Medium
-70.56887583,-33.56867667,Medium
-70.5689525,-33.56832667,Medium
-70.56900667,-33.56806229,Medium
-70.57166625,-33.56984792,Medium
-70.572215,-33.56855278,Medium
-70.58325708,-33.56936083,Low
-70.58572819,-33.55749861,Medium
-70.58634843,-33.55358383,Medium
-70.58140846,-33.55314257,Medium
-70.58290833,-33.55049833,Medium
-70.58284972,-33.54769094,Medium
-70.58278333,-33.543985,Medium
-70.58427417,-33.54153958,Medium
-70.58533925,-33.54013167,Medium
-70.59009208,-33.53008021,Medium
-70.59008292,-33.52962833,Medium
-70.59012833,-33.52946792,Medium
-70.59011042,-33.529355,Medium
-70.59019792,-33.52920542,Medium
-70.5880275,-33.52837417,Medium
-70.58884067,-33.52649767,Medium
-70.58994688,-33.5228425,Medium
-70.57921792,-33.52255667,Medium
-70.56966708,-33.52242333,Medium
-70.56915333,-33.51903167,Medium
-70.56911667,-33.51867833,Medium
-70.56909333,-33.51833333,Medium
-70.568985,-33.51808833,Medium
-70.56857,-33.51810833,Medium
-70.56808,-33.51811833,Medium
-70.56759167,-33.51812167,Medium
-70.56709167,-33.518115,Medium
-70.56669333,-33.51811333,Medium
-70.56635,-33.51812667,Medium
-70.56594667,-33.518175,Medium
-70.56552,-33.518225,Medium
-70.56513,-33.51829333,Medium
-70.56480833,-33.518375,Medium
-70.56436,-33.51841,Medium
-70.56395333,-33.51841333,Medium
-70.56349333,-33.51836,Medium
-70.56306,-33.51826,Medium
-70.56263333,-33.518195,Medium
-70.56217667,-33.51819167,Medium
-70.56174667,-33.518185,Medium
-70.56133667,-33.51818167,Medium
-70.56091,-33.51817667,Medium
-70.56039833,-33.51817,Medium
-70.55985833,-33.518175,Medium
-70.55933833,-33.518165,Medium
-70.55888,-33.51814667,Medium
-70.558115,-33.51804167,Medium
-70.55774,-33.51798667,Medium
-70.55725833,-33.51791,Medium
-70.55674,-33.51781333,Medium
-70.55620667,-33.51770833,Medium
-70.55568667,-33.51759667,Low
-70.55522333,-33.517435,Low
-70.55488667,-33.51731167,Low
-70.55454667,-33.51721167,Low
-70.55410667,-33.51710833,Low
-70.55362333,-33.51699833,Low
-70.55320333,-33.51690167,Low
-70.55281167,-33.51680667,Medium
-70.55239167,-33.51670333,Medium
-70.551955,-33.51659167,Medium
-70.55157333,-33.51650333,Medium
-70.55117833,-33.51640667,Medium
-70.550775,-33.51631667,Low
-70.55048833,-33.51619833,Low
-70.550255,-33.51592333,Low
-70.55006833,-33.51553667,Low
-70.55000167,-33.51511,Low
-70.549965,-33.51474167,Low
-70.54972833,-33.514605,Medium
-70.549265,-33.51459333,Medium
-70.54879833,-33.51454667,Low
-70.54871333,-33.51472167,Low
-70.54872,-33.51501333,Low
-70.54877333,-33.51530333,Low
-70.54880333,-33.51563833,Low
-70.54883333,-33.51603333,Low
-70.54886,-33.51648333,Low
-70.54887,-33.51686667,Low
-70.54888333,-33.51725,Low
-70.54890667,-33.51760833,Low
-70.54891833,-33.51790667,Low
-70.54891167,-33.51833833,Low
-70.54891667,-33.51879167,Low
-70.54889667,-33.519205,Low
-70.54880333,-33.519525,Low
-70.54869833,-33.51983667,Low
-70.5487,-33.52017,Low
-70.548705,-33.52047,Low
-70.54873,-33.52086167,Low
-70.54876667,-33.52126833,Low
-70.548835,-33.52166333,Low
-70.54887833,-33.52204333,Low
-70.548955,-33.52230667,Low
-70.54901667,-33.52268333,Low
-70.549075,-33.52310667,Low
-70.54915333,-33.52351833,Low
-70.549225,-33.52397667,Low
-70.54931333,-33.52436167,Low
-70.54938,-33.52470667,Low
-70.549445,-33.52508833,Low
-70.54950667,-33.52544333,Low
-70.549575,-33.52581167,Low
-70.54962,-33.526225,Low
-70.54967333,-33.52666,Low
-70.54971,-33.52702833,Low
-70.54973333,-33.52740167,Low
-70.54975833,-33.52779667,Low
-70.549785,-33.52817667,Low
-70.54990333,-33.528505,Low
-70.55004,-33.52882167,Low
-70.55001833,-33.52917333,Low
-70.54958833,-33.52917333,Low
-70.54904667,-33.529185,Low
-70.54854833,-33.52916833,Low
-70.54797667,-33.52917167,Low
-70.54749167,-33.52919833,Low
-70.54705833,-33.52923,Low
-70.546655,-33.52925333,Low
-70.54629667,-33.529265,Low
-70.54623,-33.52958667,Low
-70.546335,-33.53001,Low
-70.54640333,-33.53039167,Low
-70.54643167,-33.53076167,Low
-70.546445,-33.531155,Low
-70.54646667,-33.53148167,Low
-70.54650167,-33.531805,Low
-70.546545,-33.53218,Low
-70.54655833,-33.532565,Low
-70.54659333,-33.532905,Low
-70.546605,-33.53327,Low
-70.54658,-33.53366167,Low
-70.54647,-33.53406667,Low
-70.54633667,-33.534445,Low
-70.546205,-33.5348,Low
-70.54611333,-33.53508667,Low
-70.54606667,-33.53535833,Low
-70.54651667,-33.535365,Low
-70.54701833,-33.535315,Low
-70.54736667,-33.53529333,Low
-70.547805,-33.53525333,Low
-70.54830667,-33.53522333,Low
-70.54873667,-33.53521667,Low
-70.54908833,-33.535195,Low
-70.54952667,-33.53518,Low
-70.55008167,-33.53516167,Medium
-70.55050667,-33.53511667,Medium
-70.550885,-33.53508167,Low
-70.55129167,-33.53505333,Low
-70.55168667,-33.53503833,Low
-70.55203,-33.53508333,Low
-70.55244833,-33.535215,Low
-70.552885,-33.53537833,Low
-70.55324167,-33.53551,Low
-70.55358333,-33.53559,Low
-70.55397667,-33.53567167,Medium
-70.55437833,-33.535745,Medium
-70.55472833,-33.535795,Medium
-70.55504,-33.53578667,Medium
-70.55538833,-33.53582833,Medium
-70.556,-33.53594167,Medium
-70.55637333,-33.53601333,Medium
-70.55672833,-33.536065,Medium
-70.55858333,-33.53558833,High
-70.558495,-33.53531333,High
-70.55829333,-33.53497333,High
-70.558535,-33.53473,High
-70.55879167,-33.53456167,Medium
-70.55911667,-33.53435667,Medium
-70.5594,-33.53431833,Medium
-70.559695,-33.53450667,Medium
-70.55961833,-33.53507833,Medium
-70.55915,-33.53519667,Medium
-70.55883,-33.53537167,Medium
-70.55767333,-33.53625,High
-70.55818667,-33.53626167,High
-70.558695,-33.53607333,High
-70.55918667,-33.53583167,High
-70.55968167,-33.53559167,High
-70.56017667,-33.53541667,High
-70.560645,-33.53530667,High
-70.56100833,-33.53531,High
-70.56131667,-33.53553333,High
-70.56120167,-33.53590333,High
-70.56107167,-33.53628,High
-70.56091333,-33.53666167,High
-70.560785,-33.53703833,High
-70.56068,-33.537385,High
-70.56058167,-33.53768167,High
-70.560465,-33.53803,High
-70.56030667,-33.53847333,Medium
-70.56015667,-33.53885667,Medium
-70.560035,-33.53917833,Medium
-70.55996,-33.53944667,Medium
-70.559835,-33.53982333,Medium
-70.560135,-33.53997667,Medium
-70.56057,-33.54005167,Medium
-70.56107167,-33.54007,Medium
-70.56158333,-33.540095,Medium
-70.56207167,-33.540095,Medium
-70.56253,-33.54009667,Medium
-70.56298,-33.54008833,Medium
-70.563325,-33.54008,Medium
-70.56369167,-33.54012833,Medium
-70.56374,-33.54048167,Medium
-70.56373167,-33.5408,Medium
-70.56372833,-33.54122833,Medium
-70.56374167,-33.54162333,Medium
-70.56376833,-33.54198667,Medium
-70.56376833,-33.542315,Medium
-70.56378167,-33.54278833,Medium
-70.56382167,-33.543205,Medium
-70.56386167,-33.543565,Medium
-70.564055,-33.54372667,Medium
-70.56453833,-33.54369833,Medium
-70.564965,-33.54368167,Medium
-70.56539167,-33.54367833,Medium
-70.56584,-33.54364667,Medium
-70.56636833,-33.54363667,Medium
-70.56689167,-33.54362667,Medium
-70.56732667,-33.54363167,Medium
-70.567695,-33.543615,Medium
-70.56823167,-33.5436,Medium
-70.56879667,-33.54360167,Medium
-70.56928167,-33.54361167,Medium
-70.569595,-33.54366667,Medium
-70.57000667,-33.54371833,Medium
-70.56998667,-33.54402833,Medium
-70.56978,-33.54441667,Medium
-70.56955667,-33.54483167,Medium
-70.56933333,-33.54525667,High
-70.56915667,-33.54567,Medium
-70.56899667,-33.54605833,Medium
-70.568875,-33.54644167,Medium
-70.56876333,-33.54673667,High
-70.56863,-33.54703167,Medium
-70.56849167,-33.54729833,Medium
-70.56836,-33.54754333,High
-70.56817667,-33.5478,High
-70.56790833,-33.548145,High
-70.56761667,-33.54852833,Medium
-70.56734,-33.54888833,Medium
-70.567045,-33.54925833,Medium
-70.56676667,-33.54960833,Medium
-70.56648333,-33.54994,Medium
-70.56619167,-33.550275,Medium
-70.565915,-33.55064167,Medium
-70.56567667,-33.550945,Medium
-70.565475,-33.55118667,Medium
-70.56526167,-33.55142333,Medium
-70.56507833,-33.55164833,Medium
-70.56466167,-33.55213167,Medium
-70.56443667,-33.55238833,Medium
-70.56419333,-33.55264667,Medium
-70.56392833,-33.55288667,Medium
-70.56363833,-33.55317833,Medium
-70.563395,-33.55347167,Medium
-70.56311833,-33.55378333,Medium
-70.56284833,-33.55414333,Medium
-70.56254167,-33.554505,Medium
-70.56223833,-33.554855,Medium
-70.56195167,-33.55520167,Medium
-70.56168833,-33.55556167,Medium
-70.56141167,-33.55588667,Medium
-70.56119333,-33.556145,Medium
-70.56076833,-33.55665667,Low
-70.56049167,-33.55698833,Medium
-70.56022333,-33.55735833,Low
-70.559915,-33.55771833,Low
-70.55966,-33.55812167,Low
-70.55944833,-33.55847833,Medium
-70.55922833,-33.55879333,Low
-70.55901667,-33.55905,Low
-70.55922167,-33.55926833,Low
-70.55962333,-33.55934667,Low
-70.56012667,-33.559465,Low
-70.56059,-33.55954833,Low
-70.56101333,-33.55960167,Low
-70.561425,-33.55964833,Low
-70.561865,-33.55974667,Low
-70.562345,-33.55985333,Low
-70.56283333,-33.55993167,Low
-70.563305,-33.56000833,Low
-70.56372333,-33.56009667,Low
-70.56415333,-33.560175,Low
-70.56454,-33.56025833,Low
-70.56469,-33.56047,Low
-70.56459667,-33.560775,Low
-70.56450333,-33.561085,Low
-70.56442,-33.56139333,Low
-70.56434833,-33.56172167,Low
-70.564275,-33.56201,Low
-70.56419833,-33.56231167,Low
-70.564125,-33.56270833,Low
-70.56402167,-33.563105,Low
-70.563915,-33.56347167,Low
-70.56385,-33.563775,Low
-70.56378333,-33.56409,Low
-70.56368833,-33.564475,Low
-70.56361,-33.56486667,Low
-70.56351667,-33.56529333,Low
-70.563415,-33.5657,Low
-70.56332833,-33.56611333,Low
-70.56324333,-33.566495,Low
-70.56316167,-33.56685,Low
-70.56325,-33.567085,Low
-70.56367167,-33.56710833,Low
-70.564175,-33.56713667,Low
-70.564515,-33.56718667,Low
-70.56496833,-33.56725667,Low
-70.565395,-33.56727833,Low
-70.56575167,-33.56731833,Low
-70.566115,-33.56737,Low
-70.56648333,-33.56741833,Low
-70.56676833,-33.56769,Low
-70.566705,-33.56799833,Low
-70.566645,-33.56831167,Medium
-70.56659667,-33.56857833,Medium
-70.56684,-33.568815,Medium
-70.56721667,-33.56890333,Medium
-70.56758667,-33.56898167,Medium
-70.56804167,-33.56906,Medium
-70.56846,-33.56915,Medium
-70.56894833,-33.56925167,Medium
-70.56934,-33.56933167,Medium
-70.56967833,-33.56941667,Medium
-70.57006,-33.56948167,Medium
-70.570425,-33.56955667,Medium
-70.57082333,-33.569655,Medium
-70.571205,-33.56974,Medium
-70.57193833,-33.56980167,Medium
-70.57198167,-33.56951,Medium
-70.57205,-33.56920833,Medium
-70.57212167,-33.56890833,Medium
-70.57255167,-33.568155,Low
-70.572925,-33.56819333,Low
-70.5734,-33.56822667,Low
-70.5739,-33.56826667,Low
-70.574415,-33.56836167,Low
-70.57489667,-33.56840167,Low
-70.57539167,-33.56846,Low
-70.57587333,-33.56851167,Low
-70.57627833,-33.56855167,Low
-70.57666833,-33.56858667,Low
-70.57710167,-33.56864833,Low
-70.57755667,-33.568715,Low
-70.57803667,-33.56875,Low
-70.57840167,-33.56879333,Low
-70.57879667,-33.56883833,Low
-70.57931333,-33.568905,Low
-70.57982833,-33.56897,Low
-70.580345,-33.56901833,Low
-70.58083,-33.56908667,Low
-70.58131,-33.56914667,Low
-70.58176167,-33.56921167,Low
-70.58218333,-33.56925167,Low
-70.58255333,-33.56928333,Low
-70.58290667,-33.569325,Low
-70.58356333,-33.56925,Low
-70.58363667,-33.56893167,Low
-70.583715,-33.56849333,Low
-70.58379,-33.56804833,Low
-70.58389667,-33.56763833,Medium
-70.58395333,-33.56722,Medium
-70.58402333,-33.56679167,Low
-70.58410667,-33.56643167,Medium
-70.58417667,-33.566125,Medium
-70.58424667,-33.56579333,Medium
-70.58432833,-33.56538833,Medium
-70.58439333,-33.56495,Medium
-70.58445833,-33.56455667,Medium
-70.58451167,-33.56415167,Medium
-70.58461333,-33.56374167,Medium
-70.58470667,-33.56333167,Medium
-70.58479,-33.56289333,Medium
-70.58484333,-33.56244167,Medium
-70.58488333,-33.56200667,Medium
-70.58496167,-33.56155833,Medium
-70.585045,-33.56110333,Medium
-70.585095,-33.56069667,Medium
-70.58516,-33.56028833,Medium
-70.58526667,-33.55988667,Medium
-70.58536167,-33.55946167,Medium
-70.58545,-33.55900667,Medium
-70.58551667,-33.55858833,Medium
-70.58557333,-33.55817833,Medium
-70.58564,-33.55780333,Medium
-70.58580833,-33.55705667,Medium
-70.585855,-33.55674,Medium
-70.58592167,-33.55633,Medium
-70.58598333,-33.55587833,Medium
-70.58605667,-33.55543167,Medium
-70.58613833,-33.55500333,Medium
-70.58621333,-33.55456167,Medium
-70.58623333,-33.55416333,Medium
-70.58630333,-33.55378167,Medium
-70.58589,-33.55341333,Medium
-70.58544,-33.55339667,Medium
-70.58497667,-33.55336667,Medium
-70.58453167,-33.55334167,Medium
-70.58405667,-33.553295,Medium
-70.58356333,-33.55328667,Medium
-70.583095,-33.55326,Medium
-70.58266667,-33.55322833,Medium
-70.58230667,-33.553205,Medium
-70.58196167,-33.55318833,Medium
-70.58163,-33.55317,Medium
-70.58150167,-33.552765,Medium
-70.58182333,-33.55248667,Medium
-70.582145,-33.55225,Medium
-70.58243333,-33.552035,Medium
-70.58269167,-33.55184,Medium
-70.582855,-33.551575,Medium
-70.58287667,-33.55127,Medium
-70.58289667,-33.550985,Medium
-70.58290833,-33.55066167,Medium
-70.58292333,-33.55013833,Medium
-70.58292167,-33.54979667,Medium
-70.582915,-33.54945167,Medium
-70.58291333,-33.54913833,Medium
-70.58289667,-33.54880667,Medium
-70.58289167,-33.54846,Medium
-70.58286833,-33.54814167,Medium
-70.582865,-33.547805,Medium
-70.58284667,-33.54728167,Medium
-70.58285,-33.54700833,Medium
-70.582835,-33.54666333,Medium
-70.58283167,-33.546265,Medium
-70.58283,-33.54587333,Medium
-70.58283167,-33.54549,Medium
-70.58282,-33.545125,Medium
-70.58279333,-33.54479833,Medium
-70.58278167,-33.54447167,Medium
-70.582775,-33.54418333,Medium
-70.58278667,-33.54375,Medium
-70.58288167,-33.54338833,Medium
-70.58311667,-33.54307,Medium
-70.58335333,-33.54278167,Medium
-70.58356833,-33.5425,Medium
-70.583775,-33.54221167,Medium
-70.58396333,-33.54195167,Medium
-70.58416333,-33.54169,Medium
-70.584455,-33.54129667,Medium
-70.58466333,-33.54099,Medium
-70.58486833,-33.54070833,Medium
-70.58504667,-33.54046667,Medium
-70.58524667,-33.54020667,Medium
-70.58544333,-33.53998333,Medium
-70.58567333,-33.53967,Medium
-70.58582167,-33.53933167,Medium
-70.58600667,-33.53893833,Medium
-70.58616833,-33.53854667,Medium
-70.58635833,-33.53816167,Medium
-70.58649333,-33.53785,Medium
-70.58661,-33.537575,Medium
-70.58676333,-33.537235,Medium
-70.58689333,-33.53694667,Medium
-70.58707833,-33.536555,Medium
-70.587275,-33.53615667,Medium
-70.58744167,-33.53575333,Medium
-70.587595,-33.53536667,Medium
-70.58776667,-33.53501333,Medium
-70.58792333,-33.53466167,Medium
-70.588105,-33.53430167,Medium
-70.58825333,-33.533995,Medium
-70.58839167,-33.53367167,Medium
-70.58854333,-33.53333833,Medium
-70.58871333,-33.53297667,Medium
-70.58885833,-33.53262167,Medium
-70.58905333,-33.53228167,Medium
-70.58929333,-33.53191833,Medium
-70.58951333,-33.53152667,Medium
-70.58969667,-33.53108167,Medium
-70.58985833,-33.53065333,Medium
-70.590015,-33.53029,Medium
-70.58992833,-33.53018333,Medium
-70.58959667,-33.53018,Medium
-70.58920167,-33.53017333,Medium
-70.58878333,-33.53016333,Medium
-70.58839333,-33.53016,Medium
-70.58807,-33.53013833,Medium
-70.58776833,-33.53014,Medium
-70.58737167,-33.53005,Medium
-70.58745833,-33.52968833,Medium
-70.58757833,-33.52929667,Medium
-70.58774667,-33.528895,Medium
-70.58793833,-33.528595,Medium
-70.58814,-33.52800333,Medium
-70.58830833,-33.52760667,Medium
-70.588455,-33.52719167,Medium
-70.58867667,-33.52684,Medium
-70.58897667,-33.52612,Medium
-70.58904833,-33.52575667,Medium
-70.5891,-33.52530667,Medium
-70.5892,-33.52489,Medium
-70.5893,-33.52448,Medium
-70.58941833,-33.52409667,Medium
-70.589575,-33.52374667,Medium
-70.589685,-33.523405,Medium
-70.58981167,-33.52313167,Medium
-70.58978833,-33.52267,Medium
-70.58940333,-33.52266167,Medium
-70.588935,-33.52264667,Medium
-70.58843333,-33.52267167,Medium
-70.58789833,-33.522695,Medium
-70.58738167,-33.522675,Medium
-70.58689,-33.52269,Medium
-70.58645,-33.52266333,Medium
-70.58597833,-33.52264833,Medium
-70.58547167,-33.52264167,Medium
-70.58499833,-33.522645,Medium
-70.58451667,-33.52265,Medium
-70.58400167,-33.52263167,Medium
-70.58349833,-33.52263333,Medium
-70.582995,-33.522635,Medium
-70.58248,-33.52262833,Medium
-70.58197167,-33.52260167,Medium
-70.58144,-33.52260667,Medium
-70.58092167,-33.52260167,Medium
-70.58044833,-33.52260167,Medium
-70.57996833,-33.52259333,Medium
-70.57956833,-33.52257,Medium
-70.57898,-33.522555,Medium
-70.57860167,-33.52255167,Medium
-70.57818167,-33.52253167,Medium
-70.57770833,-33.52252,Medium
-70.57726167,-33.522505,Medium
-70.57679,-33.522495,Medium
-70.57626833,-33.522485,Medium
-70.57576833,-33.52248333,Medium
-70.57535167,-33.522475,Medium
-70.57500833,-33.52246667,Medium
-70.57462667,-33.52247167,Medium
-70.574115,-33.52249,Medium
-70.57363333,-33.52249667,Medium
-70.57312167,-33.52249167,Medium
-70.57262833,-33.52247333,Medium
-70.57216,-33.52245667,Medium
-70.57172,-33.52246167,Medium
-70.571395,-33.52245667,Medium
-70.57104333,-33.522445,Medium
-70.57063167,-33.52243333,Medium
-70.570215,-33.52242833,Medium
-70.56980833,-33.522425,Medium
-70.56004444,-33.53471611,Medium
-70.56872583,-33.56919667,Medium
-70.56882417,-33.56886167,Medium
-70.56891667,-33.5684925,Medium
-70.59008917,-33.52983375,Medium
-70.56916,-33.51920333,Medium
-70.56913667,-33.518855,Medium
-70.56910167,-33.51849833,Medium
-70.569085,-33.51819833,Medium
-70.56879,-33.51809,Medium
-70.56833,-33.518125,Medium
-70.56783,-33.51812167,Medium
-70.56733667,-33.51811833,Medium
-70.566865,-33.51810833,Medium
-70.56653667,-33.518115,Medium
-70.56615167,-33.518145,Medium
-70.565735,-33.51820667,Medium
-70.56530833,-33.51825667,Medium
-70.56497,-33.51834167,Medium
-70.564635,-33.51839167,Medium
-70.56416833,-33.518415,Medium
-70.563725,-33.518395,Medium
-70.56327167,-33.51831333,Medium
-70.56285,-33.518215,Medium
-70.56240833,-33.51819167,Medium
-70.56194667,-33.51819,Medium
-70.56159167,-33.51818833,Medium
-70.56114167,-33.51817833,Medium
-70.560655,-33.51817,Medium
-70.56013333,-33.51817333,Medium
-70.559595,-33.51817167,Medium
-70.559095,-33.51816333,Medium
-70.55869833,-33.51812,Medium
-70.55832333,-33.51806833,Medium
-70.55794167,-33.51801667,Medium
-70.55751,-33.51795167,Medium
-70.557005,-33.51786333,Medium
-70.55647333,-33.51775833,Medium
-70.55594167,-33.51765667,Medium
-70.55544167,-33.517515,Low
-70.55505167,-33.51736833,Low
-70.55471833,-33.51726167,Low
-70.554345,-33.51716167,Low
-70.55385833,-33.517055,Low
-70.55340167,-33.51694667,Low
-70.55301,-33.51685667,Medium
-70.552605,-33.51675667,Medium
-70.55217167,-33.51664667,Medium
-70.551755,-33.51654167,Medium
-70.55137833,-33.516455,Medium
-70.55096667,-33.51635667,Medium
-70.55061833,-33.516275,Low
-70.55037167,-33.51607833,Low
-70.550145,-33.51572667,Low
-70.55001667,-33.51532667,Low
-70.54999833,-33.51490833,Low
-70.549875,-33.51463833,Low
-70.54950167,-33.51460167,Medium
-70.54901333,-33.51457333,Medium
-70.54866833,-33.51456,Low
-70.548715,-33.51487833,Low
-70.54875,-33.51516,Low
-70.54879333,-33.51548667,Low
-70.54881833,-33.51582,Low
-70.54884667,-33.51625833,Low
-70.54887167,-33.51668333,Low
-70.54887833,-33.51705833,Low
-70.54889833,-33.51742167,Low
-70.54891,-33.51773833,Low
-70.54891333,-33.518125,Low
-70.54891833,-33.518555,Low
-70.54890667,-33.518995,Low
-70.54886833,-33.519375,Low
-70.54874667,-33.51963667,Low
-70.548705,-33.51998333,Low
-70.54867833,-33.52034,Low
-70.548715,-33.52068,Low
-70.54874,-33.52107,Low
-70.54876333,-33.52148167,Low
-70.54888167,-33.52183667,Low
-70.548935,-33.522175,Low
-70.54898333,-33.52248167,Low
-70.54904667,-33.522895,Low
-70.54910333,-33.52331333,Low
-70.54918167,-33.52375333,Low
-70.54928333,-33.52417167,Low
-70.54935333,-33.52455,Low
-70.54941833,-33.52490167,Low
-70.54947167,-33.52526833,Low
-70.54954167,-33.525625,Low
-70.54959833,-33.52600833,Low
-70.54965167,-33.52646,Low
-70.54968667,-33.52686167,Low
-70.54971667,-33.52724333,Low
-70.54974667,-33.52759333,Low
-70.54976333,-33.52798667,Low
-70.54982667,-33.52835167,Low
-70.54998167,-33.52866,Low
-70.550065,-33.528955,Low
-70.549835,-33.52917833,Low
-70.549305,-33.52918333,Low
-70.5488,-33.52917,Low
-70.54825833,-33.52916333,Low
-70.54772833,-33.52919833,Low
-70.54727667,-33.52922833,Low
-70.54685333,-33.529245,Low
-70.54645833,-33.52926167,Low
-70.54617167,-33.52936333,Low
-70.54628833,-33.52977833,Low
-70.54640333,-33.53019833,Low
-70.54642,-33.53058167,Low
-70.54642,-33.53095833,Low
-70.54645833,-33.53131833,Low
-70.54648167,-33.53162167,Low
-70.54651333,-33.531985,Low
-70.54656167,-33.532375,Low
-70.54657167,-33.53273333,Low
-70.54660833,-33.53303,Low
-70.54660333,-33.53344833,Low
-70.54653333,-33.53387,Low
-70.54640833,-33.53426,Low
-70.54626167,-33.53463167,Low
-70.54615167,-33.53495167,Low
-70.54608,-33.53521,Low
-70.54628667,-33.53538167,Low
-70.54675667,-33.53533,Low
-70.54718,-33.53531,Low
-70.54756833,-33.53527,Low
-70.54805,-33.53523,Low
-70.548555,-33.53522167,Low
-70.54891333,-33.53519833,Low
-70.54932333,-33.53519333,Low
-70.54979833,-33.53518167,Medium
-70.55033333,-33.53513833,Medium
-70.550705,-33.535095,Low
-70.55108833,-33.53506833,Low
-70.55147833,-33.53504,Low
-70.551845,-33.53505,Low
-70.552225,-33.53514167,Low
-70.55265833,-33.535295,Low
-70.5531,-33.53545833,Low
-70.5534,-33.53555,Low
-70.55377167,-33.53562333,Low
-70.55415667,-33.53571333,Medium
-70.55456333,-33.535775,Medium
-70.55487167,-33.53579667,Medium
-70.555225,-33.53580333,Medium
-70.55618,-33.53597333,Medium
-70.556545,-33.53604167,Medium
-70.55689833,-33.53609,Medium
-70.55861,-33.53538667,High
-70.55829167,-33.53520167,High
-70.558405,-33.53484833,High
-70.558665,-33.534635,High
-70.55891833,-33.53448167,Medium
-70.559245,-33.53428,Medium
-70.55953667,-33.53440833,Medium
-70.55986333,-33.53459333,Medium
-70.559865,-33.53491667,High
-70.55933,-33.535155,Medium
-70.55899667,-33.53526333,Medium
-70.55866167,-33.53549667,High
-70.55739,-33.53621833,High
-70.55792,-33.536245,High
-70.55845,-33.53617667,High
-70.55894667,-33.53594833,High
-70.559445,-33.535695,Medium
-70.55993833,-33.53549333,High
-70.56041333,-33.53535,High
-70.56082667,-33.53531167,High
-70.561235,-33.53534,High
-70.561255,-33.53574167,High
-70.56113833,-33.53609,High
-70.56099667,-33.53647,High
-70.56084333,-33.536855,High
-70.56073833,-33.53723,High
-70.56062333,-33.53754333,High
-70.56052167,-33.53785667,High
-70.56038833,-33.53823167,High
-70.56023167,-33.53868,Medium
-70.56010167,-33.53901167,Medium
-70.55999833,-33.53935,Medium
-70.559885,-33.53962833,Medium
-70.559945,-33.53994167,Medium
-70.56034833,-33.54001667,Medium
-70.56082833,-33.54006667,Medium
-70.56132,-33.540075,Medium
-70.56181,-33.54011,Medium
-70.562305,-33.54008667,Medium
-70.56275333,-33.54008333,Medium
-70.56317833,-33.54008833,Medium
-70.56352,-33.540085,Medium
-70.56374167,-33.54029667,Medium
-70.56374333,-33.54061333,Medium
-70.56371,-33.54103167,Medium
-70.563735,-33.54144667,Medium
-70.563755,-33.541785,Medium
-70.56376667,-33.542135,Medium
-70.56377667,-33.54254667,Medium
-70.56380667,-33.54301,Medium
-70.56384833,-33.5434,Medium
-70.56386167,-33.54370167,Medium
-70.56428333,-33.54371333,Medium
-70.56474833,-33.54368,Medium
-70.56519833,-33.543695,Medium
-70.56559,-33.54366833,Medium
-70.56610833,-33.54366333,Medium
-70.566625,-33.54363833,Medium
-70.56712333,-33.54362667,Medium
-70.56751667,-33.543615,Medium
-70.567945,-33.54363,Medium
-70.56852833,-33.543605,Medium
-70.56906833,-33.54360667,Medium
-70.56944,-33.54365167,Medium
-70.56979,-33.54369333,Medium
-70.57005167,-33.543865,Medium
-70.56990333,-33.544205,Medium
-70.56965833,-33.54464333,Medium
-70.56944667,-33.54506333,High
-70.56924667,-33.54547667,High
-70.56907333,-33.54585667,Medium
-70.56893167,-33.54625833,Medium
-70.56882833,-33.54659167,High
-70.568695,-33.54689167,High
-70.568565,-33.54716,Medium
-70.568425,-33.54742167,Medium
-70.56827333,-33.54766833,High
-70.56805167,-33.547955,High
-70.567765,-33.54834833,Medium
-70.56748833,-33.54871333,Medium
-70.56718,-33.54907167,Medium
-70.56690667,-33.54943333,Medium
-70.56662333,-33.54976833,Medium
-70.56634,-33.55009,Medium
-70.56604333,-33.55046333,Medium
-70.56578833,-33.550805,Medium
-70.56557833,-33.55106833,Medium
-70.56536333,-33.551305,Medium
-70.56516833,-33.55153667,Medium
-70.56495667,-33.55179667,Medium
-70.56478833,-33.55198833,Medium
-70.56455667,-33.55225333,Medium
-70.56431833,-33.552525,Medium
-70.56406333,-33.55276167,Medium
-70.56378667,-33.55302167,Medium
-70.56350667,-33.55332833,Medium
-70.56325833,-33.55362167,Medium
-70.562975,-33.55396333,Medium
-70.562705,-33.554315,Medium
-70.56238833,-33.55468667,Medium
-70.562085,-33.55503333,Medium
-70.561815,-33.555385,Medium
-70.56155667,-33.555725,Medium
-70.56128833,-33.55601167,Medium
-70.561105,-33.55625333,Medium
-70.56087,-33.55653333,Low
-70.56064333,-33.55680333,Low
-70.56035667,-33.55717333,Low
-70.560055,-33.55753167,Low
-70.55977667,-33.557925,Low
-70.55956333,-33.55829667,Low
-70.55935833,-33.55863667,Low
-70.55911833,-33.55893833,Low
-70.55898667,-33.559175,Low
-70.559405,-33.55929833,Low
-70.559895,-33.55939333,Low
-70.56034333,-33.55950667,Low
-70.56081833,-33.55958,Low
-70.561255,-33.55961833,Low
-70.561645,-33.55970833,Low
-70.56211,-33.55979333,Low
-70.56258,-33.559885,Low
-70.56307667,-33.55996,Low
-70.56351333,-33.560055,Low
-70.56392667,-33.56014333,Low
-70.56435833,-33.56022,Low
-70.564665,-33.56029333,Low
-70.56464833,-33.56061,Low
-70.564545,-33.560945,Low
-70.56445667,-33.56124333,Low
-70.56438167,-33.56155833,Low
-70.56431667,-33.56186833,Low
-70.56423333,-33.562145,Low
-70.56416,-33.562495,Low
-70.56407833,-33.56290333,Low
-70.56395167,-33.56329833,Low
-70.56389167,-33.56362333,Low
-70.563815,-33.56392,Low
-70.56373667,-33.56428667,Low
-70.56365833,-33.56468,Low
-70.56355,-33.565085,Low
-70.56345667,-33.5655,Low
-70.56336833,-33.56590333,Low
-70.56329,-33.56630833,Low
-70.56319667,-33.56668167,Low
-70.56312667,-33.56698167,Low
-70.56345,-33.56709333,Low
-70.56394333,-33.56711833,Low
-70.56432667,-33.56715833,Low
-70.56472333,-33.56721833,Low
-70.56519333,-33.56726167,Low
-70.565585,-33.56730167,Low
-70.56593167,-33.56734,Low
-70.56627,-33.56738833,Low
-70.566715,-33.567485,Low
-70.566735,-33.567835,Low
-70.56667333,-33.56815667,Medium
-70.56661667,-33.56845167,Medium
-70.56661833,-33.56875833,Medium
-70.56700833,-33.56885,Medium
-70.5674,-33.56894167,Medium
-70.56781667,-33.56901333,Medium
-70.56825667,-33.56910167,Medium
-70.56897167,-33.568205,Medium
-70.56914333,-33.56929167,Medium
-70.56951167,-33.56937833,Medium
-70.56986333,-33.56945,Medium
-70.57025667,-33.56952167,Medium
-70.57064667,-33.569615,Medium
-70.57099,-33.569695,Medium
-70.57141167,-33.56979167,Medium
-70.57196,-33.56964333,Medium
-70.57201333,-33.56938333,Medium
-70.57208333,-33.569095,Medium
-70.57217167,-33.56871,Medium
-70.57233167,-33.56819667,Low
-70.57273333,-33.56817667,Low
-70.57314167,-33.56822,Low
-70.57363167,-33.568265,Low
-70.574155,-33.56831167,Low
-70.57467833,-33.56837333,Low
-70.57515,-33.56842833,Low
-70.57564,-33.56848667,Low
-70.57608833,-33.56852667,Low
-70.57645333,-33.56856833,Low
-70.57690333,-33.56861833,Low
-70.577335,-33.56867833,Low
-70.57779833,-33.56873667,Low
-70.57825167,-33.56876333,Low
-70.57857167,-33.56881667,Low
-70.57904333,-33.56887833,Low
-70.57958,-33.56893833,Low
-70.58009,-33.56899,Low
-70.58058333,-33.56904667,Low
-70.58107167,-33.56911,Low
-70.58154333,-33.56919,Low
-70.58198833,-33.56923,Low
-70.58237167,-33.56926667,Low
-70.58273333,-33.569305,Low
-70.583065,-33.56933833,Low
-70.583385,-33.56938833,Low
-70.58360333,-33.56910833,Low
-70.58367167,-33.56871667,Medium
-70.58375333,-33.56827,Low
-70.58385667,-33.56783667,Medium
-70.58392333,-33.56743667,Medium
-70.583995,-33.567005,Low
-70.58406667,-33.56659667,Low
-70.584135,-33.56630333,Medium
-70.58421,-33.56597,Medium
-70.58429,-33.565595,Medium
-70.584355,-33.56517167,Medium
-70.58441667,-33.56472833,Medium
-70.58448,-33.56435167,Medium
-70.58457167,-33.563945,Medium
-70.58465833,-33.56353833,Medium
-70.584745,-33.56312,Medium
-70.58480667,-33.562665,Medium
-70.58488667,-33.56222167,Medium
-70.584945,-33.56177333,Medium
-70.58499333,-33.56133,Medium
-70.58507833,-33.56091,Medium
-70.58514,-33.56049167,Medium
-70.58522333,-33.56008667,Medium
-70.58532333,-33.55968,Medium
-70.58540833,-33.55923167,Medium
-70.58547833,-33.55879667,Medium
-70.585525,-33.55838833,Medium
-70.58559833,-33.55798667,Medium
-70.58569,-33.55765333,Medium
-70.58578167,-33.55719667,Medium
-70.58583167,-33.55690667,Medium
-70.58587667,-33.55653667,Medium
-70.58592833,-33.55611833,Medium
-70.586035,-33.55567,Medium
-70.58609667,-33.55520833,Medium
-70.58619,-33.554775,Medium
-70.58622333,-33.55435333,Medium
-70.58628333,-33.553965,Medium
-70.58607667,-33.55343,Medium
-70.58568333,-33.55340333,Medium
-70.585205,-33.553365,Medium
-70.58475,-33.553355,Medium
-70.58431,-33.55332333,Medium
-70.58379833,-33.553285,Medium
-70.58332167,-33.553265,Medium
-70.58287333,-33.55324,Medium
-70.58247667,-33.55321667,Medium
-70.58213667,-33.55319833,Medium
-70.58178833,-33.55317833,Medium
-70.58139167,-33.55289833,Medium
-70.58165333,-33.55263833,Medium
-70.58198833,-33.552365,Medium
-70.58228167,-33.55214333,Medium
-70.58256667,-33.55193833,Medium
-70.58279667,-33.55171833,Medium
-70.58287167,-33.551415,Medium
-70.58288667,-33.55114667,Medium
-70.58290167,-33.55081667,Medium
-70.582915,-33.55034167,Medium
-70.582925,-33.54997333,Medium
-70.582915,-33.54961833,Medium
-70.58291167,-33.54929167,Medium
-70.58290167,-33.54897833,Medium
-70.58289333,-33.548635,Medium
-70.58288333,-33.54829833,Medium
-70.58286333,-33.54799,Medium
-70.58283667,-33.54745167,Medium
-70.58284833,-33.54715,Medium
-70.58285167,-33.54684167,Medium
-70.58283,-33.54647167,Medium
-70.58284333,-33.54609167,Medium
-70.58282167,-33.54567667,Medium
-70.58283167,-33.545305,Medium
-70.582805,-33.54495667,Medium
-70.58279167,-33.54463833,Medium
-70.582775,-33.54432167,Medium
-70.58278667,-33.54359,Medium
-70.58298167,-33.54325167,Medium
-70.583245,-33.54292167,Medium
-70.58346333,-33.54264167,Medium
-70.58367167,-33.54235167,Medium
-70.58386833,-33.54208,Medium
-70.58406167,-33.54182,Medium
-70.58434167,-33.54144667,Medium
-70.58456333,-33.54115833,Medium
-70.584775,-33.54084,Medium
-70.58495833,-33.54058833,Medium
-70.58513333,-33.54035167,Medium
-70.58558833,-33.53979333,Medium
-70.58574333,-33.53952,Medium
-70.58592167,-33.53914167,Medium
-70.58607167,-33.53875,Medium
-70.58626667,-33.53834,Medium
-70.58643167,-33.537995,Medium
-70.58654667,-33.53772333,Medium
-70.58667833,-33.537425,Medium
-70.58682667,-33.537095,Medium
-70.58698,-33.53676167,Medium
-70.58717167,-33.53634833,Medium
-70.58737167,-33.535955,Medium
-70.58752167,-33.535565,Medium
-70.58769667,-33.53518833,Medium
-70.58784667,-33.53484667,Medium
-70.58800333,-33.53452333,Medium
-70.58817333,-33.53415833,Medium
-70.58832667,-33.533835,Medium
-70.588465,-33.53350667,Medium
-70.58862833,-33.53316,Medium
-70.58879,-33.53277667,Medium
-70.58894,-33.53246167,Medium
-70.58917167,-33.53209167,Medium
-70.58941333,-33.53173333,Medium
-70.58960333,-33.53131,Medium
-70.589785,-33.53086,Medium
-70.58993167,-33.53047,Medium
-70.58977333,-33.53018167,Medium
-70.58940667,-33.530175,Medium
-70.58899833,-33.530165,Medium
-70.58857167,-33.530165,Medium
-70.58822333,-33.53014833,Medium
-70.58792,-33.53013667,Medium
-70.58752167,-33.53013167,Medium
-70.58740833,-33.52986,Medium
-70.58751333,-33.52948833,Medium
-70.58764167,-33.52909333,Medium
-70.58786,-33.528745,Medium
-70.588085,-33.52817333,Medium
-70.588215,-33.5278,Medium
-70.588385,-33.52740167,Medium
-70.588555,-33.52699667,Medium
-70.58875833,-33.52668,Medium
-70.58893667,-33.52625333,Medium
-70.58901,-33.52594833,Medium
-70.58908667,-33.52554,Medium
-70.58915,-33.52510167,Medium
-70.58924333,-33.52467667,Medium
-70.58936167,-33.52429833,Medium
-70.58950333,-33.523905,Medium
-70.589635,-33.523585,Medium
-70.58975167,-33.52326167,Medium
-70.58987333,-33.52301,Medium
-70.58961167,-33.52266667,Medium
-70.589175,-33.522655,Medium
-70.58868833,-33.52265833,Medium
-70.58817833,-33.52268,Medium
-70.58764667,-33.52268833,Medium
-70.58714,-33.52267333,Medium
-70.58666,-33.522695,Medium
-70.58622167,-33.52265333,Medium
-70.58572667,-33.52265167,Medium
-70.58522333,-33.52265667,Medium
-70.58475833,-33.52264667,Medium
-70.58426,-33.52263667,Medium
-70.58375,-33.52262833,Medium
-70.58325333,-33.52263667,Medium
-70.58273667,-33.52262667,Medium
-70.58221,-33.52262833,Medium
-70.58171667,-33.52260167,Medium
-70.58117167,-33.52259,Medium
-70.58069167,-33.52260833,Medium
-70.58021,-33.52259,Medium
-70.57975667,-33.52257333,Medium
-70.579405,-33.52256333,Medium
-70.57880833,-33.52255333,Medium
-70.57839833,-33.52254833,Medium
-70.57794833,-33.52252333,Medium
-70.57748,-33.52251,Medium
-70.577035,-33.52249667,Medium
-70.57653167,-33.52249,Medium
-70.57601833,-33.52247833,Medium
-70.57554167,-33.52248,Medium
-70.57518667,-33.522475,Medium
-70.57484333,-33.52246833,Medium
-70.57438,-33.522485,Medium
-70.57389833,-33.52248833,Medium
-70.573375,-33.52249167,Medium
-70.572855,-33.52248833,Medium
-70.57239667,-33.52246167,Medium
-70.57191833,-33.52245667,Medium
-70.57158667,-33.52246,Medium
-70.571235,-33.52245167,Medium
-70.57084667,-33.52243667,Medium
-70.570405,-33.52243833,Medium
-70.570055,-33.52243,Medium
-70.55999833,-33.534665,Medium
-70.560065,-33.534785,Medium
-70.59006667,-33.529945,Medium
-70.590115,-33.52973833,Medium
-70.75983337,-33.50957314,Medium
-70.75741193,-33.50935561,Medium
-70.7574545,-33.51001417,Medium
-70.75744375,-33.5112875,Medium
-70.75739942,-33.51610458,Medium
-70.77490417,-33.51808208,Medium
-70.77848708,-33.51821458,Medium
-70.77865556,-33.51821167,Medium
-70.7862025,-33.52014042,Medium
-70.78657417,-33.52194917,Medium
-70.78705,-33.52659333,Low
-70.77499167,-33.53141806,Medium
-70.77002611,-33.53605667,Medium
-70.77804552,-33.54183693,Medium
-70.77158667,-33.5584975,Low
-70.79163556,-33.55139764,Medium
-70.79982937,-33.55696021,Medium
-70.80688908,-33.56263304,Medium
-70.80393,-33.56545583,Medium
-70.80213833,-33.56794431,Medium
-70.810675,-33.56646292,Medium
-70.81519125,-33.56907042,Medium
-70.85716167,-33.60942833,Medium
-70.87111125,-33.61042667,Medium
-70.880525,-33.61085333,Medium
-70.75992667,-33.509075,Medium
-70.759975,-33.50866333,Medium
-70.76,-33.50838333,Medium
-70.75997833,-33.50796833,Medium
-70.75962667,-33.50783833,Medium
-70.75925167,-33.50783167,Medium
-70.758975,-33.50782667,Medium
-70.75846833,-33.50783667,Medium
-70.75789,-33.50782833,Medium
-70.75747833,-33.50782833,Medium
-70.75741167,-33.508155,Medium
-70.75743333,-33.50862167,Medium
-70.75742667,-33.508995,Medium
-70.75742833,-33.50964167,Medium
-70.757455,-33.51029,Medium
-70.75745833,-33.51059333,Medium
-70.75743833,-33.51090167,High
-70.757455,-33.51156667,Medium
-70.75744833,-33.51190333,Medium
-70.75744833,-33.51221,Medium
-70.75744833,-33.51260333,Medium
-70.75745167,-33.51306333,Medium
-70.757465,-33.51352667,Medium
-70.75744333,-33.51403833,Medium
-70.75741833,-33.51447,Medium
-70.75741167,-33.51493833,Medium
-70.75741167,-33.51539167,Medium
-70.75740667,-33.51577667,Medium
-70.757445,-33.51621167,Medium
-70.757855,-33.51629667,Medium
-70.75823833,-33.516365,Medium
-70.75867833,-33.51646333,Medium
-70.7592,-33.51655667,Medium
-70.75983667,-33.51667667,Medium
-70.76046333,-33.51683167,Medium
-70.7611,-33.51696667,Medium
-70.76167667,-33.51707833,Medium
-70.76224833,-33.51720167,Medium
-70.76270333,-33.51729,Medium
-70.76319167,-33.51738333,Medium
-70.76351667,-33.51746167,Medium
-70.76395333,-33.51756,Medium
-70.76442167,-33.51763167,Medium
-70.76480333,-33.51772667,Medium
-70.76521667,-33.51774833,Medium
-70.76564,-33.51773167,Medium
-70.76607833,-33.51776833,Medium
-70.76656167,-33.517765,Medium
-70.767055,-33.51778333,Medium
-70.76753167,-33.51780667,Medium
-70.767965,-33.517825,Medium
-70.76830667,-33.51784667,Medium
-70.76870167,-33.51786333,Medium
-70.769025,-33.51786833,Medium
-70.76948167,-33.51786833,Medium
-70.76996667,-33.51788333,Medium
-70.77038667,-33.517905,Medium
-70.770735,-33.51792167,Medium
-70.77120833,-33.51794167,Medium
-70.771575,-33.51795333,Medium
-70.77199667,-33.51797667,Medium
-70.77246333,-33.51800333,Medium
-70.77293833,-33.51801667,Medium
-70.773485,-33.51804167,Medium
-70.77396833,-33.51806833,Medium
-70.77441167,-33.51807833,Medium
-70.77475667,-33.51809,Medium
-70.77508667,-33.51809333,Medium
-70.77542333,-33.518115,Medium
-70.775885,-33.51813,Medium
-70.77638333,-33.51814333,Medium
-70.77694333,-33.51812333,Medium
-70.77742833,-33.51814833,Medium
-70.77784,-33.51819,Medium
-70.77814667,-33.51821333,Medium
-70.77912,-33.518215,Medium
-70.77955,-33.51820833,Medium
-70.780005,-33.51821833,Medium
-70.78043167,-33.51823,Medium
-70.78089,-33.51825667,Medium
-70.781445,-33.518285,Medium
-70.78195833,-33.51828833,Medium
-70.78228333,-33.51829833,Medium
-70.78266833,-33.51831333,Medium
-70.783235,-33.51830833,Medium
-70.78381667,-33.51832167,Medium
-70.784415,-33.51834167,Medium
-70.78495833,-33.51833,Medium
-70.78535,-33.51835,Medium
-70.78587,-33.51841,Medium
-70.78601333,-33.51874,Medium
-70.78603,-33.51907333,Medium
-70.78609667,-33.51945,Medium
-70.78617667,-33.51991167,Medium
-70.78624667,-33.52043167,Medium
-70.78630833,-33.52082833,Medium
-70.78636333,-33.52125667,Medium
-70.78642667,-33.52159333,Medium
-70.78662667,-33.52234,Medium
-70.78670667,-33.52283,Medium
-70.786765,-33.52322,Medium
-70.78681167,-33.52352,Medium
-70.78686833,-33.52395667,Medium
-70.78694333,-33.52436333,Medium
-70.78700833,-33.524725,Medium
-70.787025,-33.52502167,Medium
-70.78703333,-33.52540167,Medium
-70.78706333,-33.52584667,Medium
-70.787095,-33.52624167,Low
-70.78715,-33.52697333,Low
-70.78717333,-33.52729667,Low
-70.787185,-33.52761667,Low
-70.78721167,-33.52792833,Low
-70.78727333,-33.528305,Low
-70.78736333,-33.52871167,Low
-70.78745,-33.52907,Low
-70.78749333,-33.52935667,Low
-70.78754833,-33.529685,Low
-70.78760333,-33.53004,Low
-70.78766333,-33.530345,Low
-70.78771167,-33.53064667,Low
-70.78777667,-33.53097833,Low
-70.78784,-33.53128667,Medium
-70.78789833,-33.53159833,Medium
-70.78794667,-33.53187833,Medium
-70.788,-33.53217667,Medium
-70.78785333,-33.53217833,Medium
-70.78781833,-33.531905,Low
-70.78775167,-33.531535,Low
-70.78770167,-33.53117167,Low
-70.78763,-33.53082167,Low
-70.78757833,-33.53052333,Low
-70.787485,-33.53018,Low
-70.78742333,-33.52979833,Low
-70.78735167,-33.52943,Low
-70.78728667,-33.52908833,Low
-70.78722,-33.52865333,Low
-70.787165,-33.52825333,Low
-70.78707167,-33.52788833,Low
-70.78706667,-33.52751667,Low
-70.787055,-33.52727667,Low
-70.78702167,-33.52693,Low
-70.78665333,-33.52623667,Medium
-70.7863,-33.52623667,Medium
-70.785875,-33.52622333,Medium
-70.78546,-33.52622167,Medium
-70.78507167,-33.52620333,Medium
-70.78468,-33.526195,Medium
-70.78429333,-33.52618833,Medium
-70.78395167,-33.526175,Medium
-70.78343333,-33.52616,Medium
-70.78310833,-33.52614833,Medium
-70.782745,-33.52614833,Medium
-70.78235333,-33.52613667,Medium
-70.78195833,-33.52612,Medium
-70.78161333,-33.52609667,Medium
-70.78122333,-33.52607333,Medium
-70.78080833,-33.52607833,Medium
-70.7804,-33.52607667,Medium
-70.78007667,-33.52606167,Medium
-70.77972,-33.52604333,Medium
-70.77926333,-33.52602833,Medium
-70.77888833,-33.52602667,Medium
-70.778585,-33.52601,Medium
-70.77842667,-33.526255,Medium
-70.77829,-33.52654667,Medium
-70.77815,-33.52682833,High
-70.77800167,-33.52714833,High
-70.77783667,-33.52750167,High
-70.777685,-33.52779333,High
-70.77749667,-33.528135,High
-70.77733333,-33.52853333,High
-70.777115,-33.52889167,High
-70.77686,-33.52919667,High
-70.77657333,-33.52950833,High
-70.77634333,-33.52977833,High
-70.77613167,-33.530035,High
-70.775925,-33.53028333,High
-70.775665,-33.53057333,High
-70.77537167,-33.530925,High
-70.77515667,-33.53119833,High
-70.77470167,-33.53168,Medium
-70.774385,-33.53196667,Medium
-70.77401,-33.53233833,Medium
-70.77364167,-33.53275167,Medium
-70.77329,-33.53308667,Medium
-70.773025,-33.533375,Medium
-70.77280167,-33.53359,Medium
-70.77252,-33.53390333,Medium
-70.77230333,-33.53412667,Medium
-70.77210833,-33.53434667,Medium
-70.77184333,-33.534645,Medium
-70.77155167,-33.53494167,Medium
-70.77120333,-33.53528167,Medium
-70.77092167,-33.5356,Medium
-70.77058333,-33.53570333,Medium
-70.77024,-33.535815,Medium
-70.77024333,-33.536405,Medium
-70.770655,-33.53666833,Medium
-70.77114167,-33.537,Medium
-70.771665,-33.53734333,Medium
-70.77214,-33.53767,Medium
-70.772595,-33.53798,Medium
-70.77305,-33.53827667,Medium
-70.77347833,-33.53858333,Medium
-70.77388667,-33.53887167,Medium
-70.77425167,-33.53911167,Medium
-70.77458667,-33.53935333,Medium
-70.77500167,-33.53963667,Medium
-70.77543167,-33.53992667,Medium
-70.77585333,-33.54022833,Medium
-70.776145,-33.54044333,Medium
-70.77649333,-33.54067,Medium
-70.776835,-33.54091833,Medium
-70.77712667,-33.54116833,Medium
-70.77745167,-33.54140667,Medium
-70.77777667,-33.54164,Medium
-70.778335,-33.54215,Medium
-70.77803833,-33.54236167,Medium
-70.77773667,-33.54250833,Medium
-70.77739667,-33.54266667,Medium
-70.77701167,-33.54284333,Medium
-70.77662,-33.54301,Medium
-70.77623833,-33.54317167,Medium
-70.77591,-33.54331,Medium
-70.77556,-33.5435,Medium
-70.775165,-33.543675,Medium
-70.774835,-33.54383667,Medium
-70.77454167,-33.54397333,Medium
-70.774235,-33.54413,Medium
-70.77389,-33.54428333,Medium
-70.77349,-33.54445167,Medium
-70.77312833,-33.54461167,Medium
-70.77278,-33.54478333,Medium
-70.77241833,-33.54495167,Medium
-70.77208667,-33.545095,Medium
-70.77173667,-33.54523667,Medium
-70.77140333,-33.545395,Medium
-70.77112167,-33.54553333,Medium
-70.770745,-33.54572333,Medium
-70.77035833,-33.54590333,Medium
-70.770075,-33.54604167,Medium
-70.76981333,-33.546155,Medium
-70.76948333,-33.5463,Medium
-70.76912,-33.546465,Medium
-70.76871,-33.54664333,Medium
-70.76839167,-33.546795,Medium
-70.76808,-33.54693,Medium
-70.76772667,-33.54709667,Medium
-70.76737,-33.54725833,Medium
-70.76700333,-33.54742833,Medium
-70.76665167,-33.54760333,Medium
-70.76632833,-33.54775667,Medium
-70.76594333,-33.547925,Medium
-70.76556,-33.54811667,Medium
-70.76523167,-33.548275,Medium
-70.76509833,-33.54854833,Medium
-70.765295,-33.54884167,Medium
-70.765485,-33.54910833,Medium
-70.76568167,-33.54935333,Medium
-70.76601833,-33.54954167,Medium
-70.76618167,-33.5498,Medium
-70.76637833,-33.55011,Medium
-70.766605,-33.55045333,Medium
-70.76676833,-33.550725,Medium
-70.76699167,-33.55109333,Medium
-70.76721333,-33.55143667,Medium
-70.76741333,-33.55174,Medium
-70.76762,-33.55203833,Medium
-70.76776167,-33.55227,Medium
-70.76796333,-33.552615,Medium
-70.76810167,-33.552945,Medium
-70.76822333,-33.55329667,Medium
-70.76835833,-33.55354667,Medium
-70.76853333,-33.55378,Medium
-70.768705,-33.554045,Medium
-70.76883333,-33.55425,Medium
-70.76905667,-33.55459833,Medium
-70.76925667,-33.55490167,Medium
-70.76947833,-33.55521833,Medium
-70.76966167,-33.55549833,Medium
-70.76988667,-33.55584667,Low
-70.770095,-33.55621667,Low
-70.77034167,-33.55652333,Low
-70.770555,-33.55687333,Low
-70.77082,-33.557275,Low
-70.77114333,-33.55778,Low
-70.77140333,-33.55819167,Low
-70.77179167,-33.55847667,Medium
-70.77214333,-33.55836,Medium
-70.77252,-33.55822667,Medium
-70.77294,-33.55808833,Medium
-70.77331833,-33.55795333,Medium
-70.77362333,-33.55785833,Low
-70.77403,-33.557725,Low
-70.77443333,-33.55758167,Low
-70.77482833,-33.557435,Low
-70.77516833,-33.55731833,Low
-70.77556833,-33.55717667,Low
-70.77598167,-33.55703167,Low
-70.7764,-33.55689,Low
-70.77681667,-33.55675167,Low
-70.77720333,-33.556625,Low
-70.77759833,-33.55647667,Low
-70.77793833,-33.55634833,Low
-70.77828333,-33.55620833,Low
-70.77825667,-33.55584333,Low
-70.77845833,-33.555585,Low
-70.7788,-33.55546667,Low
-70.77913167,-33.55536167,Low
-70.77944667,-33.55526,Low
-70.779745,-33.555165,Low
-70.78004167,-33.555075,Low
-70.780345,-33.55497,Low
-70.78070667,-33.55485333,Low
-70.78114167,-33.55472667,Low
-70.78151667,-33.55459333,Low
-70.78198,-33.55444667,Low
-70.78232167,-33.554335,Low
-70.78268833,-33.55421667,Low
-70.78309833,-33.55412333,Low
-70.783395,-33.55402333,Low
-70.783785,-33.55388333,Low
-70.78419167,-33.55376,Low
-70.784545,-33.55366333,Low
-70.784995,-33.553515,Low
-70.78546,-33.55336167,Low
-70.78585667,-33.55324,Low
-70.78627167,-33.55311667,Low
-70.78657333,-33.553025,Low
-70.78696,-33.5529,Low
-70.78735167,-33.55276833,Low
-70.787775,-33.55262167,Low
-70.78813333,-33.552505,Low
-70.78844167,-33.55243333,Low
-70.78894,-33.55227667,Medium
-70.78933667,-33.55214167,Medium
-70.78973833,-33.55200833,Medium
-70.79014833,-33.5519,Medium
-70.79051667,-33.55176667,Medium
-70.79094333,-33.55163833,Medium
-70.79135167,-33.55150667,Medium
-70.79197667,-33.55142333,Medium
-70.79233833,-33.55164,Medium
-70.79273,-33.55191167,Medium
-70.793215,-33.55224833,Medium
-70.79376833,-33.55262333,Medium
-70.794235,-33.55294667,Medium
-70.79461333,-33.55323667,Medium
-70.79494667,-33.553455,Medium
-70.79526333,-33.55366167,Medium
-70.795515,-33.55383167,Medium
-70.79576833,-33.55401667,Medium
-70.796175,-33.554315,Medium
-70.796615,-33.55460167,Medium
-70.79710667,-33.55495167,Medium
-70.79762833,-33.55533333,Medium
-70.79813,-33.55566167,Medium
-70.79863833,-33.55606667,Medium
-70.799115,-33.55642833,Medium
-70.79957333,-33.556755,Medium
-70.80015,-33.55721,Medium
-70.80043667,-33.55744333,Medium
-70.80077333,-33.557735,Medium
-70.801175,-33.55802833,Medium
-70.80158833,-33.55836833,Medium
-70.80205,-33.55872333,Medium
-70.80244833,-33.55906333,Medium
-70.80288667,-33.55942667,Medium
-70.803395,-33.559815,Medium
-70.80391167,-33.56023833,Medium
-70.804425,-33.56064333,Medium
-70.804955,-33.561085,Medium
-70.80548667,-33.56148667,Medium
-70.80597,-33.561865,Medium
-70.80630667,-33.56215667,Medium
-70.80661,-33.56240833,Medium
-70.806725,-33.56292667,Medium
-70.806465,-33.56315833,Medium
-70.806205,-33.56340833,Medium
-70.805965,-33.56360167,Medium
-70.80569667,-33.563855,Medium
-70.8054,-33.56410667,Medium
-70.80509167,-33.56438167,Medium
-70.80485167,-33.564605,Medium
-70.80457667,-33.56484667,Medium
-70.80428333,-33.565095,Medium
-70.80405667,-33.56533833,Medium
-70.80368833,-33.56579333,Medium
-70.80367167,-33.56607833,Medium
-70.80364333,-33.56647333,Medium
-70.80347167,-33.56675167,Medium
-70.80318,-33.56701333,Medium
-70.80284333,-33.56731,Medium
-70.80248833,-33.56761833,Medium
-70.80225,-33.56784667,Medium
-70.80187667,-33.56817833,Medium
-70.80159,-33.56843167,Medium
-70.80137833,-33.56863,Medium
-70.80111667,-33.56886,Medium
-70.800815,-33.56913167,Medium
-70.80054833,-33.56935333,Medium
-70.80039833,-33.56965833,Medium
-70.800165,-33.56995333,Medium
-70.79993,-33.57015833,Medium
-70.79965,-33.570395,Medium
-70.79974,-33.57066667,Medium
-70.80001167,-33.57087667,Medium
-70.80033167,-33.571115,Medium
-70.80064,-33.57137,Medium
-70.80089667,-33.571605,Medium
-70.80117833,-33.57186333,Medium
-70.80152167,-33.57215,Medium
-70.801805,-33.57241167,Medium
-70.80212167,-33.57266167,Medium
-70.80233167,-33.57283333,Medium
-70.80264667,-33.57269667,Medium
-70.80294333,-33.57251333,Medium
-70.80336,-33.57237,Medium
-70.803765,-33.57223,Medium
-70.80406167,-33.57205333,Medium
-70.80434833,-33.571815,Medium
-70.80464833,-33.57158333,Medium
-70.80490667,-33.571355,Medium
-70.80522,-33.57109833,Medium
-70.80553,-33.57083167,Medium
-70.80583,-33.57057333,Medium
-70.80621,-33.57025333,Medium
-70.8066,-33.56993333,Medium
-70.80697667,-33.5696,Medium
-70.80729,-33.569335,Medium
-70.80758333,-33.56909333,Medium
-70.80783167,-33.56888833,Medium
-70.80813833,-33.56863,Medium
-70.80842333,-33.568395,Medium
-70.80874167,-33.56812667,Medium
-70.80908167,-33.56781,Medium
-70.809465,-33.56749833,Medium
-70.80978833,-33.56723667,Medium
-70.81012167,-33.56695667,Medium
-70.81046,-33.56667,Medium
-70.81084,-33.56632167,Medium
-70.811155,-33.56606333,Medium
-70.81143667,-33.56609667,Medium
-70.811805,-33.56641667,Medium
-70.81228833,-33.56681,Medium
-70.81284333,-33.56722833,Medium
-70.81336667,-33.56764333,Medium
-70.81385833,-33.56803,Medium
-70.81431167,-33.568395,Medium
-70.81473833,-33.56872667,Medium
-70.81505167,-33.56896333,Medium
-70.81543833,-33.56926833,Medium
-70.81574167,-33.569515,Medium
-70.81609833,-33.56978,Medium
-70.81648833,-33.57009333,Medium
-70.81691333,-33.570375,Medium
-70.81726667,-33.57061333,Medium
-70.817545,-33.57081,Medium
-70.81778333,-33.57096333,Medium
-70.81817833,-33.57125,Medium
-70.818435,-33.57143167,Medium
-70.81871833,-33.57161833,Medium
-70.81901167,-33.571805,Medium
-70.819315,-33.572015,Medium
-70.81969333,-33.57227667,Medium
-70.82001,-33.57255833,Medium
-70.820315,-33.572895,Medium
-70.82063667,-33.57331333,Medium
-70.82093167,-33.57378167,Medium
-70.82121833,-33.57430167,Medium
-70.82151333,-33.57482667,Medium
-70.82182667,-33.57537833,Medium
-70.82213333,-33.5759,Medium
-70.822455,-33.576445,Medium
-70.82286,-33.57687333,Medium
-70.82335667,-33.57725333,Medium
-70.82387667,-33.57759833,Medium
-70.82435667,-33.57792,Medium
-70.82487333,-33.57825167,Low
-70.8254,-33.57857333,Low
-70.82589667,-33.578935,Low
-70.82639333,-33.579285,Low
-70.82684667,-33.57959,Low
-70.82727167,-33.57993167,Low
-70.82773,-33.58025833,Low
-70.82816333,-33.58059667,Low
-70.82857167,-33.58091167,Low
-70.82898,-33.58122167,Low
-70.82942,-33.58156667,Medium
-70.82987,-33.58190167,Medium
-70.83028,-33.58222167,Medium
-70.83071,-33.58253667,Medium
-70.831125,-33.58287,Medium
-70.83148833,-33.58315833,Medium
-70.83175,-33.58335167,Medium
-70.83210667,-33.583615,Medium
-70.832475,-33.583935,Medium
-70.83292333,-33.584275,Medium
-70.833435,-33.58465667,Medium
-70.83395667,-33.58507833,Medium
-70.83452167,-33.58551,Medium
-70.835125,-33.58595,Medium
-70.83571833,-33.58639333,Medium
-70.83629667,-33.58682,Medium
-70.83685833,-33.58724667,Low
-70.837435,-33.58766833,Low
-70.83801833,-33.58805833,Low
-70.83858667,-33.588455,Medium
-70.83917,-33.58884167,Medium
-70.839665,-33.58929167,Medium
-70.84008,-33.589815,Low
-70.840415,-33.59033833,Low
-70.84078167,-33.59083333,Low
-70.84116833,-33.59133833,Low
-70.84155667,-33.59187667,Low
-70.84197333,-33.59243333,Low
-70.84239667,-33.59298667,Low
-70.842825,-33.59355833,Medium
-70.84322333,-33.59410833,Medium
-70.843675,-33.594635,Medium
-70.84410333,-33.59511,Medium
-70.844515,-33.59562333,Medium
-70.84497167,-33.59612833,Medium
-70.84540333,-33.59661167,Medium
-70.84583667,-33.59710833,Medium
-70.84617667,-33.597475,Medium
-70.84642,-33.59772,Medium
-70.84664167,-33.59798833,Medium
-70.84691,-33.59831333,Medium
-70.84723167,-33.59869,Medium
-70.84758667,-33.599105,Medium
-70.84797,-33.59952667,Medium
-70.848325,-33.59995667,Medium
-70.84865167,-33.60033333,Medium
-70.84898667,-33.60072167,Medium
-70.84934167,-33.60113833,Medium
-70.84969,-33.60153833,Medium
-70.85002833,-33.60194333,Medium
-70.850395,-33.60235,Medium
-70.85074333,-33.60273667,Medium
-70.85108333,-33.60316167,Medium
-70.85148833,-33.60354833,Medium
-70.85187667,-33.60394667,Medium
-70.85225333,-33.60437,Medium
-70.852595,-33.60474,Medium
-70.852945,-33.60508167,Medium
-70.85330833,-33.60543833,Medium
-70.85368833,-33.60582,Medium
-70.854015,-33.60620667,Medium
-70.85437667,-33.60658833,Medium
-70.85476,-33.60693833,Medium
-70.855005,-33.60722,Medium
-70.855275,-33.607495,Medium
-70.85559,-33.60784833,Medium
-70.85598833,-33.60825,Medium
-70.85635833,-33.60862667,Medium
-70.85672333,-33.60899167,Medium
-70.85700667,-33.60926,Medium
-70.85726,-33.609535,Medium
-70.85754833,-33.60977667,Medium
-70.85800667,-33.60982833,Medium
-70.85836833,-33.60984167,Medium
-70.85875667,-33.60986167,Medium
-70.859135,-33.60988,Medium
-70.85951333,-33.60990167,Medium
-70.85992333,-33.60992667,Medium
-70.86031333,-33.60993333,Medium
-70.86063833,-33.60995,Medium
-70.86097833,-33.60996667,Medium
-70.86132167,-33.60998333,Medium
-70.86169167,-33.60999167,Medium
-70.86212,-33.61001667,Medium
-70.86247167,-33.61002667,Medium
-70.86293833,-33.61005333,Medium
-70.86346333,-33.61007667,Medium
-70.86399333,-33.61010167,Medium
-70.864505,-33.610125,Medium
-70.865025,-33.61015333,Medium
-70.86559833,-33.61017333,Medium
-70.86608,-33.610195,Medium
-70.86647333,-33.61020833,Medium
-70.86684833,-33.610225,Medium
-70.86732833,-33.61022167,Medium
-70.86777833,-33.61025833,Medium
-70.86819167,-33.610275,Medium
-70.86864833,-33.61030833,Medium
-70.86909167,-33.61033167,Medium
-70.86955833,-33.61034667,Medium
-70.87003833,-33.61038,Medium
-70.87046667,-33.61040167,Medium
-70.87080333,-33.61042,Medium
-70.871345,-33.61044333,Medium
-70.871735,-33.61045333,Medium
-70.87215833,-33.61046667,Medium
-70.87262167,-33.61047667,Medium
-70.87303333,-33.61051,Medium
-70.87345833,-33.61053167,Medium
-70.87385167,-33.61054,Medium
-70.87430667,-33.61056167,Medium
-70.87482333,-33.61058,Medium
-70.87539,-33.610605,Medium
-70.87595833,-33.61062833,Medium
-70.87651833,-33.61064333,Medium
-70.876975,-33.61067833,Medium
-70.87740667,-33.61069833,Medium
-70.87789667,-33.61073,Medium
-70.87847333,-33.61074833,Medium
-70.87907333,-33.61078167,Medium
-70.87968333,-33.61081,Medium
-70.88016667,-33.61082167,Medium
-70.880705,-33.61086167,Medium
-70.88078333,-33.61060333,Medium
-70.880585,-33.61028167,Medium
-70.75990667,-33.50928833,Medium
-70.75994167,-33.50893833,Medium
-70.75998333,-33.508545,Medium
-70.76001167,-33.50819,Medium
-70.759795,-33.50785167,Medium
-70.75944,-33.50783833,Medium
-70.759095,-33.50783167,Medium
-70.75875333,-33.50783333,Medium
-70.75814167,-33.50783167,Medium
-70.75763667,-33.507825,Medium
-70.75741333,-33.507995,Medium
-70.75741333,-33.50831667,Medium
-70.75743167,-33.50880667,Medium
-70.75742667,-33.50913333,Medium
-70.75744,-33.50985333,Medium
-70.75746167,-33.510435,Medium
-70.75744667,-33.510755,High
-70.75744,-33.511165,High
-70.75745333,-33.51175167,Medium
-70.75744667,-33.51205667,Medium
-70.75745167,-33.51238333,Medium
-70.75743167,-33.51282667,Medium
-70.75746167,-33.51329667,Medium
-70.757455,-33.513795,Medium
-70.75743167,-33.51424667,Medium
-70.75741833,-33.51469667,Medium
-70.75741167,-33.51516667,Medium
-70.75740667,-33.51560667,Medium
-70.75740667,-33.515915,Medium
-70.75767667,-33.51627333,Medium
-70.75804833,-33.51632833,Medium
-70.75844167,-33.51641167,Medium
-70.75889833,-33.51653333,Medium
-70.75951333,-33.51662333,Medium
-70.76015167,-33.51676833,Medium
-70.76078833,-33.51689833,Medium
-70.76138333,-33.51701333,Medium
-70.76196167,-33.51712667,Medium
-70.76250167,-33.51724833,Medium
-70.76290333,-33.51733667,Medium
-70.76334,-33.51741833,Medium
-70.76372,-33.517505,Medium
-70.76419333,-33.51759667,Medium
-70.76460333,-33.51768333,Medium
-70.765005,-33.51775,Medium
-70.76542833,-33.51772833,Medium
-70.76584833,-33.51774333,Medium
-70.76631,-33.51777333,Medium
-70.76680333,-33.517775,Medium
-70.76729833,-33.51779833,Medium
-70.767755,-33.51781333,Medium
-70.76816333,-33.517835,Medium
-70.76851167,-33.51785333,Medium
-70.76885,-33.51786667,Medium
-70.76923833,-33.51787167,Medium
-70.76973333,-33.51787333,Medium
-70.77020333,-33.51788833,Medium
-70.77054833,-33.51791333,Medium
-70.77099167,-33.517935,Medium
-70.77137333,-33.51795,Medium
-70.77178167,-33.517965,Medium
-70.77223833,-33.51798833,Medium
-70.772695,-33.518,Medium
-70.77321167,-33.51802833,Medium
-70.77374167,-33.51805333,Medium
-70.7742,-33.51806,Medium
-70.77459667,-33.51807667,Medium
-70.775245,-33.51810333,Medium
-70.77562667,-33.51812833,Medium
-70.77613833,-33.51813833,Medium
-70.77664667,-33.518135,Medium
-70.777195,-33.51813667,Medium
-70.77764667,-33.518175,Medium
-70.77799,-33.51820167,Medium
-70.77894167,-33.51821333,Medium
-70.779315,-33.51821333,Medium
-70.77977833,-33.51821833,Medium
-70.78021333,-33.51822667,Medium
-70.78065,-33.518245,Medium
-70.781165,-33.51826167,Medium
-70.78171667,-33.5183,Medium
-70.78214,-33.5183,Medium
-70.78244833,-33.518305,Medium
-70.78295333,-33.51831167,Medium
-70.78352,-33.51830833,Medium
-70.78411167,-33.51834667,Medium
-70.78469833,-33.51833333,Medium
-70.78517,-33.51834333,Medium
-70.78555333,-33.51837333,Medium
-70.78599333,-33.51860167,Medium
-70.78602833,-33.51888167,Medium
-70.78605667,-33.51926167,Medium
-70.78617,-33.51968167,Medium
-70.78622833,-33.52028333,Medium
-70.786285,-33.52062167,Medium
-70.78634,-33.521035,Medium
-70.78638833,-33.52144167,Medium
-70.78650167,-33.52176167,Medium
-70.78660333,-33.522165,Medium
-70.78666333,-33.52258167,Medium
-70.78674167,-33.52307167,Medium
-70.786785,-33.52335,Medium
-70.78683667,-33.523735,Medium
-70.78690833,-33.524175,Medium
-70.78698333,-33.52455,Medium
-70.78701833,-33.52488,Medium
-70.78703333,-33.525195,Medium
-70.787055,-33.52562167,Medium
-70.78708167,-33.526055,Low
-70.78709333,-33.526415,Low
-70.78713333,-33.52677833,Low
-70.78716333,-33.52712333,Low
-70.787175,-33.52744,Low
-70.78719,-33.527785,Low
-70.78723833,-33.52809833,Low
-70.787325,-33.52851,Low
-70.78741333,-33.52891,Low
-70.78747,-33.529205,Low
-70.78751667,-33.529505,Low
-70.78758,-33.52988667,Low
-70.787635,-33.53022,Low
-70.78768667,-33.53049,Low
-70.78774333,-33.53080833,Low
-70.78781,-33.53114333,Low
-70.78786333,-33.53141,Medium
-70.78792333,-33.53173167,Medium
-70.78797333,-33.53201,Medium
-70.78796,-33.53230667,Medium
-70.78783833,-33.53204,Medium
-70.787785,-33.53172167,Low
-70.78772667,-33.53137,Low
-70.78764667,-33.53096833,Low
-70.78760833,-33.53068167,Low
-70.78753833,-33.53037333,Low
-70.78744333,-33.52997833,Low
-70.78739333,-33.52962167,Low
-70.78732333,-33.52928,Low
-70.78724667,-33.52887,Low
-70.78719833,-33.528445,Low
-70.78712833,-33.528095,Low
-70.78706167,-33.527655,Low
-70.787075,-33.527395,Low
-70.78704167,-33.52706167,Low
-70.78700667,-33.52675,Low
-70.78698667,-33.5264,Low
-70.78649333,-33.52623833,Medium
-70.786095,-33.52622833,Medium
-70.78564167,-33.52622333,Medium
-70.78523167,-33.52620833,Medium
-70.78488333,-33.5262,Medium
-70.78447,-33.52619667,Medium
-70.78410667,-33.52618,Medium
-70.78372167,-33.52615667,Medium
-70.78331,-33.52615,Medium
-70.78293333,-33.52615,Medium
-70.78257333,-33.52614333,Medium
-70.78220167,-33.526135,Medium
-70.7818,-33.52611,Medium
-70.78142,-33.52608667,Medium
-70.78101333,-33.52607333,Medium
-70.78063333,-33.52608,Medium
-70.780255,-33.52607167,Medium
-70.77988667,-33.52605333,Medium
-70.779425,-33.526025,Medium
-70.77907333,-33.52602833,Medium
-70.77873667,-33.52602333,Medium
-70.77848333,-33.52613167,Medium
-70.77836,-33.52639833,Medium
-70.77822,-33.52669,Medium
-70.77808333,-33.52696,High
-70.77792333,-33.52733667,High
-70.77776667,-33.52763833,High
-70.777585,-33.52796,High
-70.77743667,-33.52833667,High
-70.77724167,-33.528725,High
-70.77696,-33.52904333,High
-70.77673167,-33.52935167,High
-70.77644667,-33.529645,High
-70.776235,-33.52991167,High
-70.77602167,-33.53017167,High
-70.775785,-33.53043833,High
-70.77551833,-33.53075333,High
-70.77525167,-33.53106167,High
-70.77486333,-33.531555,Medium
-70.77456167,-33.53180333,Medium
-70.7742,-33.53215,Medium
-70.77382167,-33.53255667,Medium
-70.773465,-33.53292833,Medium
-70.77314,-33.53324,Medium
-70.772915,-33.53347833,Medium
-70.77261833,-33.53379167,Medium
-70.77241167,-33.53401833,Medium
-70.77219833,-33.53423,Medium
-70.77198,-33.5345,Medium
-70.77171333,-33.53477833,Medium
-70.77137167,-33.535105,Medium
-70.77104833,-33.53545333,Medium
-70.77075,-33.53567333,Medium
-70.77038,-33.535745,Medium
-70.77012333,-33.53594333,Medium
-70.77009667,-33.53630167,Medium
-70.77044167,-33.53652333,Medium
-70.77089167,-33.53683,Medium
-70.77142167,-33.53716333,Medium
-70.77190333,-33.53750833,Medium
-70.77237667,-33.53782667,Medium
-70.77283333,-33.53812333,Medium
-70.77327,-33.53842333,Medium
-70.77369167,-33.53872167,Medium
-70.77407833,-33.53899667,Medium
-70.77439833,-33.53922833,Medium
-70.77480167,-33.53949,Medium
-70.77522,-33.53977833,Medium
-70.77565,-33.54008,Medium
-70.77602333,-33.54036167,Medium
-70.77634833,-33.54057,Medium
-70.77667,-33.54078167,Medium
-70.77697667,-33.54104833,Medium
-70.77730667,-33.541295,Medium
-70.77762833,-33.54152667,Medium
-70.77789167,-33.54172667,Medium
-70.77824,-33.54197167,Medium
-70.77820333,-33.54228,Medium
-70.77789667,-33.54243167,Medium
-70.777575,-33.542585,Medium
-70.77720667,-33.54275,Medium
-70.77681333,-33.542935,Medium
-70.77642167,-33.54310167,Medium
-70.77607667,-33.54324333,Medium
-70.775735,-33.54340667,Medium
-70.775365,-33.54357833,Medium
-70.77499333,-33.54375167,Medium
-70.774685,-33.54390333,Medium
-70.77439333,-33.54405333,Medium
-70.77406167,-33.54420833,Medium
-70.77373667,-33.544355,Medium
-70.77327667,-33.54453667,Medium
-70.77295833,-33.544695,Medium
-70.77259333,-33.54487,Medium
-70.77227333,-33.545025,Medium
-70.77189333,-33.54516833,Medium
-70.771585,-33.54530667,Medium
-70.771275,-33.54545833,Medium
-70.77094333,-33.54562,Medium
-70.77053167,-33.54582,Medium
-70.77020667,-33.54597833,Medium
-70.76994833,-33.54609833,Medium
-70.76965333,-33.54622667,Medium
-70.76930667,-33.54637833,Medium
-70.768915,-33.54655167,Medium
-70.76853167,-33.54673,Medium
-70.76825,-33.546855,Medium
-70.767895,-33.54701667,Medium
-70.76751,-33.54719167,Medium
-70.76719667,-33.54734333,Medium
-70.76682333,-33.54752,Medium
-70.76649333,-33.54768167,Medium
-70.76614167,-33.547845,Medium
-70.76575333,-33.548015,Medium
-70.76538667,-33.54820333,Medium
-70.76504,-33.54837,Medium
-70.76519,-33.54868667,Medium
-70.76539833,-33.54899167,Medium
-70.765565,-33.54921,Medium
-70.76589,-33.54939,Medium
-70.76609,-33.54965333,Medium
-70.76628,-33.549955,Medium
-70.76647333,-33.55025,Medium
-70.76667833,-33.55057333,Medium
-70.766875,-33.550915,Medium
-70.76709833,-33.55127167,Medium
-70.76732167,-33.55158667,Medium
-70.767525,-33.55189667,Medium
-70.76769667,-33.552165,Medium
-70.76787167,-33.55243667,Medium
-70.76802833,-33.55277333,Medium
-70.76815667,-33.55311667,Medium
-70.76828833,-33.553435,Medium
-70.76845333,-33.55367167,Medium
-70.76861,-33.55389,Medium
-70.76876833,-33.55414667,Medium
-70.76893833,-33.554415,Medium
-70.769175,-33.55477167,Medium
-70.76936,-33.55504167,Medium
-70.76955,-33.55532667,Medium
-70.76977667,-33.55566333,Medium
-70.77003833,-33.55610333,Low
-70.77024167,-33.55639,Low
-70.77044333,-33.55668833,Low
-70.77065,-33.55702667,Low
-70.77099667,-33.557535,Low
-70.77124167,-33.55795,Low
-70.77149167,-33.55834833,Low
-70.77198667,-33.55841167,Medium
-70.77233,-33.55829333,Medium
-70.77272333,-33.55816,Medium
-70.77311,-33.55802667,Medium
-70.77345667,-33.55791167,Low
-70.77381833,-33.557795,Low
-70.77423333,-33.55764833,Low
-70.77460333,-33.55752,Low
-70.77498333,-33.55738167,Low
-70.77536667,-33.55724833,Low
-70.77578667,-33.55709667,Low
-70.77619,-33.55696333,Low
-70.776615,-33.55683333,Low
-70.77701333,-33.55668167,Low
-70.77740333,-33.556555,Low
-70.777785,-33.55640167,Low
-70.77813,-33.55628333,Low
-70.77830333,-33.55601833,Low
-70.77827,-33.55567333,Low
-70.778645,-33.55552,Low
-70.77896667,-33.55541333,Low
-70.77929,-33.55531167,Low
-70.77959667,-33.55521167,Low
-70.77989167,-33.55512,Low
-70.78019333,-33.55502333,Low
-70.78052667,-33.55490833,Low
-70.78094667,-33.55477833,Low
-70.78128667,-33.55467167,Low
-70.78175333,-33.55452167,Low
-70.78213333,-33.55439333,Low
-70.78248667,-33.55428,Low
-70.78287667,-33.55418667,Low
-70.78321833,-33.55408167,Low
-70.78359,-33.55395,Low
-70.78403667,-33.553805,Low
-70.784405,-33.55370333,Low
-70.78475667,-33.55359667,Low
-70.78523167,-33.55343833,Low
-70.78565667,-33.5533,Low
-70.78612667,-33.55316167,Low
-70.786425,-33.55307333,Low
-70.78671833,-33.55298,Low
-70.78717833,-33.55282667,Low
-70.78755667,-33.55270167,Low
-70.787975,-33.552555,Low
-70.78828167,-33.55247667,Low
-70.78868333,-33.55235167,Low
-70.789195,-33.55218333,Medium
-70.789475,-33.552095,Medium
-70.78994,-33.55195167,Medium
-70.79038167,-33.55182,Medium
-70.79068667,-33.55170833,Medium
-70.79115167,-33.55157333,Medium
-70.792135,-33.55152333,Medium
-70.79252667,-33.55176833,Medium
-70.79295333,-33.55208667,Medium
-70.7935,-33.55242833,Medium
-70.793995,-33.55277833,Medium
-70.79444167,-33.5531,Medium
-70.7948,-33.55335833,Medium
-70.795045,-33.55351667,Medium
-70.79539,-33.55374167,Medium
-70.79563167,-33.55392167,Medium
-70.79595167,-33.55413833,Medium
-70.79639833,-33.55446167,Medium
-70.79684833,-33.554775,Medium
-70.79737333,-33.55515167,Medium
-70.79789,-33.555495,Medium
-70.79839,-33.55586667,Medium
-70.798875,-33.55624333,Medium
-70.79935333,-33.556605,Medium
-70.8,-33.55709,Medium
-70.80028667,-33.55732,Medium
-70.80058667,-33.55758667,Medium
-70.80096167,-33.55786333,Medium
-70.80139,-33.55820333,Medium
-70.80182667,-33.558545,Medium
-70.80225667,-33.558885,Medium
-70.80266667,-33.55925,Medium
-70.80313667,-33.559615,Medium
-70.80364167,-33.56001333,Medium
-70.80417167,-33.56045,Medium
-70.8047,-33.56086,Medium
-70.80523833,-33.56129333,Medium
-70.80573833,-33.56167833,Medium
-70.80615167,-33.562015,Medium
-70.80645833,-33.56228,Medium
-70.806735,-33.56251333,Medium
-70.80683,-33.56282667,Medium
-70.8066,-33.56303833,Medium
-70.80633,-33.56328667,Medium
-70.806075,-33.56350833,Medium
-70.80580833,-33.56375333,Medium
-70.80555167,-33.56397667,Medium
-70.80523333,-33.56425333,Medium
-70.80496333,-33.56450667,Medium
-70.80469,-33.56474333,Medium
-70.80443,-33.564965,Medium
-70.80416167,-33.56522333,Medium
-70.80377833,-33.56560167,Medium
-70.80368333,-33.56593,Medium
-70.80365167,-33.56628833,Medium
-70.80357667,-33.56664333,Medium
-70.803335,-33.56688167,Medium
-70.80302,-33.56717,Medium
-70.80265333,-33.56745667,Medium
-70.80235333,-33.56775333,Medium
-70.80199667,-33.56807333,Medium
-70.80173167,-33.56830667,Medium
-70.80149167,-33.56852333,Medium
-70.80126167,-33.568735,Medium
-70.80096667,-33.56899333,Medium
-70.80067333,-33.56924333,Medium
-70.80046667,-33.56949,Medium
-70.80029833,-33.569815,Medium
-70.80004,-33.57006333,Medium
-70.799765,-33.57030667,Medium
-70.79959,-33.570555,Medium
-70.79986333,-33.57076,Medium
-70.80017,-33.570995,Medium
-70.80050833,-33.57123667,Medium
-70.80077333,-33.57149167,Medium
-70.80103833,-33.57173833,Medium
-70.80136,-33.57200667,Medium
-70.80166,-33.572275,Medium
-70.80195,-33.57253167,Medium
-70.80224,-33.57277,Medium
-70.8025,-33.57282333,Medium
-70.802775,-33.57260167,Medium
-70.80316333,-33.57244,Medium
-70.80357,-33.57230667,Medium
-70.80390667,-33.572155,Medium
-70.80420333,-33.57194,Medium
-70.804495,-33.57169833,Medium
-70.80480333,-33.57144667,Medium
-70.80508833,-33.57120833,Medium
-70.80537167,-33.57096667,Medium
-70.80568,-33.57070333,Medium
-70.80601333,-33.57041167,Medium
-70.806405,-33.57008833,Medium
-70.80679667,-33.56976,Medium
-70.80714333,-33.56946667,Medium
-70.80743333,-33.569215,Medium
-70.80771833,-33.56898333,Medium
-70.80803167,-33.56872333,Medium
-70.80827333,-33.56851833,Medium
-70.80858667,-33.56827167,Medium
-70.80892667,-33.56797167,Medium
-70.80928333,-33.56764167,Medium
-70.80962667,-33.56736667,Medium
-70.80995167,-33.5671,Medium
-70.81029,-33.56680167,Medium
-70.81057833,-33.56655833,Medium
-70.81098667,-33.56620167,Medium
-70.81128833,-33.56602667,Medium
-70.81161,-33.56624,Medium
-70.81203833,-33.566595,Medium
-70.81257333,-33.56703167,Medium
-70.813105,-33.567435,Medium
-70.81361667,-33.56784667,Medium
-70.81409667,-33.56820833,Medium
-70.81454333,-33.56855667,Medium
-70.81492333,-33.56885667,Medium
-70.81532667,-33.56918,Medium
-70.81558,-33.569375,Medium
-70.81592167,-33.56964,Medium
-70.81628333,-33.56994,Medium
-70.81671167,-33.57023667,Medium
-70.8171,-33.57048833,Medium
-70.81741167,-33.570715,Medium
-70.81766833,-33.57088833,Medium
-70.81801167,-33.571125,Medium
-70.8183,-33.57134,Medium
-70.81857333,-33.571525,Medium
-70.818865,-33.57171,Medium
-70.81916167,-33.57190667,Medium
-70.8195,-33.57214333,Medium
-70.81988333,-33.57241167,Medium
-70.82015167,-33.572725,Medium
-70.820485,-33.5731,Medium
-70.82078,-33.573555,Medium
-70.82107833,-33.57403,Medium
-70.82136667,-33.57456833,Medium
-70.82166833,-33.57509667,Medium
-70.82199167,-33.57562667,Medium
-70.82227667,-33.576185,Medium
-70.82266,-33.576675,Medium
-70.82310333,-33.577075,Medium
-70.82361,-33.57744333,Medium
-70.824105,-33.577765,Medium
-70.82462,-33.57808833,Low
-70.82514,-33.57840667,Low
-70.82564833,-33.57876333,Low
-70.82615833,-33.57910833,Low
-70.82662667,-33.57943333,Low
-70.82705333,-33.57976333,Low
-70.82750667,-33.58009833,Low
-70.82793333,-33.58042833,Low
-70.828365,-33.58075667,Low
-70.828775,-33.58107167,Low
-70.82918833,-33.58139667,Medium
-70.82966,-33.58173,Medium
-70.83006833,-33.58206333,Medium
-70.830495,-33.58238333,Medium
-70.83091833,-33.5827,Medium
-70.83132,-33.58303333,Medium
-70.83160167,-33.58323833,Medium
-70.83192167,-33.58348667,Medium
-70.832295,-33.583775,Medium
-70.832685,-33.58409167,Medium
-70.83317,-33.58445833,Medium
-70.83370167,-33.58486833,Medium
-70.83424167,-33.58528167,Medium
-70.83481167,-33.58572,Medium
-70.83541833,-33.58617833,Medium
-70.83600833,-33.58661333,Medium
-70.836585,-33.58702833,Low
-70.83714167,-33.587455,Low
-70.83772667,-33.587865,Low
-70.83830167,-33.58825833,Medium
-70.838885,-33.58864167,Medium
-70.83943833,-33.58905833,Medium
-70.83988833,-33.589535,Medium
-70.84025333,-33.59007167,Low
-70.8406,-33.59059333,Low
-70.840975,-33.59108333,Low
-70.84136333,-33.59161167,Low
-70.84176,-33.59215167,Low
-70.84218667,-33.59270667,Low
-70.84261333,-33.59327833,Low
-70.843035,-33.59384,Medium
-70.84344833,-33.59437667,Medium
-70.843895,-33.594875,Medium
-70.84431667,-33.59534833,Medium
-70.84469333,-33.595905,Medium
-70.84518167,-33.59636,Medium
-70.84562,-33.59687167,Medium
-70.84603167,-33.597315,Medium
-70.846325,-33.59761833,Medium
-70.846535,-33.59786,Medium
-70.84677,-33.59814,Medium
-70.84706833,-33.5985,Medium
-70.847405,-33.59889667,Medium
-70.84778167,-33.59930833,Medium
-70.84816,-33.59975,Medium
-70.84848333,-33.60014833,Medium
-70.84881667,-33.600525,Medium
-70.849165,-33.60093167,Medium
-70.84950667,-33.601355,Medium
-70.84985333,-33.60174167,Medium
-70.85020667,-33.602145,Medium
-70.85055167,-33.60253,Medium
-70.85091833,-33.60294167,Medium
-70.85127833,-33.60335833,Medium
-70.85167667,-33.603745,Medium
-70.85207167,-33.60416167,Medium
-70.85242833,-33.60456167,Medium
-70.85276667,-33.604915,Medium
-70.853125,-33.60525,Medium
-70.85351167,-33.60562333,Medium
-70.85385,-33.60601,Medium
-70.85419167,-33.60639,Medium
-70.85458,-33.60677667,Medium
-70.854885,-33.60707167,Medium
-70.85515667,-33.60737333,Medium
-70.85540667,-33.60766,Medium
-70.85578667,-33.60804167,Medium
-70.85619333,-33.60844167,Medium
-70.85654333,-33.60881167,Medium
-70.85688333,-33.60913333,Medium
-70.857095,-33.609355,Medium
-70.857385,-33.60967,Medium
-70.857805,-33.60981667,Medium
-70.85817667,-33.60983333,Medium
-70.85856333,-33.60985167,Medium
-70.858945,-33.60987,Medium
-70.85932167,-33.60989,Medium
-70.85971833,-33.60991333,Medium
-70.860125,-33.60993333,Medium
-70.86048333,-33.60994167,Medium
-70.86080333,-33.60995833,Medium
-70.86114833,-33.60997333,Medium
-70.86150833,-33.60999,Medium
-70.86190167,-33.61000333,Medium
-70.86227167,-33.61001667,Medium
-70.86269833,-33.61003667,Medium
-70.863185,-33.61006667,Medium
-70.86373167,-33.610095,Medium
-70.864245,-33.61011,Medium
-70.86475667,-33.61013333,Medium
-70.86532,-33.610165,Medium
-70.86585667,-33.6102,Medium
-70.86629667,-33.61019667,Medium
-70.86670167,-33.610215,Medium
-70.86705667,-33.61022667,Medium
-70.86756833,-33.610235,Medium
-70.867975,-33.61027167,Medium
-70.86840667,-33.61029167,Medium
-70.86886333,-33.61032,Medium
-70.86933,-33.61033667,Medium
-70.86979333,-33.61036333,Medium
-70.87027333,-33.61038333,Medium
-70.87065167,-33.61041333,Medium
-70.870955,-33.61042167,Medium
-70.87152667,-33.61044833,Medium
-70.871945,-33.61045833,Medium
-70.87238333,-33.610475,Medium
-70.87283333,-33.610495,Medium
-70.87325167,-33.61052167,Medium
-70.87364833,-33.61053333,Medium
-70.87407,-33.61054667,Medium
-70.87455833,-33.61057167,Medium
-70.87510833,-33.61058833,Medium
-70.87567333,-33.61061333,Medium
-70.87624,-33.61064,Medium
-70.87677333,-33.61066,Medium
-70.87722167,-33.61068833,Medium
-70.87764,-33.61071167,Medium
-70.87816833,-33.61074333,Medium
-70.87875833,-33.61076833,Medium
-70.87939,-33.61080333,Medium
-70.87994333,-33.61081,Medium
-70.88032,-33.61083667,Medium
-70.88087667,-33.61077333,Medium
-70.88065667,-33.6104,Medium
-70.88052,-33.610155,Medium
-70.70631694,-33.36548833,High
-70.71353733,-33.366701,High
-70.71548458,-33.36115375,High
-70.71892875,-33.36037417,High
-70.71954542,-33.36027417,High
-70.72072667,-33.35999625,High
-70.72074552,-33.3576949,High
-70.72860572,-33.35291489,High
-70.72927917,-33.35580688,High
-70.729295,-33.35634958,High
-70.72930722,-33.357305,High
-70.73704292,-33.35797063,High
-70.74809861,-33.35462597,High
-70.74961708,-33.35450417,High
-70.75010167,-33.35922444,High
-70.74953083,-33.36009583,High
-70.74913563,-33.36075875,High
-70.780765,-33.36763083,High
-70.78114062,-33.36777583,High
-70.76066875,-33.38633083,High
-70.74669333,-33.38286083,High
-70.72278667,-33.37846083,High
-70.71561056,-33.37443944,High
-70.70633333,-33.36562667,High
-70.70671667,-33.36574333,High
-70.70714333,-33.36583333,High
-70.70759667,-33.3659,High
-70.708045,-33.36591,High
-70.70846833,-33.36590333,High
-70.708905,-33.36591167,High
-70.70941667,-33.365955,High
-70.709915,-33.36602667,High
-70.71042,-33.3661,High
-70.71087833,-33.36618333,High
-70.71124167,-33.36625167,High
-70.71157167,-33.36629833,High
-70.711915,-33.36635833,High
-70.712255,-33.366425,High
-70.71261833,-33.366505,High
-70.71303,-33.3666,High
-70.71338333,-33.36666833,High
-70.71373667,-33.36665167,High
-70.71385833,-33.36629667,High
-70.71396167,-33.36595167,High
-70.71406167,-33.36565333,High
-70.71409,-33.365355,High
-70.71406333,-33.365015,High
-70.714035,-33.36464,High
-70.71399667,-33.36425667,High
-70.713985,-33.36393,High
-70.71396333,-33.36360833,High
-70.71400833,-33.36323333,High
-70.71407667,-33.36293667,High
-70.71406833,-33.362625,High
-70.71404167,-33.362305,High
-70.71401167,-33.36195667,High
-70.71398667,-33.36163167,High
-70.71396167,-33.36136,High
-70.71426167,-33.36121167,High
-70.71462,-33.36122667,High
-70.71495667,-33.36120667,High
-70.71525667,-33.36118833,High
-70.71590167,-33.36105167,High
-70.716305,-33.36095833,High
-70.71679667,-33.36084667,High
-70.71712667,-33.36077667,High
-70.71748333,-33.36070333,High
-70.71781667,-33.36063667,High
-70.71813167,-33.36056333,High
-70.718435,-33.36047333,High
-70.71926167,-33.36032833,High
-70.72004667,-33.36014667,High
-70.72054333,-33.36006167,High
-70.72080167,-33.35972167,High
-70.720795,-33.35938667,High
-70.72078,-33.35904833,High
-70.72077,-33.3587,High
-70.72076167,-33.35832833,High
-70.72074333,-33.358015,High
-70.72073667,-33.35727333,High
-70.720725,-33.356935,High
-70.720715,-33.35660833,High
-70.720715,-33.35624333,High
-70.72069333,-33.35583833,High
-70.720695,-33.35543333,High
-70.72071667,-33.355035,High
-70.72072833,-33.35469,High
-70.72099167,-33.35446833,High
-70.7213,-33.35438833,High
-70.72168833,-33.35428,High
-70.72208,-33.35417833,High
-70.72249167,-33.35409667,High
-70.72296667,-33.35399,High
-70.72347167,-33.35388333,High
-70.72379667,-33.35380667,High
-70.72424667,-33.35375,High
-70.72459,-33.35370833,High
-70.724955,-33.35366333,High
-70.72538333,-33.35362,High
-70.72574833,-33.35356667,High
-70.72617667,-33.35348667,High
-70.72661167,-33.35339833,High
-70.72703,-33.35331667,High
-70.72748,-33.35323167,High
-70.72794667,-33.353135,High
-70.72831833,-33.35303333,High
-70.72878,-33.35286167,High
-70.72909333,-33.352895,High
-70.72912667,-33.35322167,High
-70.72914833,-33.35357,High
-70.72916833,-33.35394667,High
-70.729185,-33.35430667,High
-70.72921833,-33.35467167,High
-70.72923333,-33.35502667,High
-70.72924667,-33.35530333,High
-70.729275,-33.35568167,High
-70.72928833,-33.35609667,High
-70.72932,-33.356725,High
-70.72931667,-33.356985,High
-70.72931833,-33.35759833,High
-70.72960333,-33.35768167,High
-70.72993167,-33.35768333,High
-70.73026667,-33.35768667,High
-70.73062,-33.35770833,High
-70.73101167,-33.35771833,High
-70.73141667,-33.357735,High
-70.73182167,-33.35774833,High
-70.73225167,-33.35775167,High
-70.732715,-33.357755,High
-70.73321667,-33.35776167,High
-70.73363,-33.35777167,High
-70.734035,-33.35777833,High
-70.73436333,-33.357795,High
-70.73475833,-33.35779333,High
-70.73520333,-33.35779333,High
-70.73568833,-33.35780167,High
-70.736195,-33.35780833,High
-70.73662833,-33.35788,High
-70.73720833,-33.35801,High
-70.73733333,-33.357735,High
-70.73742,-33.35744833,High
-70.73750833,-33.35714667,High
-70.73760167,-33.35682333,High
-70.73770167,-33.35646667,High
-70.73780333,-33.35610167,High
-70.73811667,-33.35584833,High
-70.73847667,-33.35579833,High
-70.738835,-33.35574667,High
-70.73920333,-33.35571167,High
-70.73959167,-33.35565,High
-70.73997,-33.35560333,High
-70.74031833,-33.35555333,High
-70.74066833,-33.35550167,High
-70.74103667,-33.35546667,High
-70.74141333,-33.355425,High
-70.74178167,-33.35538,High
-70.74216333,-33.35533333,High
-70.74256667,-33.35528333,High
-70.74291833,-33.35523,High
-70.74326833,-33.355185,High
-70.74362167,-33.35513167,High
-70.74396333,-33.35508667,High
-70.74434333,-33.35503667,High
-70.744695,-33.35498833,High
-70.74500333,-33.35494333,High
-70.74545333,-33.35489,High
-70.74577667,-33.35485167,High
-70.74614833,-33.35483667,High
-70.74646833,-33.35478667,High
-70.74698667,-33.35474,High
-70.74747333,-33.354695,High
-70.747805,-33.35467,High
-70.74852,-33.35458333,High
-70.74890167,-33.35455,High
-70.749285,-33.35450167,High
-70.74967167,-33.3547,High
-70.74978833,-33.35500333,High
-70.75012833,-33.35514333,High
-70.75043333,-33.35526,High
-70.75079167,-33.35539667,High
-70.75114167,-33.35554,High
-70.751485,-33.355675,High
-70.75176167,-33.35585833,High
-70.751625,-33.35617167,High
-70.75140667,-33.35661167,High
-70.75127167,-33.35692833,High
-70.75109,-33.357305,High
-70.75093333,-33.35766167,High
-70.75073333,-33.35803667,High
-70.75055833,-33.358385,High
-70.750395,-33.358685,High
-70.75022,-33.35898333,High
-70.749975,-33.35942,High
-70.74975333,-33.35973833,High
-70.74936333,-33.36036167,High
-70.74921667,-33.36060833,High
-70.749645,-33.360975,High
-70.75000833,-33.36106333,High
-70.75041167,-33.36113167,High
-70.75080167,-33.36120333,High
-70.75118333,-33.36127333,High
-70.75156333,-33.361345,High
-70.75190333,-33.36140833,High
-70.752285,-33.361485,High
-70.752615,-33.361545,High
-70.75290833,-33.3616,High
-70.75338667,-33.361695,High
-70.75380167,-33.36176667,High
-70.75403833,-33.36197167,High
-70.753885,-33.36230833,High
-70.75375,-33.36260667,High
-70.75360333,-33.36294167,High
-70.75344667,-33.36329833,High
-70.75326833,-33.36369667,High
-70.75310833,-33.36403833,High
-70.75306,-33.36431833,High
-70.75321167,-33.36468,High
-70.75354333,-33.36491167,High
-70.75380333,-33.36514167,High
-70.75410667,-33.365385,High
-70.75446167,-33.36568667,High
-70.75481333,-33.36594333,High
-70.75507167,-33.36613167,High
-70.75532833,-33.36637,High
-70.754995,-33.36647667,High
-70.75457167,-33.36655833,High
-70.75422333,-33.36664833,High
-70.75379667,-33.366745,High
-70.75340667,-33.36683333,High
-70.753025,-33.36692167,High
-70.75263167,-33.36701333,High
-70.75224,-33.3671,High
-70.75187667,-33.36717833,High
-70.75153,-33.36725333,High
-70.75121667,-33.36731667,High
-70.75084167,-33.36739,High
-70.7505,-33.36748167,High
-70.75004833,-33.36758333,High
-70.74959167,-33.36768667,High
-70.74914167,-33.36778,High
-70.748685,-33.36785167,High
-70.74833,-33.36790333,High
-70.74797167,-33.36796833,High
-70.747655,-33.36805667,High
-70.74727667,-33.36813833,High
-70.74686667,-33.36823,High
-70.74644333,-33.368325,High
-70.74639,-33.36864167,High
-70.74655833,-33.369025,High
-70.74664333,-33.36928333,High
-70.74673833,-33.36955167,High
-70.74651167,-33.3698,High
-70.74618333,-33.36986833,High
-70.74580333,-33.36994667,High
-70.74540667,-33.37004667,High
-70.745005,-33.37014833,High
-70.74467833,-33.370225,High
-70.74434167,-33.370315,High
-70.74388667,-33.3704,High
-70.74354167,-33.37047667,High
-70.74314333,-33.37058167,High
-70.74282667,-33.37065833,High
-70.74258167,-33.37096667,High
-70.74288167,-33.371105,High
-70.743165,-33.37121667,High
-70.74349,-33.37138167,High
-70.74379667,-33.37161833,High
-70.74425667,-33.37177,High
-70.74464167,-33.371685,High
-70.74491833,-33.37162,High
-70.74530333,-33.37153167,High
-70.74568,-33.371415,High
-70.74602,-33.37133833,High
-70.74641,-33.37125667,High
-70.74677833,-33.37117667,High
-70.74723667,-33.37107667,High
-70.747755,-33.37094,High
-70.748185,-33.37085167,High
-70.74865167,-33.37069833,High
-70.7491,-33.37052833,High
-70.749525,-33.37037167,High
-70.74998,-33.370205,High
-70.75049,-33.37009667,High
-70.75103667,-33.37005667,High
-70.75161167,-33.37002333,High
-70.75214,-33.36997,High
-70.75264333,-33.36990667,High
-70.75314167,-33.369845,High
-70.75365,-33.36980167,High
-70.754095,-33.36974,High
-70.754515,-33.36968333,High
-70.75467333,-33.36993333,High
-70.75480833,-33.37025167,High
-70.75496,-33.37062167,High
-70.75510667,-33.37100167,High
-70.75524667,-33.37130333,High
-70.75546333,-33.371585,High
-70.75572333,-33.3719,High
-70.756005,-33.37221333,High
-70.756375,-33.37258,High
-70.75672833,-33.37292833,High
-70.75705667,-33.37325333,High
-70.75730667,-33.373555,High
-70.75750167,-33.37381833,High
-70.75782167,-33.373795,High
-70.75823167,-33.3737,High
-70.75873333,-33.37359333,High
-70.75928,-33.373465,High
-70.75982833,-33.37331667,High
-70.760305,-33.373165,High
-70.76083667,-33.37304333,High
-70.76136,-33.37292167,High
-70.76186,-33.37280833,High
-70.76229833,-33.37270667,High
-70.76269667,-33.37260167,High
-70.763055,-33.37252167,High
-70.763505,-33.37246,High
-70.764025,-33.37232833,High
-70.76459167,-33.372195,High
-70.76512333,-33.37207,High
-70.76569167,-33.371925,High
-70.76623167,-33.371775,High
-70.76683,-33.37163333,High
-70.76738833,-33.37144167,High
-70.76798667,-33.37126333,High
-70.76856333,-33.37109333,High
-70.76913833,-33.37093,High
-70.76968667,-33.37077667,High
-70.77021,-33.370655,High
-70.77074,-33.37048833,High
-70.77125167,-33.37035333,High
-70.77178,-33.37021333,High
-70.77233667,-33.37007167,High
-70.77291833,-33.36991333,High
-70.77351333,-33.36973833,High
-70.77410167,-33.36959833,High
-70.77466667,-33.36944333,High
-70.77526,-33.36929167,High
-70.77581333,-33.36915,High
-70.776375,-33.368995,High
-70.77694333,-33.36885333,High
-70.777505,-33.36871167,High
-70.778045,-33.36853833,High
-70.77856167,-33.36839,High
-70.77909833,-33.368195,High
-70.77960167,-33.36792167,High
-70.77999667,-33.36763667,High
-70.78035333,-33.36754833,High
-70.78112667,-33.36808667,High
-70.78099167,-33.368485,High
-70.78088,-33.36889,High
-70.78080667,-33.36927,High
-70.78065667,-33.369635,High
-70.78043667,-33.37007,High
-70.78031167,-33.37054833,High
-70.78015,-33.371025,High
-70.77998,-33.37150167,High
-70.77982333,-33.371965,High
-70.77966167,-33.37242833,High
-70.77957,-33.372905,High
-70.77947167,-33.37336,High
-70.77935,-33.37378,High
-70.77922333,-33.37419833,High
-70.77905667,-33.37463167,High
-70.778955,-33.37500667,High
-70.77881833,-33.37530833,High
-70.77863167,-33.37559167,High
-70.778385,-33.37586333,High
-70.77803,-33.37612667,High
-70.77766167,-33.37626167,High
-70.777245,-33.37649333,High
-70.77686833,-33.37675667,High
-70.77650667,-33.37698,High
-70.776155,-33.37719333,High
-70.77580333,-33.37739667,High
-70.77543,-33.37761333,High
-70.77505667,-33.37784333,High
-70.77464667,-33.37804833,High
-70.77424667,-33.37831667,High
-70.773855,-33.378545,High
-70.77347167,-33.37879,High
-70.77306333,-33.37903667,Medium
-70.77266167,-33.37925667,Medium
-70.77226167,-33.379505,High
-70.77188833,-33.37972167,High
-70.77151167,-33.37994333,High
-70.77110667,-33.380175,High
-70.77069833,-33.38042667,High
-70.77029667,-33.38067167,High
-70.76985167,-33.38093,High
-70.76941167,-33.38117833,High
-70.768955,-33.38147167,High
-70.76849,-33.38173,High
-70.76803667,-33.38200833,High
-70.7676,-33.38228667,High
-70.76715167,-33.38254167,High
-70.76669167,-33.38281333,High
-70.76620667,-33.38309667,High
-70.76575833,-33.38338167,High
-70.76529,-33.38366167,High
-70.76482167,-33.38389,High
-70.76432167,-33.38418167,High
-70.76386,-33.38447833,High
-70.7634,-33.38476667,High
-70.76296333,-33.385055,High
-70.76252,-33.38533833,High
-70.76203833,-33.385605,High
-70.76160333,-33.38584333,High
-70.761185,-33.38607,High
-70.76089333,-33.38624333,High
-70.76026333,-33.38654,High
-70.75997833,-33.38671167,High
-70.759585,-33.38699667,High
-70.75918167,-33.38723833,High
-70.75879,-33.387485,High
-70.758415,-33.387715,High
-70.75800833,-33.387935,High
-70.75759167,-33.38815667,High
-70.7571,-33.38837333,High
-70.75663,-33.38855167,High
-70.756255,-33.38877,High
-70.75601667,-33.38892167,High
-70.75566333,-33.38912167,High
-70.75535167,-33.38894,High
-70.75513667,-33.388685,High
-70.75491167,-33.38842667,High
-70.75467333,-33.38814,High
-70.754425,-33.38781667,High
-70.75413333,-33.38754333,High
-70.753885,-33.387295,High
-70.753635,-33.38706333,High
-70.753335,-33.38676833,High
-70.75301667,-33.38649833,High
-70.75272,-33.38625667,High
-70.75250833,-33.38607,High
-70.75224833,-33.38585667,High
-70.752045,-33.38564167,High
-70.75178667,-33.38542333,High
-70.751445,-33.38522667,High
-70.751105,-33.38506167,High
-70.75078333,-33.38488333,High
-70.750525,-33.38474167,High
-70.75022667,-33.38466167,High
-70.74991,-33.38465833,High
-70.74956167,-33.38467667,High
-70.74923667,-33.38469333,High
-70.74894,-33.38469,High
-70.74867667,-33.38450833,High
-70.748395,-33.38428333,High
-70.748115,-33.384045,High
-70.74782667,-33.38381167,High
-70.74751333,-33.38358167,High
-70.74722667,-33.38332667,High
-70.746965,-33.38311833,High
-70.74651833,-33.38269333,High
-70.74626833,-33.38250167,High
-70.74598833,-33.38231333,High
-70.745675,-33.38210333,High
-70.74541167,-33.38184667,High
-70.74514833,-33.38159667,High
-70.74488167,-33.381335,High
-70.74459333,-33.38109667,High
-70.74429167,-33.380845,High
-70.74400167,-33.38063,High
-70.74373167,-33.38038,High
-70.74360667,-33.38006167,High
-70.74370167,-33.379735,High
-70.74383333,-33.37939667,High
-70.74396333,-33.37905333,High
-70.74408833,-33.378725,High
-70.74419333,-33.378445,High
-70.74419,-33.37813667,High
-70.743995,-33.37789167,High
-70.74379333,-33.37766333,High
-70.74345333,-33.3775,High
-70.74301333,-33.37759667,High
-70.742595,-33.377685,High
-70.74224167,-33.377765,High
-70.74190167,-33.37784167,High
-70.741535,-33.37791833,High
-70.74121167,-33.37797833,High
-70.740735,-33.37812167,High
-70.74022667,-33.37823667,High
-70.73984,-33.37816167,High
-70.73974,-33.37786833,High
-70.73963167,-33.37759667,High
-70.73949167,-33.377365,High
-70.73934,-33.37713167,High
-70.73917,-33.37690833,High
-70.73884167,-33.376625,High
-70.73857667,-33.37643333,High
-70.73833,-33.376275,High
-70.73807833,-33.37609,High
-70.73786833,-33.375875,High
-70.737695,-33.37566,High
-70.737605,-33.375355,High
-70.73771167,-33.37508667,High
-70.73786833,-33.37484,High
-70.73804,-33.37459333,High
-70.73822667,-33.37433667,High
-70.73834167,-33.37402333,High
-70.73831667,-33.37368333,High
-70.738175,-33.37336167,High
-70.73793833,-33.37308,High
-70.73766,-33.37285,High
-70.73743167,-33.37267833,High
-70.73769167,-33.37225833,High
-70.737715,-33.37190333,High
-70.73734,-33.37188333,High
-70.73694333,-33.371935,High
-70.73654,-33.37198167,High
-70.73623333,-33.37199667,High
-70.73581333,-33.37201833,High
-70.73529167,-33.37209167,High
-70.734795,-33.37218,High
-70.73432,-33.37222167,High
-70.73380167,-33.37227667,High
-70.733245,-33.372355,High
-70.73270833,-33.37242,High
-70.73216167,-33.37247333,High
-70.73164333,-33.372515,High
-70.73113167,-33.372575,High
-70.73061,-33.37263667,High
-70.73014333,-33.3727,High
-70.72983167,-33.37284833,High
-70.72957167,-33.37304,High
-70.72927,-33.37327667,High
-70.72893167,-33.37356,High
-70.72868,-33.37375667,High
-70.72840667,-33.37397,High
-70.72812333,-33.37418167,High
-70.72781833,-33.37442,High
-70.727535,-33.37466833,High
-70.727245,-33.37491167,High
-70.72693,-33.37512333,High
-70.72668167,-33.37532833,High
-70.72634833,-33.37560333,High
-70.72610667,-33.37581833,High
-70.72581333,-33.37606,High
-70.72553,-33.37628333,High
-70.72523167,-33.37651167,High
-70.7249,-33.376765,High
-70.72451833,-33.37705667,High
-70.72423667,-33.377275,High
-70.72393667,-33.37751667,High
-70.72368667,-33.37770667,High
-70.72333833,-33.37798,High
-70.72307667,-33.37819333,High
-70.72273167,-33.37858833,High
-70.72290833,-33.37889167,High
-70.72308833,-33.37917833,High
-70.72325,-33.37942833,High
-70.72339833,-33.37967333,High
-70.72356833,-33.37993667,High
-70.72375333,-33.38022833,High
-70.72389833,-33.38044167,High
-70.72396333,-33.38085,High
-70.72393667,-33.38110167,High
-70.72391833,-33.38140333,High
-70.72390167,-33.38173333,High
-70.72387833,-33.38215833,High
-70.72385167,-33.38250333,High
-70.72385333,-33.382845,High
-70.72388833,-33.38321667,High
-70.72372,-33.38355167,High
-70.723305,-33.38345333,High
-70.72294833,-33.38342667,High
-70.72257167,-33.38340167,High
-70.722175,-33.383365,High
-70.72172333,-33.38332833,High
-70.721265,-33.383255,High
-70.720975,-33.38321333,High
-70.72064167,-33.38313667,High
-70.72016833,-33.38302667,High
-70.71971333,-33.38289333,High
-70.719335,-33.382785,High
-70.71904333,-33.38269333,High
-70.71864833,-33.38265,High
-70.71847333,-33.38241333,High
-70.71841833,-33.38203333,High
-70.71830667,-33.38171833,High
-70.71819167,-33.38141333,High
-70.718085,-33.38113667,High
-70.71795,-33.38073667,High
-70.717915,-33.380395,High
-70.71798333,-33.37999833,High
-70.71816167,-33.37962833,High
-70.71830333,-33.37925,High
-70.71843667,-33.378965,High
-70.71862833,-33.37860667,High
-70.71872833,-33.378205,Medium
-70.71843167,-33.37781667,High
-70.71817333,-33.37749833,High
-70.71791667,-33.37719333,High
-70.71765333,-33.376865,High
-70.71740833,-33.37655,High
-70.71713833,-33.376225,High
-70.71686333,-33.3759,High
-70.71658667,-33.37555333,High
-70.71633,-33.37526,High
-70.71609167,-33.37497167,High
-70.715855,-33.37470167,High
-70.715335,-33.37434167,High
-70.71496167,-33.37432167,High
-70.71451167,-33.374255,High
-70.714055,-33.374195,High
-70.71361333,-33.37410833,High
-70.71306,-33.374005,High
-70.71253167,-33.373855,High
-70.712045,-33.37367167,High
-70.71153333,-33.37347167,High
-70.711,-33.37322333,High
-70.71055333,-33.372955,High
-70.71007833,-33.372655,High
-70.70964,-33.37236333,High
-70.70915167,-33.37208167,High
-70.70870333,-33.37177167,High
-70.70820833,-33.37150167,High
-70.707745,-33.37122167,High
-70.70724833,-33.37092833,High
-70.70678167,-33.37067167,High
-70.706345,-33.37034667,High
-70.70589333,-33.37007167,High
-70.70545,-33.36991667,High
-70.70502,-33.36974,High
-70.704675,-33.36942167,High
-70.70426667,-33.36916,High
-70.70382167,-33.36887833,High
-70.70341167,-33.368585,High
-70.70305,-33.36832167,High
-70.70268833,-33.368085,High
-70.70244833,-33.36782667,High
-70.70248333,-33.36755167,High
-70.70279167,-33.36729167,High
-70.703115,-33.366895,High
-70.70345167,-33.36651667,High
-70.70376833,-33.36614167,High
-70.70404833,-33.36580667,High
-70.704295,-33.365545,High
-70.70458333,-33.365345,High
-70.704995,-33.36532667,High
-70.70540167,-33.365405,High
-70.706535,-33.36569833,High
-70.70692333,-33.36578333,High
-70.70737167,-33.36587667,High
-70.70782167,-33.36591,High
-70.70826167,-33.365905,High
-70.70867667,-33.36590167,High
-70.70915833,-33.36592833,High
-70.70966667,-33.36598833,High
-70.71017167,-33.36606167,High
-70.71066167,-33.36614333,High
-70.71105333,-33.36621333,High
-70.711355,-33.36627333,High
-70.71175667,-33.36633167,High
-70.71208333,-33.36639,High
-70.71243167,-33.36646333,High
-70.71282,-33.36655333,High
-70.71322667,-33.36664,High
-70.71381167,-33.36646667,High
-70.71391333,-33.36611833,High
-70.71401667,-33.36579833,High
-70.71409333,-33.36551,High
-70.71407833,-33.36519,High
-70.71404833,-33.36482333,High
-70.71401667,-33.36446,High
-70.71399,-33.3641,High
-70.71397333,-33.36377667,High
-70.71397333,-33.363365,High
-70.71404667,-33.36308,High
-70.71407833,-33.36278833,High
-70.714055,-33.36245167,High
-70.71403167,-33.36220333,High
-70.71399667,-33.36179167,High
-70.71397667,-33.36148333,High
-70.71402333,-33.36123,High
-70.71446667,-33.36122667,High
-70.71479667,-33.361215,High
-70.71510833,-33.36120833,High
-70.71569,-33.36110333,High
-70.71615833,-33.36099167,High
-70.716565,-33.36089833,High
-70.71695833,-33.36082167,High
-70.71730167,-33.36074,High
-70.717655,-33.360665,High
-70.717965,-33.36060667,High
-70.71825167,-33.36053333,High
-70.71868,-33.360425,High
-70.71988833,-33.36017167,High
-70.72029667,-33.36011,High
-70.72080167,-33.35985333,High
-70.7208,-33.35955833,High
-70.720785,-33.359215,High
-70.720775,-33.358875,High
-70.72076667,-33.35851833,High
-70.72075333,-33.35816833,High
-70.72074,-33.357845,High
-70.72073667,-33.35749,High
-70.72073,-33.35707833,High
-70.72071667,-33.35677333,High
-70.72071333,-33.356425,High
-70.72069833,-33.356045,High
-70.72067833,-33.35563167,High
-70.72071667,-33.35523833,High
-70.72074,-33.354865,High
-70.72076667,-33.35454667,High
-70.721135,-33.35443167,High
-70.72148333,-33.35433667,High
-70.72188833,-33.354225,High
-70.72227833,-33.35413167,High
-70.72271667,-33.35402833,High
-70.723235,-33.35394667,High
-70.723655,-33.35383167,High
-70.72404,-33.35377333,High
-70.72440667,-33.35373,High
-70.72478,-33.353685,High
-70.72514333,-33.35364833,High
-70.725555,-33.35359333,High
-70.725955,-33.353535,High
-70.72638833,-33.35345333,High
-70.72682167,-33.35334833,High
-70.72726,-33.3533,High
-70.72770667,-33.35318167,High
-70.72815,-33.35307833,High
-70.72895833,-33.35281333,High
-70.72912,-33.35307833,High
-70.72913833,-33.35338667,High
-70.72916,-33.35376,High
-70.72917167,-33.35412833,High
-70.72919667,-33.35448667,High
-70.72922833,-33.35485167,High
-70.72923833,-33.35518,High
-70.72926,-33.35548,High
-70.72928333,-33.35591167,High
-70.72931667,-33.35659833,High
-70.72932167,-33.35685833,High
-70.72930667,-33.35745667,High
-70.72941667,-33.35767833,High
-70.72976,-33.35768667,High
-70.73010833,-33.35768167,High
-70.73043,-33.35769833,High
-70.73080833,-33.35771333,High
-70.73121333,-33.357725,High
-70.731615,-33.35774333,High
-70.73206,-33.35775167,High
-70.732465,-33.35775667,High
-70.73297,-33.35775833,High
-70.73344667,-33.35776667,High
-70.73383167,-33.357775,High
-70.734195,-33.35778667,High
-70.73455,-33.35779333,High
-70.73497667,-33.35778833,High
-70.73544,-33.3578,High
-70.73594333,-33.35779833,High
-70.73642167,-33.35784,High
-70.73680833,-33.35791667,High
-70.73729,-33.35792,High
-70.73738,-33.357575,High
-70.73746833,-33.35730667,High
-70.73755333,-33.35698833,High
-70.73765,-33.35665,High
-70.73775833,-33.35627167,High
-70.73786,-33.35592667,High
-70.73831667,-33.35582,High
-70.73866,-33.35577,High
-70.73902833,-33.35572,High
-70.73940667,-33.35568,High
-70.73977333,-33.35563167,High
-70.74015333,-33.35557833,High
-70.74050167,-33.35552833,High
-70.74085,-33.35548833,High
-70.74122333,-33.355445,High
-70.74159833,-33.35540667,High
-70.74197167,-33.35535333,High
-70.74235333,-33.35530833,High
-70.74276333,-33.35525667,High
-70.74309333,-33.35521,High
-70.74344333,-33.35515833,High
-70.74379333,-33.35511,High
-70.74410833,-33.35506667,High
-70.74453,-33.355015,High
-70.744855,-33.35496667,High
-70.74523667,-33.354905,High
-70.74562333,-33.35486833,High
-70.74598667,-33.35483333,High
-70.74626667,-33.35481833,High
-70.74672833,-33.35476,High
-70.74727833,-33.35471667,High
-70.74763833,-33.35468333,High
-70.74836667,-33.354595,High
-70.748675,-33.35457167,High
-70.74915,-33.35451333,High
-70.749475,-33.3545,High
-70.74959333,-33.35493167,High
-70.74994833,-33.355065,High
-70.75027167,-33.3552,High
-70.75061667,-33.35532667,High
-70.75099167,-33.35547833,High
-70.751335,-33.355615,High
-70.75167833,-33.35576,High
-70.7517,-33.35600333,High
-70.75151833,-33.35638667,High
-70.75134,-33.35674667,High
-70.75116833,-33.35713167,High
-70.751015,-33.35748333,High
-70.75082833,-33.35783833,High
-70.75064167,-33.35823333,High
-70.75047667,-33.35853167,High
-70.75029,-33.35885,High
-70.74982833,-33.35962,High
-70.74968167,-33.35985667,High
-70.749265,-33.360525,High
-70.74948,-33.36093,High
-70.74981667,-33.36102333,High
-70.75020667,-33.3611,High
-70.75060833,-33.361165,High
-70.75100167,-33.36124,High
-70.75133667,-33.36130333,High
-70.75172333,-33.36137667,High
-70.75209167,-33.361445,High
-70.75246167,-33.36151667,High
-70.752765,-33.36157333,High
-70.75315833,-33.361645,High
-70.75360667,-33.36173833,High
-70.75399667,-33.36179667,High
-70.753975,-33.36215333,High
-70.75381667,-33.36244833,High
-70.75368167,-33.36277,High
-70.75352,-33.36310833,High
-70.75335667,-33.36348167,High
-70.753155,-33.36388667,High
-70.75305,-33.36419167,High
-70.75305833,-33.36447833,High
-70.753395,-33.36479667,High
-70.75366667,-33.36502333,High
-70.75395167,-33.36525833,High
-70.75429333,-33.365535,High
-70.75463333,-33.36581667,High
-70.754955,-33.36604833,High
-70.75522333,-33.36625167,High
-70.755145,-33.36644,High
-70.75485167,-33.36650333,High
-70.75440667,-33.366605,High
-70.75402,-33.36669333,High
-70.75359667,-33.366795,High
-70.75321833,-33.366875,High
-70.75283,-33.36696667,High
-70.752435,-33.36705833,High
-70.75204833,-33.36713833,High
-70.75171667,-33.36721667,High
-70.751365,-33.36729333,High
-70.751045,-33.36734833,High
-70.75068333,-33.36743167,High
-70.75029,-33.36753,High
-70.74981833,-33.36763667,High
-70.74936333,-33.367745,High
-70.7489,-33.36782167,High
-70.74848833,-33.36788,High
-70.74818667,-33.367925,High
-70.747825,-33.36800667,High
-70.74747167,-33.36809833,High
-70.74707667,-33.36818333,High
-70.74665,-33.36829,High
-70.74631,-33.36841,High
-70.74648833,-33.368855,High
-70.74659833,-33.36915333,High
-70.74668667,-33.369405,High
-70.74674167,-33.3697,High
-70.746355,-33.36983333,High
-70.74599833,-33.36991,High
-70.745605,-33.36999667,High
-70.745235,-33.37008833,High
-70.74485167,-33.37018167,High
-70.7445,-33.37028167,High
-70.74405,-33.37037333,High
-70.74370833,-33.370435,High
-70.74329,-33.37054833,High
-70.74297667,-33.37062333,High
-70.74262,-33.37073,High
-70.74274333,-33.37104833,High
-70.74302333,-33.37116667,High
-70.74332,-33.371285,High
-70.743685,-33.37151833,High
-70.74403333,-33.37180333,High
-70.744455,-33.37172667,High
-70.74474833,-33.37165833,High
-70.74509833,-33.37157833,High
-70.74551333,-33.37147333,High
-70.74585167,-33.37137833,High
-70.746175,-33.371305,High
-70.74658333,-33.37121833,High
-70.74700167,-33.37113333,High
-70.74750333,-33.37099833,High
-70.74796833,-33.37090333,High
-70.74842333,-33.37077333,High
-70.74887667,-33.370605,High
-70.74930333,-33.37046,High
-70.74975667,-33.37028833,High
-70.75022833,-33.37012833,High
-70.75077167,-33.37007833,High
-70.75133167,-33.37004,High
-70.75187333,-33.36999833,High
-70.75239,-33.36994667,High
-70.75288833,-33.36989333,High
-70.75339,-33.36982333,High
-70.75389,-33.36977667,High
-70.75427,-33.36970167,High
-70.75462333,-33.36980667,High
-70.75473,-33.37008833,High
-70.75487,-33.37042333,High
-70.75502833,-33.37080667,High
-70.75518,-33.37115833,High
-70.75534833,-33.37144,High
-70.755595,-33.37174667,High
-70.755865,-33.372055,High
-70.75621833,-33.372385,High
-70.75656333,-33.372755,High
-70.75688667,-33.37308667,High
-70.75716,-33.373435,High
-70.75742,-33.37369167,High
-70.75767333,-33.37383167,High
-70.75801333,-33.37375,High
-70.75847667,-33.37366333,High
-70.75900167,-33.373535,High
-70.75955667,-33.373395,High
-70.76007833,-33.37323,High
-70.760555,-33.373105,High
-70.76110833,-33.37298667,High
-70.76160833,-33.37286333,High
-70.76208167,-33.37273333,High
-70.76249167,-33.37266,High
-70.76288333,-33.37255833,High
-70.76326333,-33.372505,High
-70.76375667,-33.372385,High
-70.764315,-33.37227,High
-70.76485333,-33.37213667,High
-70.765415,-33.37201167,High
-70.76596667,-33.37184333,High
-70.76653,-33.37169833,High
-70.76712167,-33.37153333,High
-70.767675,-33.37136167,High
-70.768265,-33.37116667,High
-70.76885167,-33.37101167,High
-70.76940167,-33.37085333,High
-70.76993667,-33.37073,High
-70.77047833,-33.370575,High
-70.77100333,-33.37041833,High
-70.77151333,-33.37028833,High
-70.77206667,-33.37015,High
-70.77261833,-33.36999,High
-70.77320833,-33.369825,High
-70.77381333,-33.36965667,High
-70.77437833,-33.36952667,High
-70.77492667,-33.36932833,High
-70.77552833,-33.36922333,High
-70.77610167,-33.369075,High
-70.77665667,-33.36891333,High
-70.77722333,-33.36877333,High
-70.77778,-33.368625,High
-70.77828667,-33.368465,High
-70.778855,-33.36829167,High
-70.77935667,-33.36807,High
-70.77982167,-33.36776167,High
-70.78017167,-33.36757,High
-70.78054333,-33.36757333,High
-70.78105833,-33.36827,High
-70.78094333,-33.36868667,High
-70.78082667,-33.369085,High
-70.780745,-33.36946167,High
-70.78053,-33.36984,High
-70.78036,-33.370305,High
-70.78023833,-33.370785,High
-70.780075,-33.37126333,High
-70.77989667,-33.37173,High
-70.779745,-33.37220167,High
-70.779615,-33.37267833,High
-70.77953333,-33.373135,High
-70.77942,-33.37357667,High
-70.77929167,-33.37397667,High
-70.77914333,-33.37441667,High
-70.77901,-33.37482667,High
-70.77889833,-33.37516167,High
-70.77873,-33.37545167,High
-70.77851833,-33.375725,High
-70.77821667,-33.37599667,High
-70.77782333,-33.37621667,High
-70.77745333,-33.37636333,High
-70.77706167,-33.37662,High
-70.77668167,-33.376865,High
-70.77634167,-33.37707,High
-70.77598,-33.377295,High
-70.77562833,-33.377505,High
-70.77524333,-33.37773667,High
-70.774855,-33.37795333,High
-70.77445833,-33.37817,High
-70.77405667,-33.37844167,High
-70.77364833,-33.37865833,High
-70.77325833,-33.378915,Medium
-70.77287,-33.37914833,Medium
-70.77246667,-33.37939167,High
-70.77207667,-33.37961667,High
-70.77169833,-33.37983333,High
-70.77131,-33.380055,High
-70.770905,-33.3803,High
-70.77050833,-33.38055333,High
-70.77007667,-33.380785,High
-70.76963333,-33.38104667,High
-70.769195,-33.38132,High
-70.76873,-33.38161,High
-70.76826333,-33.38187,High
-70.76781333,-33.38215167,High
-70.76738667,-33.38239667,High
-70.766915,-33.38268167,High
-70.76643833,-33.38293667,High
-70.76597833,-33.383245,High
-70.76552167,-33.38352,High
-70.76506833,-33.38377667,High
-70.76457167,-33.38401667,High
-70.764085,-33.38435167,High
-70.76363833,-33.38462333,High
-70.76318333,-33.38490667,High
-70.76275,-33.38520333,High
-70.76228333,-33.38548833,High
-70.76180833,-33.38572833,High
-70.76138,-33.38596833,High
-70.76103333,-33.38617167,High
-70.76043,-33.38644333,High
-70.76012833,-33.38661833,High
-70.7598,-33.38684167,High
-70.75938333,-33.387125,High
-70.758985,-33.387365,High
-70.7586,-33.38760667,High
-70.758205,-33.38782333,High
-70.757805,-33.38805333,High
-70.75733167,-33.38828,High
-70.75685667,-33.388455,High
-70.75642167,-33.38867,High
-70.75613167,-33.38884833,High
-70.75586,-33.38902,High
-70.75548,-33.38908,High
-70.75525333,-33.38882167,High
-70.755015,-33.388555,High
-70.75479833,-33.388285,High
-70.75453667,-33.387965,High
-70.75426833,-33.38767,High
-70.75399833,-33.38740167,High
-70.75376833,-33.38718833,High
-70.75349833,-33.38692667,High
-70.75316167,-33.38662833,High
-70.75285667,-33.38636,High
-70.75261667,-33.38616667,High
-70.75237667,-33.38596333,High
-70.75214167,-33.38575333,High
-70.75196,-33.38553833,High
-70.75162,-33.38532333,High
-70.75128833,-33.38515167,High
-70.75093333,-33.38497167,High
-70.75065,-33.384805,High
-70.75037833,-33.384695,High
-70.75001833,-33.38465,High
-70.74972333,-33.384665,High
-70.74939333,-33.38468333,High
-70.74908667,-33.38471,High
-70.74880333,-33.38461333,High
-70.74853667,-33.38439667,High
-70.74825333,-33.384165,High
-70.74797667,-33.383925,High
-70.74766167,-33.38370167,High
-70.74737,-33.38345167,High
-70.747095,-33.38322,High
-70.74685,-33.38300833,High
-70.746375,-33.38259,High
-70.74613167,-33.38241333,High
-70.74582833,-33.38221833,High
-70.74554833,-33.38196833,High
-70.74527833,-33.38172167,High
-70.74501,-33.38147167,High
-70.74474333,-33.38121333,High
-70.74444167,-33.38097,High
-70.74415,-33.38073333,High
-70.74386167,-33.380515,High
-70.74364,-33.38022833,High
-70.74363833,-33.37989667,High
-70.74376667,-33.37956667,High
-70.74389667,-33.37922333,High
-70.744025,-33.378885,High
-70.744145,-33.37857667,High
-70.74422333,-33.37830167,High
-70.74409333,-33.37800167,High
-70.74389333,-33.37777667,High
-70.74367333,-33.37753,High
-70.74323167,-33.37754833,High
-70.74275667,-33.37764833,High
-70.74242167,-33.37772833,High
-70.74206833,-33.37780167,High
-70.741755,-33.37787333,High
-70.74135,-33.377955,High
-70.74097667,-33.37805,High
-70.74048833,-33.378185,High
-70.73995333,-33.37829667,High
-70.739785,-33.37799833,High
-70.73968833,-33.37773333,High
-70.73956667,-33.37748,High
-70.73941667,-33.37725333,High
-70.73926167,-33.377015,High
-70.73903,-33.37677333,High
-70.73868833,-33.37651,High
-70.73845833,-33.376355,High
-70.73820167,-33.37618667,High
-70.73796333,-33.37598333,High
-70.73777167,-33.37577167,High
-70.73761833,-33.37548167,High
-70.73763833,-33.37521667,High
-70.73778833,-33.37496167,High
-70.73795167,-33.374715,High
-70.73813333,-33.37446667,High
-70.73829667,-33.37418333,High
-70.73834667,-33.37385333,High
-70.73825667,-33.373515,High
-70.738065,-33.37321667,High
-70.73780167,-33.37295667,High
-70.73755,-33.37277,High
-70.73755333,-33.37245833,High
-70.73777,-33.37209167,High
-70.73751,-33.37187,High
-70.73714167,-33.37190333,High
-70.73673667,-33.37196167,High
-70.73639167,-33.37199167,High
-70.73604,-33.37201167,High
-70.73556,-33.37204667,High
-70.73505,-33.37213,High
-70.73455667,-33.37221,High
-70.734065,-33.37222833,High
-70.733525,-33.372315,High
-70.73297333,-33.37239,High
-70.73243667,-33.372465,High
-70.73190667,-33.37248167,High
-70.73138833,-33.372545,High
-70.73087333,-33.372605,High
-70.73036167,-33.37266833,High
-70.72997833,-33.37274,High
-70.72969333,-33.37295167,High
-70.72943,-33.37315,High
-70.729105,-33.373415,High
-70.72879,-33.37366,High
-70.72853833,-33.37386833,High
-70.72825333,-33.37407667,High
-70.72797667,-33.3743,High
-70.72766333,-33.37454,High
-70.727395,-33.37478333,High
-70.72709,-33.37503167,High
-70.72680333,-33.37523,High
-70.72655,-33.37545,High
-70.72623333,-33.375705,High
-70.72596,-33.37594,High
-70.725665,-33.376175,High
-70.72542167,-33.37637,High
-70.72506667,-33.37663,High
-70.72472333,-33.37691,High
-70.72438833,-33.37715667,High
-70.72407833,-33.37739667,High
-70.723805,-33.37761667,High
-70.723535,-33.37783,High
-70.723205,-33.378085,High
-70.72296167,-33.37829333,High
-70.7228,-33.37870167,High
-70.72300833,-33.37904667,High
-70.72316667,-33.37931333,High
-70.72332167,-33.37954667,High
-70.72348,-33.3798,High
-70.72365167,-33.38006333,High
-70.723825,-33.38033667,High
-70.72398,-33.38062667,High
-70.72394833,-33.38098167,High
-70.72392167,-33.38127333,High
-70.72391333,-33.38155833,High
-70.7239,-33.381945,High
-70.72386167,-33.38235167,High
-70.72384667,-33.38267167,High
-70.72386333,-33.38302167,High
-70.72393,-33.38342333,High
-70.72345333,-33.38348167,High
-70.723135,-33.38344333,High
-70.72276167,-33.38341333,High
-70.72237667,-33.38338333,High
-70.72195833,-33.383355,High
-70.72148667,-33.38330333,High
-70.72111667,-33.38324333,High
-70.720835,-33.38318167,High
-70.72042167,-33.383085,High
-70.71992667,-33.382955,High
-70.71951667,-33.38283333,High
-70.71917167,-33.38273833,High
-70.71881333,-33.38264,High
-70.71846333,-33.382565,High
-70.71848167,-33.38223833,High
-70.71835833,-33.38186,High
-70.71825167,-33.38156667,High
-70.71814,-33.38127167,High
-70.71801333,-33.38096667,High
-70.717935,-33.38057667,High
-70.71793333,-33.38020667,High
-70.71808833,-33.37981,High
-70.71823167,-33.37943,High
-70.71837333,-33.37909833,High
-70.71853833,-33.37876167,High
-70.718755,-33.378415,Medium
-70.71856167,-33.37798833,High
-70.71831,-33.37766667,High
-70.71804667,-33.377365,High
-70.717785,-33.37703,High
-70.717535,-33.376695,High
-70.71726667,-33.376385,High
-70.71701333,-33.37607,High
-70.71672667,-33.37572167,High
-70.71645833,-33.37540833,High
-70.71621,-33.375115,High
-70.71597333,-33.374835,High
-70.715745,-33.37457667,High
-70.715515,-33.37435333,High
-70.71516333,-33.37433333,High
-70.71473,-33.37429167,High
-70.71427667,-33.37422667,High
-70.71383833,-33.374155,High
-70.71335667,-33.37405667,High
-70.71279167,-33.373935,High
-70.71227,-33.37376833,High
-70.71179333,-33.37357667,High
-70.711265,-33.37335333,High
-70.710765,-33.37310167,High
-70.71029833,-33.37279,High
-70.70985,-33.372515,High
-70.70939333,-33.37223,High
-70.70890833,-33.37192667,High
-70.708465,-33.37161667,High
-70.70797167,-33.371385,High
-70.70749167,-33.37109333,High
-70.70705,-33.37078667,High
-70.706575,-33.37050333,High
-70.70611333,-33.370195,High
-70.70568833,-33.36995333,High
-70.70522167,-33.36986167,High
-70.70489333,-33.36958,High
-70.70445667,-33.36929833,High
-70.70403833,-33.369015,High
-70.70361167,-33.368735,High
-70.70323333,-33.36845167,High
-70.70286833,-33.36819833,High
-70.70253667,-33.36795667,High
-70.70243333,-33.36769167,High
-70.70266167,-33.36743167,High
-70.70295,-33.36710667,High
-70.70329,-33.36670333,High
-70.70361167,-33.36633167,High
-70.70390833,-33.36597333,High
-70.70417833,-33.36566833,High
-70.70442167,-33.36543167,High
-70.70477667,-33.36530333,High
-70.70521333,-33.36536667,High
-70.70556167,-33.36544333,High
-70.78102333,-33.367725,High
-70.69321059,-33.53408963,Medium
-70.69681685,-33.5348299,Medium
-70.71576667,-33.52783917,Medium
-70.71794604,-33.52701688,Medium
-70.73984042,-33.51893417,High
-70.75199172,-33.52481889,High
-70.73709917,-33.53674292,High
-70.73920828,-33.53929117,High
-70.73975681,-33.53990347,High
-70.74109794,-33.54140289,High
-70.74256958,-33.54311792,High
-70.71254958,-33.55881167,Medium
-70.71085583,-33.55916917,Medium
-70.71255333,-33.5741375,Medium
-70.70131382,-33.57306403,Medium
-70.70548851,-33.58910158,Medium
-70.70444944,-33.58987639,Medium
-70.70321847,-33.59016667,Medium
-70.70286514,-33.59007375,Medium
-70.69695854,-33.58297958,Medium
-70.68656806,-33.56876972,Medium
-70.67586292,-33.55533792,Medium
-70.67392422,-33.55285,Medium
-70.68471042,-33.53972417,Medium
-70.69276333,-33.5353775,Medium
-70.69350167,-33.53419667,Medium
-70.69385833,-33.53406833,Medium
-70.694215,-33.53393,Medium
-70.694575,-33.533805,Medium
-70.69493167,-33.53367,Medium
-70.69528667,-33.533545,Medium
-70.69567833,-33.53339667,Medium
-70.69604167,-33.53347,Medium
-70.696195,-33.533735,Medium
-70.69643167,-33.534095,Medium
-70.69665,-33.53452167,Medium
-70.69722667,-33.53477667,Medium
-70.69772,-33.53457667,Medium
-70.698175,-33.53440833,Medium
-70.698585,-33.53426,Medium
-70.69892333,-33.53412167,Medium
-70.69927333,-33.53400333,Medium
-70.6996,-33.533875,Medium
-70.69992833,-33.53375,Medium
-70.70033833,-33.53359667,Medium
-70.70071333,-33.53346167,Medium
-70.70108667,-33.53331333,Medium
-70.70150667,-33.53317167,Medium
-70.70205167,-33.53298333,Medium
-70.70256,-33.53280333,Medium
-70.70309833,-33.532635,Medium
-70.70356167,-33.53247333,Medium
-70.70387167,-33.53236667,Medium
-70.70426833,-33.53220333,Medium
-70.70474833,-33.532025,Medium
-70.70514833,-33.53189,Medium
-70.70558333,-33.53173167,Medium
-70.70612,-33.53153,Medium
-70.706685,-33.53136167,Medium
-70.707225,-33.53106667,Medium
-70.70777167,-33.530845,Medium
-70.70830667,-33.53061833,Medium
-70.708875,-33.53042667,Medium
-70.70942833,-33.53021667,Medium
-70.70997833,-33.530025,Medium
-70.71049333,-33.52982667,Medium
-70.71096333,-33.52964167,Medium
-70.7115,-33.52946667,Medium
-70.71203,-33.52929167,Medium
-70.712595,-33.52907167,Medium
-70.71316167,-33.52888,Medium
-70.71372833,-33.52865667,Medium
-70.71431667,-33.52844333,Medium
-70.71487667,-33.52824167,Medium
-70.71532667,-33.52801,Medium
-70.715655,-33.52790167,Medium
-70.716055,-33.527725,Medium
-70.71648,-33.52756833,Medium
-70.71694167,-33.52738333,Medium
-70.71743833,-33.52720667,Medium
-70.71781667,-33.527075,Medium
-70.71819333,-33.52692667,Medium
-70.71855167,-33.52680833,Medium
-70.71897667,-33.52667333,Medium
-70.719445,-33.52653,Medium
-70.71993167,-33.52634167,Medium
-70.72047,-33.52614167,High
-70.72104167,-33.52591667,High
-70.72164833,-33.52570833,High
-70.72224333,-33.52548667,High
-70.72284833,-33.52527167,High
-70.72333833,-33.525075,Low
-70.72386833,-33.52486333,High
-70.72440333,-33.524645,High
-70.72496,-33.52441333,High
-70.72551,-33.52421333,High
-70.72601833,-33.52403667,High
-70.72655667,-33.52384167,High
-70.727135,-33.52362667,Medium
-70.72776833,-33.52340667,High
-70.72844667,-33.52315333,High
-70.72913667,-33.52290333,High
-70.72974833,-33.52268333,High
-70.73039833,-33.52245667,High
-70.73104833,-33.52220833,High
-70.73168667,-33.52197833,High
-70.73232,-33.52175167,High
-70.732915,-33.52150167,High
-70.73352667,-33.52127833,High
-70.7341,-33.521055,High
-70.734665,-33.52084167,High
-70.73523167,-33.52065,High
-70.73579667,-33.52045667,High
-70.73635333,-33.52024,High
-70.73691333,-33.52002833,High
-70.73747167,-33.51981333,High
-70.73802667,-33.51955167,High
-70.73859667,-33.51937667,High
-70.739135,-33.51917833,High
-70.73957,-33.51903333,High
-70.73997167,-33.51889167,High
-70.74034333,-33.51882833,High
-70.74074,-33.51885667,High
-70.74117667,-33.518955,High
-70.74160333,-33.519135,High
-70.74211333,-33.519385,High
-70.74262833,-33.51966833,High
-70.74311667,-33.51992,High
-70.74362667,-33.5202,High
-70.74416167,-33.52048667,High
-70.74471333,-33.52080167,High
-70.74527167,-33.521105,High
-70.74583333,-33.52139667,High
-70.74634833,-33.52168167,High
-70.74682333,-33.521955,High
-70.74727167,-33.522205,High
-70.74776667,-33.52246833,High
-70.74828667,-33.522745,High
-70.74880167,-33.52304,High
-70.74935,-33.52332167,High
-70.74990333,-33.52359,High
-70.75039833,-33.52393333,High
-70.75089833,-33.52422667,High
-70.75133833,-33.52448667,High
-70.75167167,-33.52465833,High
-70.75164333,-33.52552667,High
-70.75144833,-33.52577667,High
-70.75121333,-33.52606833,High
-70.75098167,-33.52635833,High
-70.75077667,-33.52664167,High
-70.75057667,-33.52694667,High
-70.75034833,-33.527245,High
-70.75008167,-33.52757667,High
-70.749835,-33.527885,High
-70.749565,-33.528235,High
-70.749325,-33.52857333,High
-70.74914833,-33.52882333,High
-70.74882667,-33.52901333,High
-70.74853667,-33.52920667,High
-70.74828167,-33.52938,High
-70.74799167,-33.52956333,High
-70.74767833,-33.52976167,High
-70.74739167,-33.529955,High
-70.74709,-33.53014833,High
-70.74680667,-33.53032333,High
-70.74650667,-33.53052333,High
-70.74619833,-33.53071333,High
-70.74590833,-33.53090167,High
-70.74552333,-33.53116167,High
-70.74514833,-33.53142,Medium
-70.74489667,-33.531585,Medium
-70.744605,-33.53177667,High
-70.74434,-33.53197667,High
-70.744075,-33.53213333,High
-70.74376333,-33.53234167,Medium
-70.74339833,-33.53259,Medium
-70.743135,-33.53275333,Medium
-70.74283333,-33.532955,High
-70.74253333,-33.53315167,High
-70.742255,-33.53333833,High
-70.74191,-33.53356667,High
-70.74166833,-33.53372333,High
-70.74141667,-33.53390667,High
-70.74095,-33.53422833,High
-70.740585,-33.53445167,High
-70.74012667,-33.53474833,High
-70.73982833,-33.53494667,High
-70.73947333,-33.53516833,High
-70.73912833,-33.535395,High
-70.73877667,-33.53561833,High
-70.73842167,-33.53584833,High
-70.73813167,-33.53605,High
-70.73784333,-33.53624333,High
-70.73753167,-33.53644667,High
-70.73724333,-33.53663167,High
-70.73729,-33.53708,High
-70.73754333,-33.53738667,High
-70.73781333,-33.53767833,Medium
-70.738115,-33.53799167,Medium
-70.7384,-33.53834833,Medium
-70.738655,-33.53864,High
-70.73892,-33.53893333,High
-70.73949167,-33.53958833,High
-70.73992667,-33.54008833,High
-70.740085,-33.540285,High
-70.74029667,-33.54051167,High
-70.74053667,-33.54078167,High
-70.74083167,-33.54111333,High
-70.74122667,-33.54154667,High
-70.741425,-33.54177333,High
-70.74164333,-33.54202,High
-70.741825,-33.542225,High
-70.74203333,-33.5425,High
-70.74223167,-33.54271167,High
-70.74244667,-33.54295833,High
-70.74265,-33.543445,High
-70.74233333,-33.54367167,High
-70.741955,-33.54393333,High
-70.74152333,-33.54422333,High
-70.74105,-33.54453333,High
-70.74058167,-33.54485167,High
-70.74024833,-33.54506,High
-70.73990833,-33.54530833,High
-70.73948333,-33.54558833,High
-70.73900667,-33.54591,High
-70.73854333,-33.54623167,High
-70.73806833,-33.546545,High
-70.73761833,-33.54685167,High
-70.73722333,-33.54711667,High
-70.73686667,-33.54735,High
-70.736585,-33.547535,High
-70.73619,-33.54782333,High
-70.73574667,-33.54811333,High
-70.735295,-33.54843333,High
-70.73482167,-33.54872167,High
-70.73445333,-33.54898667,High
-70.73417,-33.549175,High
-70.73381833,-33.549425,Medium
-70.73340833,-33.549705,Medium
-70.73309333,-33.54991,Medium
-70.73277833,-33.55011833,Medium
-70.732355,-33.55038833,Medium
-70.73189,-33.55068833,Medium
-70.7315,-33.550975,Medium
-70.73122667,-33.55116,Medium
-70.73095333,-33.551345,Medium
-70.73062833,-33.551575,Medium
-70.73033667,-33.55162667,Medium
-70.73008667,-33.55139,Medium
-70.72960667,-33.55158167,Medium
-70.72932333,-33.55176167,Medium
-70.729065,-33.55190333,Medium
-70.72856333,-33.55203333,High
-70.72826167,-33.55241,High
-70.72846667,-33.552695,High
-70.72846667,-33.55302333,High
-70.72822,-33.55315667,High
-70.72783167,-33.55336667,High
-70.72755167,-33.55351833,Low
-70.72720167,-33.55370333,Low
-70.726845,-33.55388833,High
-70.72651,-33.55405667,Low
-70.72614833,-33.554245,Low
-70.72576667,-33.55443167,Low
-70.72538667,-33.55462,Medium
-70.725015,-33.55480833,Medium
-70.724655,-33.555,Medium
-70.72427,-33.55518667,Medium
-70.72389833,-33.55537,High
-70.72357333,-33.55552833,High
-70.72326,-33.55567833,High
-70.72294833,-33.55591167,Medium
-70.72266667,-33.55606667,Medium
-70.722345,-33.55623833,Medium
-70.72205,-33.55635,Medium
-70.72173,-33.55646333,Medium
-70.72141,-33.55659333,Medium
-70.72109333,-33.55672,Medium
-70.72067667,-33.55685167,Medium
-70.72034167,-33.557,Medium
-70.71995167,-33.55716667,Medium
-70.71955333,-33.55732833,Medium
-70.71917833,-33.55746333,Medium
-70.71880833,-33.557605,Medium
-70.71843333,-33.55774167,Medium
-70.71805667,-33.55788333,Medium
-70.71766167,-33.55802,Medium
-70.71731833,-33.55810667,Medium
-70.71696833,-33.558145,Medium
-70.716585,-33.55818667,Medium
-70.71619,-33.55825167,Low
-70.71581833,-33.558315,Medium
-70.71545,-33.55836833,Medium
-70.71508167,-33.55843667,Medium
-70.71470833,-33.55847333,Medium
-70.71431333,-33.55852833,Medium
-70.71392667,-33.55859333,Medium
-70.71359167,-33.55865167,Medium
-70.71320833,-33.55871833,Medium
-70.71283833,-33.55877167,Medium
-70.71218167,-33.558875,Medium
-70.711855,-33.55896333,Medium
-70.71145,-33.559065,Medium
-70.71105667,-33.55911,Medium
-70.71075667,-33.559415,Medium
-70.71072833,-33.55972333,Medium
-70.71074833,-33.56008667,Medium
-70.71082833,-33.56052167,Medium
-70.710905,-33.56103667,Medium
-70.71103167,-33.56153667,Medium
-70.71112833,-33.56197833,Medium
-70.71118167,-33.56231833,Medium
-70.711225,-33.562795,Low
-70.71130833,-33.56328333,Low
-70.71140333,-33.56376833,Medium
-70.71148333,-33.56427,Medium
-70.711545,-33.56476833,Medium
-70.71162333,-33.56524333,Medium
-70.71169667,-33.565695,Medium
-70.71176667,-33.566175,Medium
-70.711865,-33.56665167,Medium
-70.71193167,-33.56709,Low
-70.71200833,-33.56753667,Low
-70.71209833,-33.56804167,Low
-70.71216833,-33.56853333,Low
-70.71222833,-33.56903,Low
-70.71229833,-33.56952333,Low
-70.712375,-33.56991167,Medium
-70.712415,-33.57023167,Medium
-70.71246,-33.57063333,Medium
-70.71251833,-33.57113,Medium
-70.71257667,-33.57161167,Medium
-70.712665,-33.57207333,Medium
-70.71275,-33.57247667,Medium
-70.712795,-33.57279833,Medium
-70.712895,-33.57307333,Medium
-70.71302667,-33.57337167,Medium
-70.71310167,-33.57373833,Medium
-70.71316,-33.57402333,Medium
-70.712845,-33.57418333,Medium
-70.71212333,-33.574065,Medium
-70.7117,-33.57399833,Medium
-70.711235,-33.57393,Medium
-70.71071667,-33.57388167,Medium
-70.71022833,-33.57378667,Medium
-70.70969167,-33.57364167,Medium
-70.70919167,-33.57352167,Medium
-70.70874,-33.573455,Medium
-70.70840667,-33.57340667,Medium
-70.70795167,-33.57333667,Medium
-70.70756,-33.57328667,Medium
-70.70719167,-33.57323333,Medium
-70.706715,-33.57317,Medium
-70.70621833,-33.573125,Medium
-70.70574167,-33.57312667,Medium
-70.70523333,-33.57312833,Medium
-70.70469667,-33.57311,Medium
-70.70420167,-33.57308,Medium
-70.70371,-33.573085,Medium
-70.70330833,-33.57308667,Medium
-70.70292167,-33.57308833,Medium
-70.702535,-33.573085,Medium
-70.70211833,-33.57307667,Medium
-70.70173833,-33.57306833,Medium
-70.70112833,-33.57305667,Medium
-70.70096833,-33.57323,Medium
-70.70108167,-33.57355167,Medium
-70.70121833,-33.57384833,Medium
-70.70135,-33.57412667,Medium
-70.70147833,-33.57439167,Medium
-70.70161333,-33.574685,Medium
-70.70173667,-33.57494,Medium
-70.70187667,-33.575245,Medium
-70.702025,-33.57558167,Medium
-70.70218167,-33.57592667,Medium
-70.70233,-33.576255,Medium
-70.70247,-33.57655333,Medium
-70.702615,-33.57683,Medium
-70.702745,-33.57709667,Medium
-70.70292,-33.577495,Medium
-70.70305,-33.577765,Medium
-70.70316833,-33.57804,Medium
-70.70331667,-33.57837833,Medium
-70.70345,-33.57867333,Medium
-70.70358667,-33.57898333,Medium
-70.70373167,-33.579315,Medium
-70.70385833,-33.57957667,Medium
-70.70399167,-33.57988667,Medium
-70.70412167,-33.58016167,Medium
-70.70426667,-33.58048,Medium
-70.70438,-33.58074333,Medium
-70.70450667,-33.58102333,Medium
-70.70465833,-33.58136167,Medium
-70.70482,-33.58173333,Medium
-70.70497333,-33.58208667,Medium
-70.70513,-33.58242167,Medium
-70.70527,-33.582755,Medium
-70.70540167,-33.58302833,Medium
-70.70555667,-33.58336,Medium
-70.70572333,-33.58371667,Medium
-70.70588833,-33.58407333,Medium
-70.70604833,-33.58440333,Medium
-70.70617333,-33.58469667,Medium
-70.70628167,-33.58494167,Medium
-70.70642,-33.58524833,Medium
-70.70655833,-33.58557,Medium
-70.706695,-33.58588333,Medium
-70.70680333,-33.586135,Medium
-70.70693167,-33.58640667,Medium
-70.707065,-33.58667667,Medium
-70.707205,-33.58697333,Medium
-70.70736333,-33.58735667,Medium
-70.70750333,-33.58768,Medium
-70.70760667,-33.58794167,Medium
-70.707305,-33.58818333,Medium
-70.70697667,-33.58826833,Medium
-70.706635,-33.58835,Medium
-70.70630667,-33.588415,Medium
-70.70594,-33.588505,Medium
-70.70562333,-33.58858,Medium
-70.70535333,-33.58869,Medium
-70.70563333,-33.58947833,Medium
-70.70531833,-33.58967667,Medium
-70.70496,-33.58975167,Medium
-70.70462333,-33.58983667,Medium
-70.70431,-33.58990167,Medium
-70.703945,-33.59000667,Medium
-70.7036,-33.59008167,Medium
-70.702635,-33.58983,Medium
-70.70238833,-33.58956667,Medium
-70.70210167,-33.58925167,Medium
-70.70178667,-33.58891333,Medium
-70.70151,-33.58861667,Medium
-70.70118667,-33.58828,Medium
-70.70095833,-33.58803333,Medium
-70.70073,-33.58779,Medium
-70.70044167,-33.58748,Medium
-70.70018,-33.58715167,Medium
-70.699865,-33.58681833,Medium
-70.69960167,-33.586535,Medium
-70.69940833,-33.58632667,Medium
-70.69918667,-33.58609167,Medium
-70.69905,-33.58579833,Medium
-70.69899,-33.58542333,Medium
-70.698795,-33.58507167,Medium
-70.69842,-33.584895,Medium
-70.69810667,-33.58458,Medium
-70.69781833,-33.58420333,Medium
-70.69753833,-33.58380833,Medium
-70.69728833,-33.58344667,Medium
-70.69707333,-33.58315667,Medium
-70.696745,-33.58268833,Medium
-70.696505,-33.58237,Medium
-70.69623,-33.58200833,Medium
-70.69592167,-33.58161667,Medium
-70.69562167,-33.58119833,Medium
-70.69530167,-33.58079667,Medium
-70.69499833,-33.580355,Medium
-70.6947,-33.579935,Medium
-70.69440833,-33.57951167,Medium
-70.69410833,-33.57909333,Medium
-70.69379333,-33.578665,Medium
-70.693475,-33.57822,Medium
-70.69317833,-33.577805,Medium
-70.692885,-33.577425,Medium
-70.69263833,-33.57705667,Medium
-70.69245,-33.57676833,Medium
-70.69226667,-33.57653333,Medium
-70.69206167,-33.57626333,Medium
-70.69181667,-33.57591833,High
-70.691535,-33.57554,Medium
-70.69124833,-33.57516833,Medium
-70.69100167,-33.57484167,Medium
-70.69080333,-33.574555,Medium
-70.69061,-33.574275,Medium
-70.69039667,-33.57399667,Medium
-70.690105,-33.57362667,Medium
-70.68983333,-33.57323,Medium
-70.689515,-33.57282333,Medium
-70.68924333,-33.57243167,Medium
-70.688945,-33.57200167,Medium
-70.68861667,-33.57157333,Medium
-70.68832,-33.571185,Medium
-70.68801333,-33.57076167,Medium
-70.68773333,-33.57035667,Medium
-70.68743833,-33.56994833,Medium
-70.68716,-33.56958167,Medium
-70.68690833,-33.56921667,Medium
-70.68669333,-33.56892667,Medium
-70.686465,-33.56863333,Medium
-70.68626,-33.56837667,Medium
-70.68602167,-33.56806833,Medium
-70.68575333,-33.56772667,Medium
-70.68547,-33.56739167,Medium
-70.68515167,-33.56700333,Medium
-70.68483333,-33.566645,Medium
-70.68451833,-33.56627,Medium
-70.68424167,-33.56584667,Medium
-70.68390667,-33.56547167,Medium
-70.68356,-33.56504333,Medium
-70.683225,-33.56463167,Medium
-70.6829,-33.564255,Medium
-70.68260667,-33.56388833,Medium
-70.68229833,-33.56349333,Medium
-70.68197333,-33.5631,Medium
-70.68167833,-33.56270833,Medium
-70.68133667,-33.56232667,Medium
-70.68103833,-33.561925,Medium
-70.680745,-33.56156167,Medium
-70.68041,-33.561155,Medium
-70.68009667,-33.56074667,Medium
-70.679765,-33.56031833,Medium
-70.67943167,-33.559925,Medium
-70.67910167,-33.55952,Medium
-70.678795,-33.55910667,Medium
-70.67849333,-33.55872,Medium
-70.67817333,-33.55831833,Medium
-70.67785167,-33.55791833,Medium
-70.67753333,-33.55750167,Medium
-70.67723333,-33.55707167,Medium
-70.676925,-33.556685,Medium
-70.67661333,-33.55632,Medium
-70.67631333,-33.55592,Medium
-70.67603833,-33.55558,Medium
-70.67572667,-33.55515667,Medium
-70.67552667,-33.55489667,Medium
-70.67531833,-33.554615,Medium
-70.67509333,-33.554335,Medium
-70.674855,-33.55403833,Medium
-70.67460667,-33.553755,Medium
-70.67436667,-33.55346333,Medium
-70.67413167,-33.55315333,Medium
-70.67381,-33.55272167,Medium
-70.67369667,-33.55238667,Medium
-70.67406667,-33.55228833,Medium
-70.67453833,-33.55219333,Medium
-70.67498833,-33.55209833,Medium
-70.67541167,-33.55196667,Medium
-70.67582,-33.55189,Medium
-70.67627333,-33.55180667,Medium
-70.676775,-33.55170333,Medium
-70.67726833,-33.5516,Medium
-70.67775833,-33.55150333,Medium
-70.67810167,-33.551445,Medium
-70.67854667,-33.55136833,Medium
-70.67892333,-33.55129667,Medium
-70.67931333,-33.55122,Medium
-70.67984333,-33.55112667,Medium
-70.680375,-33.55101833,Medium
-70.6809,-33.550895,Medium
-70.68132,-33.550815,Medium
-70.68166833,-33.55074167,Medium
-70.682055,-33.55064667,Medium
-70.682505,-33.55055167,Medium
-70.68294167,-33.55047167,Medium
-70.683395,-33.55037333,Medium
-70.68383333,-33.550275,Medium
-70.684255,-33.55019833,Medium
-70.68470833,-33.55011,Medium
-70.68508833,-33.55004,Medium
-70.68552833,-33.549975,Medium
-70.68599333,-33.54988167,Medium
-70.68644833,-33.549785,Medium
-70.68680833,-33.54972667,Medium
-70.68717667,-33.54965667,Medium
-70.68752333,-33.54959333,Medium
-70.68760333,-33.54923333,Medium
-70.68743167,-33.54886,Medium
-70.68725,-33.548465,Medium
-70.687075,-33.54810167,Medium
-70.68690333,-33.54773167,Medium
-70.686735,-33.54747667,Medium
-70.68654,-33.54724833,Low
-70.68638333,-33.54686167,Low
-70.68623667,-33.54653833,Low
-70.68609833,-33.54617,Low
-70.68593167,-33.54579167,Low
-70.685775,-33.54540167,Medium
-70.685535,-33.544975,Medium
-70.685385,-33.544635,Medium
-70.68521167,-33.54427,Medium
-70.68498333,-33.543805,Medium
-70.684725,-33.54328833,Medium
-70.68451,-33.54282167,Medium
-70.68434,-33.54240667,Medium
-70.68431,-33.54208333,Medium
-70.68444333,-33.54181167,Medium
-70.68469833,-33.54145333,Medium
-70.68495167,-33.54106833,Medium
-70.685135,-33.54077833,Medium
-70.6851,-33.54051,Medium
-70.68492167,-33.540165,Medium
-70.68476667,-33.539825,Medium
-70.68461833,-33.53939333,Medium
-70.68497833,-33.53926,Medium
-70.685515,-33.53907333,Medium
-70.68605667,-33.538845,Medium
-70.68670333,-33.53864,Medium
-70.68708667,-33.53850833,Medium
-70.68746,-33.53836833,Medium
-70.68789333,-33.53819833,Medium
-70.68823667,-33.53807,Medium
-70.68868167,-33.53793,Low
-70.68915333,-33.537745,Low
-70.68970167,-33.53753833,Low
-70.690225,-33.53734667,Medium
-70.69078333,-33.53714,Medium
-70.691285,-33.53695333,Medium
-70.69175167,-33.536785,Medium
-70.69212,-33.53665167,Medium
-70.692035,-33.536375,Medium
-70.69191333,-33.53613667,Medium
-70.691875,-33.53582167,Medium
-70.6923,-33.535675,Medium
-70.69267,-33.53553333,Medium
-70.69260333,-33.53503333,Medium
-70.69244,-33.53463833,Medium
-70.69273833,-33.534475,Medium
-70.69313667,-33.53432833,Medium
-70.69328917,-33.53424083,Medium
-70.75189,-33.52522,High
-70.693665,-33.53413833,Medium
-70.694045,-33.533995,Medium
-70.69432833,-33.53388333,Medium
-70.69474,-33.53374333,Medium
-70.69515,-33.53358833,Medium
-70.69554,-33.533455,Medium
-70.69588667,-33.53333167,Medium
-70.69612333,-33.53361667,Medium
-70.69628667,-33.53389833,Medium
-70.69653167,-33.53431667,Medium
-70.69673,-33.534675,Medium
-70.69697667,-33.534865,Medium
-70.69747833,-33.53467333,Medium
-70.69796167,-33.53448667,Medium
-70.69838667,-33.53432167,Medium
-70.69875,-33.53419333,Medium
-70.69911167,-33.534065,Medium
-70.69943167,-33.53394167,Medium
-70.69974833,-33.53381333,Medium
-70.700145,-33.53367333,Medium
-70.70053,-33.53352833,Medium
-70.70089667,-33.533385,Medium
-70.70128333,-33.53323833,Medium
-70.70176833,-33.53307667,Medium
-70.70230333,-33.53288667,Medium
-70.70282667,-33.53272833,Medium
-70.70336167,-33.532545,Medium
-70.703715,-33.53241667,Medium
-70.70405667,-33.53230167,Medium
-70.7045,-33.53212833,Medium
-70.70496667,-33.53196,Medium
-70.705345,-33.53183167,Medium
-70.70583833,-33.53162833,Medium
-70.70640833,-33.53143667,Medium
-70.706955,-33.53121667,Medium
-70.70751667,-33.53094833,Medium
-70.70803,-33.53072,Medium
-70.70858,-33.53052167,Medium
-70.709165,-33.53032333,Medium
-70.7097,-33.53011333,Medium
-70.71024833,-33.52991833,Medium
-70.71074167,-33.52974,Medium
-70.71122833,-33.52955,Medium
-70.71176667,-33.52937,Medium
-70.712305,-33.52917833,Medium
-70.71287667,-33.528975,Medium
-70.71344833,-33.52876333,Medium
-70.71402333,-33.52855333,Medium
-70.71460167,-33.52834333,Medium
-70.71513333,-33.52814,Medium
-70.71548667,-33.52796333,Medium
-70.7159,-33.52778167,Medium
-70.71625333,-33.52765833,Medium
-70.71670667,-33.52747,Medium
-70.71719167,-33.527295,Medium
-70.71764667,-33.52713333,Medium
-70.71805833,-33.526975,Medium
-70.718335,-33.52687667,Medium
-70.71873167,-33.52675,Medium
-70.71919833,-33.5266,Medium
-70.71967667,-33.526435,Medium
-70.72020833,-33.526235,Medium
-70.72075667,-33.52603333,High
-70.72134333,-33.52582833,High
-70.72195,-33.525605,High
-70.72256,-33.52538333,High
-70.723105,-33.525165,High
-70.72359833,-33.52497833,High
-70.72414,-33.52475333,High
-70.72468167,-33.52452833,High
-70.72523667,-33.52430667,High
-70.72576333,-33.52412,High
-70.726285,-33.52393,High
-70.72683167,-33.52373167,Medium
-70.72744833,-33.52351833,Medium
-70.72812167,-33.52328333,High
-70.728795,-33.52302333,High
-70.72944833,-33.52280833,High
-70.73005333,-33.522575,High
-70.73072,-33.522335,High
-70.731385,-33.52208667,High
-70.73199,-33.52186833,High
-70.732615,-33.52162333,High
-70.733215,-33.52138167,High
-70.73382333,-33.52116667,High
-70.73439333,-33.52094,High
-70.73495333,-33.52074667,High
-70.735505,-33.52055,High
-70.73608667,-33.52034667,High
-70.73663667,-33.52013667,High
-70.737205,-33.51991167,High
-70.73777167,-33.51970833,High
-70.73831667,-33.51946667,High
-70.73887167,-33.51927667,High
-70.73937,-33.5191,High
-70.74016667,-33.518845,High
-70.74054,-33.51883,High
-70.74094667,-33.51889333,High
-70.74139,-33.51903667,High
-70.74185667,-33.519265,High
-70.74238333,-33.51951167,High
-70.74287833,-33.51979667,High
-70.74338667,-33.52005,High
-70.74388,-33.52034,High
-70.74441167,-33.52062667,High
-70.74499667,-33.52096833,High
-70.74557167,-33.52127167,High
-70.74609,-33.52153,High
-70.74658,-33.52181167,High
-70.74705833,-33.522085,High
-70.74751667,-33.522335,High
-70.748005,-33.52260167,High
-70.74854333,-33.522885,High
-70.749085,-33.52318833,High
-70.74960833,-33.52346833,High
-70.75014167,-33.52376667,High
-70.75065333,-33.52408333,High
-70.75112667,-33.52436833,High
-70.751525,-33.52458333,High
-70.7518,-33.524725,High
-70.752035,-33.525025,High
-70.75174,-33.52540167,High
-70.751545,-33.52565333,High
-70.75133333,-33.52592,High
-70.7511,-33.52621333,High
-70.75087667,-33.52648833,High
-70.750685,-33.526775,High
-70.750485,-33.52710667,High
-70.75019333,-33.52739833,High
-70.74999333,-33.52769167,High
-70.74968333,-33.52808,High
-70.74942,-33.52844833,High
-70.74921667,-33.528725,High
-70.74900833,-33.52893833,High
-70.74866,-33.529125,High
-70.74841333,-33.52929167,High
-70.74814167,-33.52946833,High
-70.747835,-33.52966167,High
-70.74753667,-33.52986,High
-70.74724,-33.53005333,High
-70.74694833,-33.53023667,High
-70.74666167,-33.53042167,High
-70.74635667,-33.53062167,High
-70.74604833,-33.53080667,High
-70.74573,-33.53101833,High
-70.74533833,-33.5313,Medium
-70.74503167,-33.53149667,Medium
-70.74475,-33.53167833,Medium
-70.74446833,-33.53187667,High
-70.744205,-33.53206167,High
-70.74396,-33.53220667,Medium
-70.74359667,-33.53246833,Medium
-70.74327833,-33.532665,Medium
-70.742985,-33.53284833,Medium
-70.74268167,-33.533055,High
-70.74238833,-33.53324667,High
-70.74213167,-33.53342833,High
-70.74179,-33.53364333,High
-70.74156,-33.5338,High
-70.74118,-33.53407667,High
-70.740785,-33.53433,High
-70.74042167,-33.53453333,High
-70.73993667,-33.53487167,High
-70.73965833,-33.53505667,High
-70.739315,-33.53527833,High
-70.738945,-33.53550167,High
-70.73860333,-33.53572333,High
-70.73825667,-33.535965,High
-70.737995,-33.53614333,High
-70.737685,-33.53634333,High
-70.73738,-33.536545,High
-70.737155,-33.53690167,High
-70.73741,-33.53722667,High
-70.73766167,-33.53752,High
-70.73795167,-33.53782167,Medium
-70.73826333,-33.538175,Medium
-70.73853667,-33.53850167,High
-70.73876833,-33.53876667,High
-70.73901167,-33.53903333,High
-70.73937833,-33.53948,High
-70.73964667,-33.53977167,High
-70.73985833,-33.54001167,High
-70.74000667,-33.54018333,High
-70.74018333,-33.54039833,High
-70.740415,-33.54063167,High
-70.740685,-33.54094833,High
-70.740985,-33.54129667,High
-70.74132,-33.54165,High
-70.741535,-33.5419,High
-70.741745,-33.54212667,High
-70.74193667,-33.54238833,High
-70.74213167,-33.542605,High
-70.742325,-33.54281333,High
-70.74268833,-33.54327667,High
-70.74249167,-33.54356833,High
-70.74215667,-33.5438,High
-70.741765,-33.54407833,High
-70.74128833,-33.544375,High
-70.740805,-33.54469667,High
-70.74039667,-33.54495667,High
-70.74008167,-33.54518,High
-70.73969667,-33.54544,High
-70.73925,-33.54574667,High
-70.73877333,-33.546075,High
-70.73831167,-33.54638667,High
-70.73782833,-33.54670167,High
-70.73740667,-33.54698333,High
-70.73703667,-33.54723667,High
-70.736735,-33.54744,High
-70.73639333,-33.54767,High
-70.73597333,-33.54796167,High
-70.73554333,-33.54828167,High
-70.73507333,-33.54856833,High
-70.73461667,-33.54886833,High
-70.73431333,-33.549075,High
-70.734005,-33.54928667,High
-70.73360167,-33.54956833,Medium
-70.73323833,-33.54982,Medium
-70.73293833,-33.55001167,Medium
-70.732585,-33.55024,Medium
-70.73215,-33.550525,Medium
-70.73168667,-33.550845,Medium
-70.731365,-33.55106667,Medium
-70.73110833,-33.55124167,Medium
-70.73078333,-33.55146667,Medium
-70.73051667,-33.551645,Medium
-70.73020667,-33.55150167,Medium
-70.729815,-33.55144167,Medium
-70.72947167,-33.55167,Medium
-70.72919333,-33.55184667,Medium
-70.728795,-33.55194333,Medium
-70.72837833,-33.55213833,High
-70.72838,-33.552575,High
-70.72858167,-33.55284,High
-70.72834833,-33.55308833,High
-70.72801167,-33.55326667,High
-70.72770667,-33.55343667,High
-70.72738333,-33.55361,Low
-70.72701,-33.55379833,High
-70.72668,-33.55397,Low
-70.72632667,-33.55414333,Low
-70.72596167,-33.55433833,Low
-70.72558333,-33.55451667,Low
-70.72520667,-33.55471667,Medium
-70.72483167,-33.55490667,Medium
-70.72444833,-33.55508667,Medium
-70.724075,-33.55527833,Medium
-70.72373,-33.55545167,High
-70.72343667,-33.55559,High
-70.7231,-33.55579167,Medium
-70.72281167,-33.555985,Medium
-70.72252833,-33.55615167,Medium
-70.72221167,-33.55629167,Medium
-70.72188667,-33.556405,Medium
-70.72156667,-33.55652667,Medium
-70.72126,-33.55665333,Medium
-70.72090333,-33.55679833,Medium
-70.720495,-33.55693667,Medium
-70.72010833,-33.557105,Medium
-70.71976667,-33.55724,Medium
-70.71935667,-33.557395,Medium
-70.71896167,-33.55754833,Medium
-70.71862333,-33.55767333,Medium
-70.71823833,-33.55781667,Medium
-70.71789667,-33.55794667,Medium
-70.71746833,-33.55807333,Medium
-70.71715167,-33.55813333,Medium
-70.71678333,-33.55816167,Medium
-70.71638667,-33.55821833,Low
-70.71599833,-33.55829,Low
-70.715635,-33.55833833,Medium
-70.71525,-33.558405,Medium
-70.71490667,-33.55845333,Medium
-70.71450667,-33.55850167,Medium
-70.71408667,-33.55856667,Medium
-70.71377333,-33.55862,Medium
-70.71339333,-33.558685,Medium
-70.71301667,-33.55874833,Medium
-70.71234167,-33.55884333,Medium
-70.71201833,-33.55891167,Medium
-70.71165333,-33.55902167,Medium
-70.71128333,-33.55908833,Medium
-70.71074,-33.55956167,Medium
-70.71073333,-33.55989333,Medium
-70.710785,-33.56029833,Medium
-70.71086667,-33.56077,Medium
-70.71097333,-33.561285,Medium
-70.71108667,-33.56178833,Medium
-70.71114833,-33.56215333,Medium
-70.71119333,-33.562545,Medium
-70.71125833,-33.56302833,Low
-70.71136,-33.56353667,Low
-70.71144167,-33.56402833,Medium
-70.71151,-33.564525,Medium
-70.71158333,-33.565005,Medium
-70.71166,-33.56546833,Medium
-70.71172167,-33.565935,Medium
-70.71183167,-33.56641333,Medium
-70.71189833,-33.56688333,Low
-70.71197,-33.56731167,Low
-70.71203833,-33.56779167,Low
-70.71214333,-33.568285,Low
-70.712205,-33.56879,Low
-70.71227667,-33.56928,Low
-70.71233833,-33.56974,Low
-70.712395,-33.57009667,Medium
-70.71243333,-33.57041833,Medium
-70.712485,-33.570865,Medium
-70.71254667,-33.57137333,Medium
-70.71262667,-33.57186167,Medium
-70.712725,-33.57228333,Medium
-70.71276667,-33.57265,Medium
-70.71283667,-33.57293833,Medium
-70.712965,-33.57321333,Medium
-70.71305667,-33.57355,Medium
-70.71314333,-33.573895,Medium
-70.71308,-33.57418333,Medium
-70.71235333,-33.574105,Medium
-70.71193333,-33.574035,Medium
-70.71146333,-33.573965,Medium
-70.71097833,-33.5739,Medium
-70.71046667,-33.57384167,Medium
-70.70995,-33.57371333,Medium
-70.70943167,-33.57356667,Medium
-70.70899,-33.57348667,Medium
-70.708595,-33.57343333,Medium
-70.70818667,-33.573385,Medium
-70.70772333,-33.573305,Medium
-70.70737833,-33.57326,Medium
-70.706955,-33.5732,Medium
-70.70647167,-33.57312833,Medium
-70.70596333,-33.57313,Medium
-70.70550333,-33.57313167,Medium
-70.70497333,-33.57310833,Medium
-70.70445667,-33.57309833,Medium
-70.70394833,-33.57309167,Medium
-70.70348,-33.57309,Medium
-70.70314667,-33.57309,Medium
-70.702735,-33.57308667,Medium
-70.70232833,-33.57308,Medium
-70.70192167,-33.57307167,Medium
-70.70157,-33.573065,Medium
-70.70092833,-33.57311167,Medium
-70.70102833,-33.57341333,Medium
-70.70113667,-33.57367833,Medium
-70.70128167,-33.57399,Medium
-70.70141333,-33.57424833,Medium
-70.70153667,-33.574515,Medium
-70.701675,-33.57481667,Medium
-70.70180667,-33.57508833,Medium
-70.70195,-33.57541167,Medium
-70.70210167,-33.57575167,Medium
-70.70226333,-33.5761,Medium
-70.70240167,-33.57640667,Medium
-70.70254167,-33.57669333,Medium
-70.70268167,-33.57696333,Medium
-70.702805,-33.57723167,Medium
-70.70298333,-33.57762167,Medium
-70.70311333,-33.57790833,Medium
-70.703255,-33.57824,Medium
-70.70338167,-33.57852,Medium
-70.70351667,-33.57882833,Medium
-70.70364667,-33.57912167,Medium
-70.70378667,-33.57943333,Medium
-70.70392833,-33.57973833,Medium
-70.70406,-33.58002167,Medium
-70.70418,-33.58029833,Medium
-70.70431667,-33.580605,Medium
-70.70445167,-33.58089667,Medium
-70.70459333,-33.581215,Medium
-70.70473667,-33.58153,Medium
-70.704895,-33.58191667,Medium
-70.70504833,-33.58225333,Medium
-70.70519667,-33.58259167,Medium
-70.70534,-33.582905,Medium
-70.70548667,-33.58320667,Medium
-70.70563167,-33.58353,Medium
-70.70579833,-33.58390167,Medium
-70.70598,-33.58424,Medium
-70.70611833,-33.58455667,Medium
-70.70622333,-33.58481667,Medium
-70.70635,-33.58509,Medium
-70.70648667,-33.58540833,Medium
-70.70662833,-33.58573167,Medium
-70.706755,-33.586025,Medium
-70.70688167,-33.58629333,Medium
-70.70699333,-33.58653833,Medium
-70.707135,-33.586825,Medium
-70.70726333,-33.58711667,Medium
-70.707445,-33.58754333,Medium
-70.70756,-33.58781833,Medium
-70.70756333,-33.58813667,Medium
-70.70714,-33.58822833,Medium
-70.706805,-33.58830667,Medium
-70.70646667,-33.58838333,Medium
-70.70611667,-33.58846167,Medium
-70.705775,-33.58854667,Medium
-70.70546167,-33.58861667,Medium
-70.70540667,-33.58891,Medium
-70.70555833,-33.58929333,Medium
-70.70547333,-33.58964667,Medium
-70.70514,-33.589715,Medium
-70.70478167,-33.58980167,Medium
-70.70410833,-33.58996167,Medium
-70.703775,-33.590045,Medium
-70.70343667,-33.59012,Medium
-70.70299167,-33.59018,Medium
-70.70273833,-33.58994333,Medium
-70.70251833,-33.58970333,Medium
-70.70225,-33.5894,Medium
-70.70193667,-33.58909333,Medium
-70.70165,-33.58875167,Medium
-70.70134333,-33.58844667,Medium
-70.70106,-33.588155,Medium
-70.700825,-33.587905,Medium
-70.7006,-33.587645,Medium
-70.70028833,-33.58733333,Medium
-70.70001,-33.58698333,Medium
-70.69972333,-33.58666667,Medium
-70.699495,-33.58641667,Medium
-70.69927,-33.58619333,Medium
-70.69910167,-33.58595833,Medium
-70.69902,-33.58561667,Medium
-70.69892167,-33.58523333,Medium
-70.69862667,-33.58499,Medium
-70.698255,-33.58475833,Medium
-70.697955,-33.58439833,Medium
-70.69768333,-33.58401167,Medium
-70.69739833,-33.58361833,Medium
-70.69716833,-33.58329167,Medium
-70.696845,-33.58281833,Medium
-70.69663167,-33.58253333,Medium
-70.69637333,-33.58219833,Medium
-70.69608,-33.58181333,Medium
-70.69576833,-33.58141,Medium
-70.69546333,-33.581,Medium
-70.69514833,-33.580575,Medium
-70.69486333,-33.58013,Medium
-70.694555,-33.57972333,Medium
-70.69425667,-33.57931333,Medium
-70.693955,-33.57888333,Medium
-70.69364,-33.57844167,Medium
-70.69331333,-33.57801833,Medium
-70.69302,-33.57761,Medium
-70.69276167,-33.57724667,Medium
-70.692535,-33.57691,Medium
-70.69235,-33.57663667,Medium
-70.69216667,-33.57641,Medium
-70.69194333,-33.57609833,High
-70.69167333,-33.57572833,Medium
-70.69138667,-33.57535167,Medium
-70.69112,-33.57499833,Medium
-70.69091,-33.57469333,Medium
-70.69068833,-33.57438167,Medium
-70.690505,-33.57415,Medium
-70.69024333,-33.57382,Medium
-70.68997667,-33.57342167,Medium
-70.68966667,-33.57304,Medium
-70.6894,-33.57262,Medium
-70.68909833,-33.57221333,Medium
-70.68878167,-33.57179667,Medium
-70.68846167,-33.57137,Medium
-70.68817,-33.57097667,Medium
-70.68786667,-33.570565,Medium
-70.687575,-33.57015333,Medium
-70.687285,-33.56976667,Medium
-70.68702667,-33.56940833,Medium
-70.68677667,-33.569055,Medium
-70.68636833,-33.56851333,Medium
-70.68615,-33.56822667,Medium
-70.685885,-33.56791833,Medium
-70.68559833,-33.56755667,Medium
-70.68531167,-33.56721667,Medium
-70.68501167,-33.56682333,Medium
-70.684665,-33.56646,Medium
-70.68440333,-33.56604833,Medium
-70.68407333,-33.56566167,Medium
-70.68374833,-33.56525667,Medium
-70.68338167,-33.56483167,Medium
-70.68306,-33.56444833,Medium
-70.68275833,-33.56407167,Medium
-70.68244167,-33.56368167,Medium
-70.68215,-33.5633,Medium
-70.68182167,-33.56291333,Medium
-70.68150167,-33.56252167,Medium
-70.68118167,-33.56211833,Medium
-70.68089833,-33.56174667,Medium
-70.680575,-33.56135833,Medium
-70.68024333,-33.56095833,Medium
-70.67992833,-33.56054333,Medium
-70.67959833,-33.56011833,Medium
-70.67925667,-33.55971333,Medium
-70.67894167,-33.55932833,Medium
-70.67864,-33.55892333,Medium
-70.67832,-33.558545,Medium
-70.67801167,-33.55811167,Medium
-70.67770167,-33.5577,Medium
-70.67737,-33.55728667,Medium
-70.67707167,-33.55689167,Medium
-70.676765,-33.55647667,Medium
-70.67646667,-33.55610833,Medium
-70.676175,-33.55574333,Medium
-70.675935,-33.55544333,Medium
-70.675635,-33.55503333,Medium
-70.67542333,-33.55475333,Medium
-70.67521167,-33.55447167,Medium
-70.674985,-33.55419,Medium
-70.67472167,-33.55387833,Medium
-70.674495,-33.55361167,Medium
-70.67424833,-33.55329667,Medium
-70.67404333,-33.55303333,Medium
-70.673655,-33.55253167,Medium
-70.67388667,-33.55232833,Medium
-70.67427833,-33.55224167,Medium
-70.67476167,-33.55215,Medium
-70.67520667,-33.55203333,Medium
-70.67562,-33.55193,Medium
-70.676025,-33.55184333,Medium
-70.67651167,-33.55176,Medium
-70.67702333,-33.55164333,Medium
-70.67753,-33.55154833,Medium
-70.67795333,-33.55147333,Medium
-70.67831,-33.55140833,Medium
-70.67873,-33.55133333,Medium
-70.67910333,-33.551265,Medium
-70.679585,-33.55116833,Medium
-70.68009833,-33.55107333,Medium
-70.68065167,-33.550965,Medium
-70.68114333,-33.550855,Medium
-70.68151167,-33.550775,Medium
-70.68184833,-33.55070167,Medium
-70.682275,-33.5506,Medium
-70.68271667,-33.55051,Medium
-70.683155,-33.550425,Medium
-70.68362333,-33.55032167,Medium
-70.68400833,-33.55024,Medium
-70.68455167,-33.55013667,Medium
-70.684895,-33.550075,Medium
-70.68529,-33.55000667,Medium
-70.68576167,-33.549925,Medium
-70.68622167,-33.54983167,Medium
-70.68658,-33.54976167,Medium
-70.68698167,-33.54969333,Medium
-70.68737167,-33.54962667,Medium
-70.687675,-33.54938333,Medium
-70.68752333,-33.549055,Medium
-70.687335,-33.548655,Medium
-70.68716833,-33.54828167,Medium
-70.68698667,-33.54791333,Medium
-70.686825,-33.54756667,Medium
-70.68664,-33.54738833,Low
-70.68646667,-33.54706833,Low
-70.686325,-33.54672667,Low
-70.68617,-33.54639,Low
-70.68600167,-33.54598167,Low
-70.68586,-33.54559333,Medium
-70.68565833,-33.54517167,Medium
-70.68545167,-33.54476833,Medium
-70.68529667,-33.54446333,Medium
-70.68509667,-33.54405,Medium
-70.684875,-33.54353833,Medium
-70.684615,-33.54305,Medium
-70.68440833,-33.54259333,Medium
-70.68429667,-33.54225,Medium
-70.68435333,-33.54196333,Medium
-70.68456,-33.54163833,Medium
-70.68482,-33.541255,Medium
-70.68505667,-33.54091,Medium
-70.68515833,-33.54064833,Medium
-70.68501333,-33.54034833,Medium
-70.68484,-33.539975,Medium
-70.68462,-33.539545,Medium
-70.684765,-33.53933,Medium
-70.68525,-33.53917833,Medium
-70.68578833,-33.53897333,Medium
-70.68635667,-33.53873167,Medium
-70.68694167,-33.53856,Medium
-70.68728833,-33.53843333,Medium
-70.68767,-33.53827667,Medium
-70.68807,-33.53814,Medium
-70.68843167,-33.53799667,Low
-70.68892333,-33.53784,Medium
-70.68943,-33.53763333,Medium
-70.68996167,-33.53744667,Medium
-70.6905,-33.537245,Medium
-70.69105333,-33.53705,Medium
-70.69153333,-33.53685833,Medium
-70.69196167,-33.53673,Medium
-70.69209667,-33.536495,Medium
-70.69197667,-33.53625167,Medium
-70.69181833,-33.53593333,Medium
-70.69208833,-33.53574833,Medium
-70.69250667,-33.53560167,Medium
-70.69266167,-33.53517,Medium
-70.69251,-33.53481833,Medium
-70.69253,-33.534545,Medium
-70.69295167,-33.5344,Medium
-70.75193667,-33.52517,High
-70.75185333,-33.52526,High
-70.51585208,-33.37697292,Low
-70.5156425,-33.37690292,Low
-70.51551375,-33.37681083,Low
-70.51526694,-33.37669889,Low
-70.51828667,-33.3716575,Low
-70.53904208,-33.35719479,Low
-70.54573583,-33.33749056,Low
-70.52054354,-33.33445208,Low
-70.51055946,-33.33771601,Low
-70.4943275,-33.33973431,Low
-70.49407083,-33.33962833,Low
-70.49390542,-33.33953917,Low
-70.49371833,-33.33942208,Low
-70.51020708,-33.35138417,Low
-70.51035167,-33.35698833,Low
-70.51017917,-33.35739417,Low
-70.50994958,-33.35813083,Low
-70.50993167,-33.3582825,Low
-70.5098625,-33.35842208,Low
-70.50860229,-33.36248146,Low
-70.50837729,-33.36252333,Low
-70.50747167,-33.36227833,Low
-70.5069925,-33.362125,Low
-70.5065,-33.36201667,Low
-70.50603,-33.36189417,Low
-70.5056175,-33.36176125,Low
-70.50486875,-33.36157375,Low
-70.5046025,-33.36149333,Low
-70.5040775,-33.36135833,Low
-70.50364,-33.3612375,Low
-70.50316083,-33.36118333,Low
-70.50294042,-33.36125542,Low
-70.50283208,-33.36136792,Low
-70.5027075,-33.36151667,Low
-70.50271667,-33.36164042,Low
-70.50272,-33.36217333,Low
-70.50265792,-33.36229167,Low
-70.50245458,-33.362395,Low
-70.50224583,-33.36243958,Low
-70.50203625,-33.362485,Low
-70.50186208,-33.36253375,Low
-70.50167167,-33.36255625,Low
-70.50150333,-33.36258,Low
-70.5013,-33.36257542,Low
-70.5010825,-33.36258917,Low
-70.50049917,-33.3625925,Low
-70.49994333,-33.3626125,Low
-70.49929375,-33.36262,Low
-70.49874667,-33.36256083,Low
-70.49818833,-33.36245917,Low
-70.49765625,-33.36213917,Low
-70.497435,-33.36202208,Low
-70.49707333,-33.36192,Low
-70.496545,-33.36188333,Low
-70.49612292,-33.361855,Low
-70.49501125,-33.36191625,Low
-70.49471833,-33.36195,Low
-70.49341958,-33.36217667,Low
-70.4932475,-33.36212417,Low
-70.4932025,-33.36197833,Low
-70.49311875,-33.36181875,Low
-70.49303792,-33.36160958,Low
-70.49295167,-33.36146542,Low
-70.49289833,-33.36128292,Low
-70.49275708,-33.36118417,Low
-70.49260417,-33.36108542,Low
-70.49247583,-33.36101833,Low
-70.51005375,-33.35138542,Low
-70.5182999,-33.35274198,Low
-70.51596375,-33.36093458,Low
-70.51539167,-33.36212056,Low
-70.51745992,-33.37773008,Low
-70.51521,-33.37650667,Low
-70.51539,-33.37626167,Low
-70.51561833,-33.37593833,Low
-70.51586167,-33.37556333,Low
-70.516085,-33.37515,Low
-70.51631667,-33.37476333,Low
-70.51656167,-33.37438167,Low
-70.516785,-33.374015,Low
-70.51697667,-33.37369833,Low
-70.51714333,-33.37347167,Low
-70.51736333,-33.37309833,Low
-70.517525,-33.37283,Low
-70.51769167,-33.37258667,Low
-70.51788,-33.37229667,Low
-70.51809,-33.37196167,Low
-70.51837167,-33.37147,Low
-70.51851,-33.371115,Low
-70.51858167,-33.37065667,Low
-70.51879,-33.370225,Low
-70.51911667,-33.36983167,Low
-70.519425,-33.369435,Low
-70.519715,-33.36906,Low
-70.51987333,-33.36882,Low
-70.52010333,-33.36857667,Low
-70.52034,-33.36832333,Low
-70.52065,-33.36802667,Low
-70.521055,-33.36775,Low
-70.52152333,-33.36748167,Low
-70.52198167,-33.36724,Low
-70.5224,-33.36710333,Low
-70.52280333,-33.36724167,Low
-70.52309,-33.367395,Low
-70.523405,-33.36705,Low
-70.523715,-33.366785,Low
-70.52409333,-33.36673833,Low
-70.524605,-33.366705,Low
-70.52512167,-33.36663833,Low
-70.52563833,-33.36672,Low
-70.52609667,-33.36660667,Low
-70.526555,-33.366325,Low
-70.52701333,-33.36606167,Low
-70.52739833,-33.365835,Low
-70.52763167,-33.365715,Low
-70.52799667,-33.36565833,Low
-70.52846167,-33.36562333,Low
-70.52892333,-33.36558,Low
-70.52936333,-33.36556667,Low
-70.52978167,-33.36553,Low
-70.53022833,-33.36548333,Low
-70.530595,-33.36547667,Low
-70.53094,-33.36544,Low
-70.53139333,-33.36538333,Low
-70.53190833,-33.36535167,Low
-70.532465,-33.36530833,Low
-70.532915,-33.36524667,Low
-70.53328333,-33.365105,Low
-70.53355167,-33.36482667,Low
-70.53378,-33.36455167,Low
-70.533975,-33.36433833,Low
-70.534205,-33.36410833,Low
-70.53442667,-33.36387833,Low
-70.53470833,-33.36368833,Low
-70.53507333,-33.363745,Low
-70.53554667,-33.36381167,Low
-70.53600667,-33.36385667,Low
-70.53647167,-33.363885,Low
-70.536795,-33.36389333,Low
-70.53712167,-33.363905,Low
-70.53756167,-33.36391333,Low
-70.53797167,-33.36393333,Low
-70.53817167,-33.36373333,Low
-70.53822167,-33.36343333,Low
-70.53828667,-33.363115,Low
-70.53834333,-33.36286,Low
-70.538415,-33.36255,Low
-70.53846667,-33.36222333,Low
-70.53853833,-33.36184833,Low
-70.53858,-33.36152167,Low
-70.53866667,-33.36111667,Low
-70.53873,-33.36078333,Low
-70.53878833,-33.360455,Low
-70.53881667,-33.36012333,Low
-70.53885,-33.35969333,Low
-70.53887667,-33.35924167,Low
-70.53891667,-33.35886667,Low
-70.53893167,-33.35862167,Low
-70.538955,-33.35833,Low
-70.53897833,-33.358,Low
-70.53900833,-33.35761667,Low
-70.539065,-33.35689833,Low
-70.53910833,-33.35655,Low
-70.53921167,-33.356145,Low
-70.53921167,-33.35577167,Low
-70.53928,-33.35546333,Low
-70.539375,-33.35512333,Low
-70.539495,-33.35468667,Low
-70.53952167,-33.35424833,Low
-70.53960167,-33.353775,Low
-70.53975333,-33.35327667,Low
-70.54001833,-33.35281333,Low
-70.54030333,-33.35232333,Low
-70.540575,-33.35181833,Low
-70.54083,-33.351325,Low
-70.54103833,-33.350915,Low
-70.54118833,-33.35064833,Low
-70.54135833,-33.35034667,Low
-70.54156167,-33.34995333,Low
-70.541775,-33.349535,Low
-70.54197667,-33.34914167,Low
-70.54220333,-33.34876833,Low
-70.54240667,-33.34839167,Low
-70.54255667,-33.348055,Low
-70.54269,-33.347785,Low
-70.54284667,-33.347445,Low
-70.54298833,-33.34703,Low
-70.54314333,-33.346605,Low
-70.54330667,-33.34617,Low
-70.543445,-33.34578667,Low
-70.543565,-33.34552833,Low
-70.54369667,-33.345235,Low
-70.543835,-33.344875,Low
-70.544075,-33.344525,Low
-70.54448667,-33.34431167,Low
-70.544875,-33.34408333,Low
-70.54522333,-33.34378333,Low
-70.54551667,-33.34344333,Low
-70.54577167,-33.34303333,Low
-70.54591833,-33.34264,Low
-70.54592,-33.34225833,Low
-70.545845,-33.34186167,Low
-70.54578167,-33.34141167,Low
-70.54578333,-33.34094333,Low
-70.54578167,-33.340415,Low
-70.54578333,-33.33982333,Low
-70.54578833,-33.33920333,Low
-70.54579,-33.33860333,Low
-70.54575833,-33.33808667,Low
-70.54574,-33.33770333,Low
-70.54573167,-33.33737333,Low
-70.5457,-33.33703,Low
-70.54559833,-33.336635,Low
-70.54539,-33.336195,Low
-70.54510333,-33.33577833,Low
-70.54476333,-33.33544,Low
-70.54441833,-33.33514333,Low
-70.54408,-33.33483167,Low
-70.54377667,-33.33448167,Low
-70.54351167,-33.33412333,Low
-70.54327667,-33.333755,Low
-70.54303333,-33.33335,Low
-70.542795,-33.33291333,Low
-70.5426,-33.33253,Low
-70.54245,-33.33227833,Low
-70.54222333,-33.33200833,Low
-70.54181833,-33.33214667,Low
-70.54146333,-33.33222333,Low
-70.541035,-33.33224333,Low
-70.54055,-33.33214833,Low
-70.54002833,-33.332065,Low
-70.53949333,-33.332045,Low
-70.53896667,-33.332095,Low
-70.53852833,-33.33217667,Low
-70.538065,-33.332255,Low
-70.53770833,-33.332185,Low
-70.53734,-33.332045,Low
-70.53691833,-33.33195833,Low
-70.536475,-33.33189667,Low
-70.53611833,-33.33187,Low
-70.53576667,-33.33185,Low
-70.53567,-33.33157833,Low
-70.53569667,-33.331305,Low
-70.535615,-33.33097667,Low
-70.53522667,-33.33070333,Low
-70.53474,-33.33044667,Low
-70.53438167,-33.33026667,Low
-70.53408333,-33.330085,Low
-70.53373833,-33.32982333,Low
-70.53333333,-33.32961333,Low
-70.53301167,-33.32950333,Low
-70.53273833,-33.32973,Low
-70.532455,-33.32996333,Low
-70.53203167,-33.330185,Low
-70.53150667,-33.33035667,Low
-70.53096333,-33.33053667,Low
-70.53041667,-33.33072167,Low
-70.52992167,-33.330885,Low
-70.52954167,-33.33099333,Low
-70.52911,-33.33106667,Low
-70.52861667,-33.33112833,Low
-70.52820167,-33.33121,Low
-70.52780333,-33.33132833,Low
-70.527365,-33.33130833,Low
-70.52702,-33.33134333,Low
-70.52665833,-33.331375,Low
-70.52626667,-33.33140833,Low
-70.525885,-33.33146833,Low
-70.52552,-33.33163167,Low
-70.525265,-33.33194167,Low
-70.52510333,-33.332335,Low
-70.52490833,-33.33274,Low
-70.52460333,-33.33302167,Low
-70.52425833,-33.33319333,Low
-70.52391167,-33.33336333,Low
-70.52346833,-33.33355833,Low
-70.52302333,-33.33373667,Low
-70.522675,-33.333845,Low
-70.52225667,-33.33395,Low
-70.52188,-33.33412833,Low
-70.521415,-33.33424,Low
-70.52094333,-33.334355,Low
-70.52026167,-33.33447333,Low
-70.52021667,-33.33411667,Low
-70.52018,-33.33380333,Low
-70.52014167,-33.333445,Low
-70.52009333,-33.33304667,Low
-70.52004833,-33.33271667,Low
-70.51973833,-33.33258667,Low
-70.51933667,-33.33251667,Low
-70.51889167,-33.33236167,Low
-70.51838333,-33.33234667,Low
-70.51781,-33.33238333,Low
-70.51725,-33.33243167,Low
-70.51684833,-33.33246833,Low
-70.51652,-33.33249833,Low
-70.51608,-33.33254333,Low
-70.51554833,-33.332585,Low
-70.51516667,-33.33260667,Low
-70.51476833,-33.332655,Low
-70.51436167,-33.332685,Low
-70.51389333,-33.33260167,Low
-70.513525,-33.33236667,Low
-70.51330833,-33.33202167,Low
-70.51326,-33.33160333,Low
-70.51325333,-33.33120333,Low
-70.51324333,-33.33086667,Low
-70.51293167,-33.33076667,Low
-70.51256167,-33.330805,Low
-70.51218167,-33.330795,Low
-70.51182,-33.330755,Low
-70.51151667,-33.330725,Low
-70.5113,-33.33093333,Low
-70.51127833,-33.33125167,Low
-70.51124,-33.331605,Low
-70.51121833,-33.33194333,Low
-70.51102,-33.332305,Low
-70.51067,-33.33258333,Low
-70.51024667,-33.33280333,Low
-70.50979667,-33.33306833,Low
-70.509245,-33.333205,Low
-70.508695,-33.333185,Low
-70.50815167,-33.33311,Low
-70.50766667,-33.33303333,Low
-70.50724,-33.332975,Low
-70.50682833,-33.332975,Low
-70.50666,-33.33314833,Low
-70.50681667,-33.33343333,Low
-70.50696333,-33.33378667,Low
-70.50712333,-33.33415167,Low
-70.50730167,-33.33454167,Low
-70.50749167,-33.33499167,Low
-70.50775833,-33.33545167,Low
-70.50809833,-33.33584,Low
-70.50843667,-33.33604,Low
-70.508815,-33.336195,Low
-70.50918333,-33.33634667,Low
-70.50955,-33.33650333,Low
-70.50988167,-33.33672833,Low
-70.51016667,-33.337045,Low
-70.51038,-33.33739167,Low
-70.51013,-33.3377,Low
-70.50976667,-33.33780167,Low
-70.50933,-33.33790333,Low
-70.50896,-33.33795333,Low
-70.50856,-33.337995,Low
-70.508045,-33.338035,Low
-70.50759167,-33.338035,Low
-70.50721167,-33.33802333,Low
-70.506815,-33.338025,Low
-70.50645167,-33.33809833,Low
-70.50612667,-33.33817,Low
-70.50582167,-33.33826167,Low
-70.50546,-33.33836,Low
-70.50498333,-33.33852,Low
-70.504575,-33.33868667,Low
-70.504255,-33.33881833,Low
-70.50389667,-33.33886,Low
-70.50349,-33.33880333,Low
-70.50313667,-33.33896333,Low
-70.50288667,-33.33915667,Low
-70.50257,-33.33907333,Low
-70.50231833,-33.33875167,Low
-70.50206333,-33.33851,Low
-70.50175667,-33.33836333,Low
-70.50138,-33.33817,Low
-70.50109333,-33.33788,Low
-70.50100167,-33.33757667,Low
-70.50081167,-33.33734667,Low
-70.50048167,-33.33715833,Low
-70.50002833,-33.336995,Low
-70.49960333,-33.33670667,Low
-70.499305,-33.33639667,Low
-70.49896833,-33.33621333,Low
-70.49850833,-33.33635667,Low
-70.49806167,-33.33668667,Low
-70.49758667,-33.33702833,Low
-70.49710833,-33.33735667,Low
-70.49665833,-33.33767167,Low
-70.49641333,-33.33803833,Low
-70.49647667,-33.33836,Low
-70.496605,-33.33861,Low
-70.496725,-33.33889167,Low
-70.49680167,-33.33924833,Low
-70.49676667,-33.33963,Low
-70.49667,-33.33996667,Low
-70.49649333,-33.34032833,Low
-70.49621667,-33.34032667,Low
-70.49579833,-33.340095,Low
-70.49528,-33.33991,Low
-70.49473833,-33.33977833,Low
-70.49360667,-33.33936833,Low
-70.49329167,-33.33941,Low
-70.492965,-33.33963833,Low
-70.49255667,-33.33982167,Low
-70.49214333,-33.34001333,Low
-70.49186167,-33.34015667,Low
-70.491895,-33.33997167,Low
-70.49221667,-33.33976667,Low
-70.49264833,-33.33958667,Low
-70.49306167,-33.33935,Low
-70.49341833,-33.339205,Low
-70.49437667,-33.34003667,Low
-70.49414833,-33.34036167,Low
-70.49393667,-33.34069833,Low
-70.49388,-33.34096167,Low
-70.494155,-33.34116167,Low
-70.49449167,-33.34141,Low
-70.49488667,-33.34169,Low
-70.495245,-33.342,Low
-70.49554333,-33.34228667,Low
-70.4958,-33.34255833,Low
-70.49606,-33.34287667,Low
-70.49628167,-33.343145,Low
-70.49643667,-33.34342167,Low
-70.49658,-33.34378,Low
-70.496755,-33.34410167,Low
-70.497125,-33.34432667,Low
-70.49756667,-33.344385,Low
-70.49804333,-33.34426833,Low
-70.498475,-33.34405,Low
-70.49883,-33.343865,Low
-70.49924167,-33.34365667,Low
-70.49963833,-33.34344833,Low
-70.50007833,-33.34313833,Low
-70.500425,-33.34280667,Low
-70.50069167,-33.34266167,Low
-70.50104,-33.34263,Low
-70.50144167,-33.34276667,Low
-70.50171,-33.34300333,Low
-70.50192,-33.34338,Low
-70.502125,-33.34384667,Low
-70.50234167,-33.34427667,Low
-70.50253667,-33.34473,Low
-70.50269333,-33.34502667,Low
-70.502875,-33.34535833,Low
-70.50314167,-33.34574667,Low
-70.503475,-33.34594,Low
-70.50389667,-33.34585667,Low
-70.504205,-33.3457,Low
-70.504585,-33.345505,Low
-70.505065,-33.34540833,Low
-70.50547167,-33.345435,Low
-70.50588,-33.345345,Low
-70.50636167,-33.345135,Low
-70.50670333,-33.34495333,Low
-70.50703833,-33.34499833,Low
-70.50731833,-33.34529,Low
-70.50760833,-33.34554667,Low
-70.507885,-33.34575333,Low
-70.50837,-33.34601,Low
-70.50891667,-33.34616,Low
-70.50952833,-33.34628,Low
-70.50994167,-33.34632667,Low
-70.510145,-33.34660833,Low
-70.51031167,-33.347035,Low
-70.51040667,-33.347565,Low
-70.51049333,-33.348125,Low
-70.510515,-33.34847333,Low
-70.51046,-33.34874167,Low
-70.51031167,-33.349085,Low
-70.51013667,-33.34942,Low
-70.51001667,-33.34972833,Low
-70.50997833,-33.350045,Low
-70.51005167,-33.35052333,Low
-70.51014833,-33.35099,Low
-70.51032167,-33.35176667,Low
-70.51043333,-33.35210667,Low
-70.51055333,-33.35249667,Low
-70.51065,-33.35288667,Low
-70.51073333,-33.353215,Low
-70.51083167,-33.35361333,Low
-70.510965,-33.35412333,Low
-70.51105667,-33.35455333,Low
-70.51111333,-33.35479833,Low
-70.511125,-33.35509667,Low
-70.51098167,-33.35547333,Low
-70.51086167,-33.35579,Low
-70.51077,-33.35606,Low
-70.51064167,-33.35635667,Low
-70.51049833,-33.35666667,Low
-70.51005833,-33.357875,Low
-70.509885,-33.35866833,Low
-70.50986667,-33.35897667,Low
-70.50979667,-33.35937833,Low
-70.50956167,-33.359895,Low
-70.50939667,-33.36032833,Low
-70.50928333,-33.36058667,Low
-70.50916667,-33.36091,Low
-70.50901833,-33.361355,Low
-70.50885167,-33.36181,Low
-70.508715,-33.36222,Low
-70.50268833,-33.361855,Low
-70.500925,-33.36257667,Low
-70.49776667,-33.362235,Low
-70.49565833,-33.36183667,Low
-70.495165,-33.36186833,Low
-70.49423667,-33.36198667,Low
-70.49368667,-33.362065,Low
-70.49380167,-33.36210333,Low
-70.49436667,-33.361945,Low
-70.49577333,-33.36190167,Low
-70.49913333,-33.36258,Low
-70.49949667,-33.36260167,Low
-70.50278667,-33.36194167,Low
-70.50447333,-33.36146167,Low
-70.50845667,-33.362365,Low
-70.50853833,-33.36205333,Low
-70.508635,-33.36174333,Low
-70.50876167,-33.36138,Low
-70.50886667,-33.36108667,Low
-70.50896333,-33.360825,Low
-70.50906333,-33.36054833,Low
-70.50918167,-33.36018,Low
-70.509315,-33.359795,Low
-70.50944167,-33.35942667,Low
-70.50960833,-33.35907667,Low
-70.50971333,-33.35876167,Low
-70.51003333,-33.35778,Low
-70.51037667,-33.35659833,Low
-70.51011167,-33.35639833,Low
-70.50977667,-33.35616333,Low
-70.509365,-33.35598333,Low
-70.5089,-33.355865,Low
-70.50841167,-33.35572667,Low
-70.50794667,-33.355615,Low
-70.50761833,-33.355495,Low
-70.50731667,-33.355675,Low
-70.50718667,-33.35598167,Low
-70.50704833,-33.356325,Low
-70.506915,-33.35669667,Low
-70.50662,-33.35684833,Low
-70.50625333,-33.35674,Low
-70.50592,-33.35662167,Low
-70.50558167,-33.35653833,Low
-70.50522667,-33.356435,Low
-70.50484833,-33.35633333,Low
-70.50441667,-33.356205,Low
-70.50397167,-33.35605,Low
-70.50363667,-33.35596167,Low
-70.50369333,-33.35567167,Low
-70.503825,-33.35531167,Low
-70.50397333,-33.354915,Low
-70.50411,-33.35464167,Low
-70.504255,-33.35429333,Low
-70.50441667,-33.35385167,Low
-70.50452833,-33.35350333,Low
-70.50449,-33.353205,Low
-70.50438167,-33.352885,Low
-70.50427167,-33.35246167,Low
-70.50409,-33.35206333,Low
-70.50392667,-33.351725,Low
-70.50403,-33.35155,Low
-70.50446167,-33.35151167,Low
-70.50486667,-33.35144,Low
-70.505215,-33.35136833,Low
-70.50571167,-33.351245,Low
-70.50626,-33.351125,Low
-70.50678,-33.35104,Low
-70.50731,-33.35105,Low
-70.50788,-33.35113667,Low
-70.508445,-33.35122333,Low
-70.50900667,-33.35124,Low
-70.50959667,-33.35132667,Low
-70.51054,-33.35146333,Low
-70.51102667,-33.35152833,Low
-70.51159167,-33.35161,Low
-70.51212667,-33.35177333,Low
-70.51267833,-33.35185333,Low
-70.51323,-33.35196167,Low
-70.51378667,-33.35205833,Low
-70.514405,-33.35215167,Low
-70.51505,-33.35223333,Low
-70.51565667,-33.35232333,Low
-70.516245,-33.35241167,Low
-70.51682667,-33.352515,Low
-70.51744333,-33.352585,Low
-70.51796667,-33.35268333,Low
-70.51866333,-33.35277667,Low
-70.51910667,-33.35283667,Low
-70.519685,-33.35292167,Low
-70.52033833,-33.35301667,Low
-70.52093833,-33.35312167,Low
-70.52149833,-33.3532,Low
-70.52211667,-33.353285,Low
-70.52265333,-33.35337167,Low
-70.52301833,-33.35341667,Low
-70.52308833,-33.35374667,Low
-70.52342,-33.35403167,Low
-70.52377,-33.35436667,Low
-70.52412833,-33.35477167,Low
-70.52438667,-33.35523333,Low
-70.524575,-33.35571167,Low
-70.52464667,-33.35621,Low
-70.52462,-33.35672167,Low
-70.52453167,-33.35719167,Low
-70.52441,-33.357655,Low
-70.52421667,-33.35812167,Low
-70.52400167,-33.35847667,Low
-70.52379667,-33.35888167,Low
-70.523445,-33.35922,Low
-70.52300333,-33.35953,Low
-70.52262,-33.359745,Low
-70.522255,-33.35983167,Low
-70.52183,-33.35982833,Low
-70.52128667,-33.35974,Low
-70.520705,-33.35969833,Low
-70.52011833,-33.35968167,Low
-70.51956,-33.35970667,Low
-70.51915333,-33.35974,Low
-70.51875833,-33.359805,Low
-70.51824,-33.35990333,Low
-70.51772,-33.36009833,Low
-70.51721333,-33.36036,Low
-70.516685,-33.360615,Low
-70.516205,-33.36084833,Low
-70.51572167,-33.36121333,Low
-70.51559667,-33.3616,Low
-70.515455,-33.361975,Low
-70.5153,-33.36237167,Low
-70.515145,-33.36272833,Low
-70.51495,-33.36321333,Low
-70.51476,-33.36372167,Low
-70.51454,-33.36422833,Low
-70.51427167,-33.3647,Low
-70.51394667,-33.365175,Low
-70.51364,-33.36563833,Low
-70.51332833,-33.36614833,Low
-70.51296833,-33.36670167,Low
-70.51260833,-33.36727667,Low
-70.51223333,-33.36787333,Low
-70.511895,-33.36839833,Low
-70.51174167,-33.36896333,Low
-70.51162667,-33.36953167,Low
-70.51155833,-33.37000667,Low
-70.51152,-33.3703,Low
-70.51147333,-33.370595,Low
-70.51145,-33.37095667,Low
-70.51130167,-33.37127333,Low
-70.51113667,-33.37154333,Low
-70.51095667,-33.37185167,Low
-70.510795,-33.37214833,Low
-70.51067833,-33.37239,Low
-70.51055,-33.37270667,Low
-70.51041333,-33.37298333,Low
-70.51020667,-33.37330167,Low
-70.51004333,-33.37360833,Low
-70.50985833,-33.37393333,Low
-70.50966833,-33.37429333,Low
-70.50951333,-33.37457333,Low
-70.50936667,-33.37487167,Low
-70.50916667,-33.37522,Low
-70.50897333,-33.37555167,Low
-70.50921333,-33.37574167,Low
-70.509705,-33.37588667,Low
-70.51013167,-33.37603833,Low
-70.51047167,-33.376165,Low
-70.51085,-33.376305,Low
-70.51134667,-33.37649167,Low
-70.511905,-33.37671,Low
-70.51247167,-33.37693167,Low
-70.51311167,-33.3771,Low
-70.51375333,-33.377305,Low
-70.51429333,-33.37746333,Low
-70.51459333,-33.37755667,Low
-70.514845,-33.37719167,Low
-70.51508,-33.37678,Low
-70.51619333,-33.37711667,Low
-70.51649,-33.37726,Low
-70.51675167,-33.37739167,Low
-70.51717167,-33.37759833,Low
-70.51514833,-33.37665583,Low
-70.51041417,-33.35681333,Low
-70.51027667,-33.35718917,Low
-70.51010583,-33.35760417,Low
-70.508036,-33.362421,Low
-70.50771167,-33.36233583,Low
-70.50723,-33.36220167,Low
-70.5067425,-33.36207583,Low
-70.50624917,-33.3619575,Low
-70.50583583,-33.36183,Low
-70.50520972,-33.36165667,Low
-70.5043025,-33.36141083,Low
-70.50385,-33.36130167,Low
-70.50338611,-33.36117611,Low
-70.50074917,-33.36259833,Low
-70.50022,-33.36260167,Low
-70.498995,-33.36259083,Low
-70.4984525,-33.36253667,Low
-70.49794583,-33.36233667,Low
-70.49681417,-33.36188667,Low
-70.49540583,-33.36186667,Low
-70.49400917,-33.36201167,Low
-70.515295,-33.37639333,Low
-70.515495,-33.37610833,Low
-70.51573833,-33.37576,Low
-70.51598333,-33.375355,Low
-70.51619833,-33.37495333,Low
-70.51643333,-33.374575,Low
-70.51668,-33.37419,Low
-70.51688667,-33.37384833,Low
-70.51706167,-33.37358167,Low
-70.51727667,-33.37326667,Low
-70.51744,-33.37296167,Low
-70.51761,-33.37271167,Low
-70.51777667,-33.37245333,Low
-70.51798333,-33.37212833,Low
-70.51819833,-33.37180333,Low
-70.51845833,-33.37129167,Low
-70.518545,-33.37089333,Low
-70.51864833,-33.37043,Low
-70.51895167,-33.37003,Low
-70.51927,-33.36963167,Low
-70.51958,-33.36924167,Low
-70.51980667,-33.36892,Low
-70.51995667,-33.36872667,Low
-70.52020667,-33.36846,Low
-70.52049,-33.36817333,Low
-70.52084,-33.36788667,Low
-70.521285,-33.36761833,Low
-70.52175333,-33.36735167,Low
-70.52218833,-33.36714833,Low
-70.52260833,-33.36713333,Low
-70.52295167,-33.367355,Low
-70.52320667,-33.36724333,Low
-70.52355167,-33.36690833,Low
-70.52387667,-33.36673333,Low
-70.524335,-33.36673333,Low
-70.52486,-33.36665833,Low
-70.52539,-33.36666667,Low
-70.52587833,-33.36670833,Low
-70.52631667,-33.366465,Low
-70.52679,-33.366185,Low
-70.52723,-33.36593833,Low
-70.527515,-33.36576833,Low
-70.52779667,-33.36568333,Low
-70.52822333,-33.36564667,Low
-70.52870333,-33.36560167,Low
-70.52909167,-33.36556333,Low
-70.52959,-33.36554833,Low
-70.52999333,-33.36550167,Low
-70.530435,-33.36547333,Low
-70.53075,-33.36546,Low
-70.53116333,-33.36542667,Low
-70.531635,-33.36536833,Low
-70.53221167,-33.36532833,Low
-70.53267667,-33.365295,Low
-70.533125,-33.36519667,Low
-70.533425,-33.36495667,Low
-70.53367833,-33.36467833,Low
-70.53387,-33.36445333,Low
-70.53409167,-33.36422167,Low
-70.53431333,-33.364,Low
-70.53455833,-33.36376167,Low
-70.53487167,-33.363695,Low
-70.53532167,-33.36378333,Low
-70.535775,-33.36385,Low
-70.53622167,-33.36386833,Low
-70.53664833,-33.363885,Low
-70.53694333,-33.363905,Low
-70.537325,-33.36390667,Low
-70.53777833,-33.36392333,Low
-70.53814167,-33.36391,Low
-70.538195,-33.36359167,Low
-70.538255,-33.36326,Low
-70.538315,-33.362995,Low
-70.53837833,-33.36271167,Low
-70.53844167,-33.36237667,Low
-70.53849667,-33.36203667,Low
-70.53855667,-33.361695,Low
-70.53862833,-33.36132167,Low
-70.53869,-33.36095667,Low
-70.53876833,-33.36061833,Low
-70.53880333,-33.36029833,Low
-70.53883,-33.35991333,Low
-70.53886167,-33.35947167,Low
-70.53889167,-33.35903667,Low
-70.53892167,-33.35875167,Low
-70.53894333,-33.35848167,Low
-70.53896833,-33.35817167,Low
-70.53899667,-33.3578,Low
-70.53903167,-33.35743833,Low
-70.53905667,-33.35706667,Low
-70.53908333,-33.35673333,Low
-70.53922333,-33.35633,Low
-70.53919,-33.35595,Low
-70.53924333,-33.3556,Low
-70.53932833,-33.355305,Low
-70.53947833,-33.35493,Low
-70.53949167,-33.35445667,Low
-70.539565,-33.35401667,Low
-70.53966167,-33.35351833,Low
-70.53987667,-33.35304667,Low
-70.54015833,-33.35257,Low
-70.540445,-33.35207167,Low
-70.54070667,-33.35156667,Low
-70.54094167,-33.35110667,Low
-70.54111667,-33.35077333,Low
-70.54126833,-33.350505,Low
-70.541455,-33.35016,Low
-70.54166833,-33.349745,Low
-70.54187667,-33.34934,Low
-70.54208667,-33.34895167,Low
-70.54231167,-33.34858333,Low
-70.54248833,-33.34821,Low
-70.54261833,-33.34792333,Low
-70.542765,-33.34762833,Low
-70.54292167,-33.34724,Low
-70.54306667,-33.34681667,Low
-70.543225,-33.34638667,Low
-70.54338167,-33.34596833,Low
-70.54351,-33.34563667,Low
-70.54363167,-33.34539667,Low
-70.543765,-33.34506333,Low
-70.54392667,-33.34467667,Low
-70.54427833,-33.34441667,Low
-70.54468833,-33.34420333,Low
-70.54505333,-33.34393667,Low
-70.54537167,-33.34362667,Low
-70.54564833,-33.34323833,Low
-70.54586,-33.34284167,Low
-70.54594167,-33.34244,Low
-70.54588333,-33.34207,Low
-70.54580833,-33.34164333,Low
-70.545785,-33.34118333,Low
-70.545785,-33.34068833,Low
-70.545785,-33.340125,Low
-70.54578667,-33.33951333,Low
-70.54579167,-33.338895,Low
-70.54577,-33.33833333,Low
-70.54574833,-33.33787333,Low
-70.54572333,-33.33720167,Low
-70.54566167,-33.33683833,Low
-70.54550333,-33.33641333,Low
-70.54525833,-33.33598,Low
-70.544935,-33.33560167,Low
-70.54459,-33.33529167,Low
-70.54424667,-33.334995,Low
-70.54391667,-33.33466333,Low
-70.54364333,-33.33430167,Low
-70.54338667,-33.33394333,Low
-70.54315833,-33.33355833,Low
-70.54291167,-33.33313667,Low
-70.542685,-33.33269833,Low
-70.542525,-33.33239667,Low
-70.54237167,-33.33212,Low
-70.54198167,-33.33209333,Low
-70.54165,-33.33219,Low
-70.541255,-33.332245,Low
-70.5408,-33.33220833,Low
-70.54028833,-33.33209667,Low
-70.53976167,-33.33204667,Low
-70.539225,-33.33206,Low
-70.53874667,-33.33213,Low
-70.53829833,-33.33222333,Low
-70.53785,-33.33223667,Low
-70.5375,-33.33210167,Low
-70.53714167,-33.33199833,Low
-70.53668167,-33.33192667,Low
-70.53630167,-33.33187833,Low
-70.53592333,-33.33187,Low
-70.535665,-33.33176833,Low
-70.53569,-33.33144667,Low
-70.53568667,-33.331145,Low
-70.53545167,-33.33083167,Low
-70.53499333,-33.33057167,Low
-70.534545,-33.33033833,Low
-70.534225,-33.33019833,Low
-70.53393,-33.32994667,Low
-70.53352167,-33.32971833,Low
-70.533185,-33.329525,Low
-70.5329,-33.32959167,Low
-70.53261667,-33.329845,Low
-70.532255,-33.33008,Low
-70.53177833,-33.33027333,Low
-70.53123833,-33.33044333,Low
-70.53068667,-33.330635,Low
-70.53015167,-33.33081167,Low
-70.529735,-33.33094167,Low
-70.52933167,-33.33103667,Low
-70.52886833,-33.33109167,Low
-70.52839333,-33.331175,Low
-70.528,-33.33124667,Low
-70.52757,-33.33131333,Low
-70.52719667,-33.331325,Low
-70.52683333,-33.33135833,Low
-70.526475,-33.33138833,Low
-70.526085,-33.33143667,Low
-70.52568833,-33.33152833,Low
-70.52537167,-33.33177,Low
-70.525185,-33.332135,Low
-70.52502,-33.33254,Low
-70.52475667,-33.332915,Low
-70.52444833,-33.33310167,Low
-70.52410167,-33.33327167,Low
-70.52368833,-33.33345833,Low
-70.52326167,-33.33365167,Low
-70.52285833,-33.33379,Low
-70.52246667,-33.33389833,Low
-70.52206667,-33.33403167,Low
-70.52166,-33.334195,Low
-70.52117333,-33.334295,Low
-70.52074333,-33.33440833,Low
-70.520225,-33.33428,Low
-70.5202,-33.333975,Low
-70.52015667,-33.333625,Low
-70.52011833,-33.33324833,Low
-70.52006833,-33.33286667,Low
-70.51998,-33.33257833,Low
-70.51952167,-33.33257333,Low
-70.51912667,-33.33242667,Low
-70.518645,-33.33234167,Low
-70.51810167,-33.33236,Low
-70.51751333,-33.33240833,Low
-70.51705,-33.33244833,Low
-70.5167,-33.33248167,Low
-70.516315,-33.33251833,Low
-70.51581667,-33.33256667,Low
-70.51531667,-33.3326,Low
-70.51494667,-33.33263167,Low
-70.51457333,-33.33267833,Low
-70.514125,-33.33266167,Low
-70.51369333,-33.332495,Low
-70.513395,-33.33221,Low
-70.51327333,-33.33181333,Low
-70.51326,-33.331395,Low
-70.513245,-33.33101333,Low
-70.51314333,-33.33073,Low
-70.51275333,-33.330795,Low
-70.51237167,-33.33081,Low
-70.51199833,-33.33077667,Low
-70.51166,-33.33073333,Low
-70.51132667,-33.33078333,Low
-70.51128833,-33.33108167,Low
-70.51126,-33.33143167,Low
-70.51122833,-33.33177167,Low
-70.511155,-33.33211833,Low
-70.51085667,-33.332465,Low
-70.51045167,-33.33267833,Low
-70.51003833,-33.332945,Low
-70.50952167,-33.33316,Low
-70.50897333,-33.333215,Low
-70.50841833,-33.33315,Low
-70.50789833,-33.33307167,Low
-70.50745167,-33.33300167,Low
-70.50702667,-33.33296667,Low
-70.50671,-33.33299167,Low
-70.50674333,-33.33328167,Low
-70.506885,-33.33360333,Low
-70.50704167,-33.33397333,Low
-70.50720833,-33.33433833,Low
-70.5074,-33.33475833,Low
-70.50761167,-33.33522667,Low
-70.50792,-33.33566167,Low
-70.50828333,-33.33596,Low
-70.50867667,-33.33615,Low
-70.508985,-33.33626333,Low
-70.50939333,-33.33641833,Low
-70.50973333,-33.33661167,Low
-70.510035,-33.33688,Low
-70.51027667,-33.33721167,Low
-70.510435,-33.33750667,Low
-70.51028333,-33.33765667,Low
-70.50994833,-33.33775667,Low
-70.50958833,-33.33785167,Low
-70.50911833,-33.33793333,Low
-70.508775,-33.33797333,Low
-70.5083,-33.33801333,Low
-70.50779833,-33.33804333,Low
-70.50738333,-33.33802333,Low
-70.50702,-33.33802167,Low
-70.50662833,-33.33805667,Low
-70.506285,-33.338135,Low
-70.50597167,-33.338215,Low
-70.505645,-33.33830333,Low
-70.50523667,-33.338425,Low
-70.50476333,-33.33859833,Low
-70.504425,-33.338745,Low
-70.50408833,-33.33886833,Low
-70.50369167,-33.33881667,Low
-70.50329667,-33.33886,Low
-70.50301,-33.33907,Low
-70.50272667,-33.33918333,Low
-70.502435,-33.33891167,Low
-70.502195,-33.338615,Low
-70.50191833,-33.33843333,Low
-70.50156667,-33.33827167,Low
-70.50119667,-33.338045,Low
-70.501055,-33.33772,Low
-70.50091833,-33.337455,Low
-70.50067167,-33.33724833,Low
-70.50026,-33.33708,Low
-70.4998,-33.33687,Low
-70.49944167,-33.33654333,Low
-70.49915667,-33.336275,Low
-70.49873333,-33.33623667,Low
-70.49829167,-33.33652,Low
-70.49782167,-33.33685833,Low
-70.49735,-33.33719167,Low
-70.49687833,-33.33751667,Low
-70.49649,-33.33784833,Low
-70.49641833,-33.33821333,Low
-70.49654167,-33.33848333,Low
-70.496665,-33.33874167,Low
-70.49677333,-33.33906667,Low
-70.49679333,-33.33945167,Low
-70.49672667,-33.33980167,Low
-70.49658833,-33.34014833,Low
-70.496405,-33.34043,Low
-70.49603333,-33.34020667,Low
-70.49554333,-33.339995,Low
-70.495005,-33.33983833,Low
-70.49452333,-33.33973667,Low
-70.49342667,-33.339315,Low
-70.49313833,-33.33953,Low
-70.49277167,-33.33973333,Low
-70.49233333,-33.339915,Low
-70.49199333,-33.34009833,Low
-70.491775,-33.34007667,Low
-70.49204,-33.33987,Low
-70.492425,-33.33967667,Low
-70.49286667,-33.33947167,Low
-70.49321167,-33.33924833,Low
-70.493565,-33.33928333,Low
-70.49443667,-33.3399,Low
-70.49426833,-33.34018667,Low
-70.494035,-33.340535,Low
-70.49387667,-33.34083667,Low
-70.49398833,-33.34106333,Low
-70.49432167,-33.34127667,Low
-70.49468833,-33.341545,Low
-70.49507,-33.341845,Low
-70.49540667,-33.34214833,Low
-70.49567167,-33.34241667,Low
-70.49593167,-33.34271167,Low
-70.496185,-33.34302833,Low
-70.49636,-33.343265,Low
-70.49649833,-33.343605,Low
-70.49664667,-33.34395,Low
-70.49690833,-33.34422167,Low
-70.49735,-33.34437333,Low
-70.49780167,-33.34436333,Low
-70.49826833,-33.344145,Low
-70.49864667,-33.343965,Low
-70.49904833,-33.34374833,Low
-70.49944333,-33.343555,Low
-70.499855,-33.343315,Low
-70.500265,-33.34295667,Low
-70.500555,-33.34271333,Low
-70.500855,-33.342635,Low
-70.50124,-33.342665,Low
-70.50161167,-33.34287833,Low
-70.50181333,-33.34318,Low
-70.50202667,-33.34359667,Low
-70.50223167,-33.34407333,Low
-70.50242833,-33.34451167,Low
-70.50261833,-33.34490167,Low
-70.50278,-33.34520167,Low
-70.50299833,-33.34556333,Low
-70.50328667,-33.34587,Low
-70.50369333,-33.34593,Low
-70.504055,-33.34577667,Low
-70.50438167,-33.34560333,Low
-70.50480833,-33.34542,Low
-70.50529833,-33.34543,Low
-70.505665,-33.34541,Low
-70.50612667,-33.34523333,Low
-70.50656167,-33.34504167,Low
-70.50686333,-33.34486333,Low
-70.507155,-33.34514333,Low
-70.50747833,-33.34544333,Low
-70.50773167,-33.34563167,Low
-70.50810667,-33.34592,Low
-70.50862833,-33.34608833,Low
-70.50923333,-33.34622833,Low
-70.50975833,-33.34629667,Low
-70.51006667,-33.34644333,Low
-70.510225,-33.34682667,Low
-70.51037167,-33.347275,Low
-70.51046,-33.34785,Low
-70.51051833,-33.34835,Low
-70.510495,-33.34860667,Low
-70.51039667,-33.34890333,Low
-70.51020667,-33.34926167,Low
-70.51006833,-33.349565,Low
-70.50999167,-33.34987167,Low
-70.51000167,-33.35026333,Low
-70.5101,-33.35077167,Low
-70.51018,-33.351165,Low
-70.51027,-33.351625,Low
-70.51038833,-33.35193167,Low
-70.51049833,-33.3523,Low
-70.51060667,-33.3527,Low
-70.510685,-33.35304667,Low
-70.51078333,-33.35340167,Low
-70.51088667,-33.35386167,Low
-70.51101167,-33.354365,Low
-70.51108,-33.35468167,Low
-70.51113833,-33.354935,Low
-70.51106,-33.35528167,Low
-70.51091167,-33.35565333,Low
-70.51081167,-33.35594333,Low
-70.51071333,-33.35620333,Low
-70.51056333,-33.356515,Low
-70.50987833,-33.35880667,Low
-70.50984333,-33.35917833,Low
-70.50967667,-33.35962167,Low
-70.50946333,-33.36014333,Low
-70.50935667,-33.36043333,Low
-70.50922167,-33.360745,Low
-70.50908167,-33.361125,Low
-70.50892,-33.361585,Low
-70.508765,-33.36202833,Low
-70.50865333,-33.36237167,Low
-70.50270833,-33.36204333,Low
-70.49961333,-33.36263667,Low
-70.49725,-33.36195,Low
-70.49637333,-33.36184667,Low
-70.49589667,-33.36182833,Low
-70.49448667,-33.36199333,Low
-70.49357333,-33.362185,Low
-70.49973833,-33.362605,Low
-70.50275333,-33.36176667,Low
-70.508495,-33.36221667,Low
-70.50858833,-33.361895,Low
-70.50869167,-33.36157667,Low
-70.50881,-33.36123667,Low
-70.50892,-33.360945,Low
-70.50901333,-33.36069,Low
-70.50912167,-33.36038167,Low
-70.50926167,-33.35998,Low
-70.50938,-33.35961667,Low
-70.509505,-33.35925667,Low
-70.50965333,-33.35892333,Low
-70.50976833,-33.358625,Low
-70.509985,-33.35797167,Low
-70.51025333,-33.35649833,Low
-70.50995667,-33.356285,Low
-70.50958,-33.356055,Low
-70.50913,-33.35593333,Low
-70.50866,-33.35579,Low
-70.50817167,-33.355665,Low
-70.50777667,-33.35556,Low
-70.50746333,-33.35545333,Low
-70.50724167,-33.35586,Low
-70.50710333,-33.35614833,Low
-70.50699333,-33.35648667,Low
-70.50679333,-33.35690333,Low
-70.50648833,-33.35680667,Low
-70.50608,-33.356675,Low
-70.50574667,-33.35657667,Low
-70.50539333,-33.35648167,Low
-70.50504333,-33.356385,Low
-70.50463833,-33.35627167,Low
-70.50419833,-33.35614667,Low
-70.50382167,-33.35600833,Low
-70.503635,-33.35581167,Low
-70.50376,-33.355505,Low
-70.50389833,-33.35510667,Low
-70.50404333,-33.35476667,Low
-70.50417833,-33.35449,Low
-70.504345,-33.35406833,Low
-70.50448,-33.35368,Low
-70.50453333,-33.35332833,Low
-70.50444,-33.35305333,Low
-70.50433333,-33.352665,Low
-70.50417167,-33.352265,Low
-70.50400333,-33.35186833,Low
-70.50386833,-33.35158333,Low
-70.50421833,-33.351525,Low
-70.504685,-33.35146833,Low
-70.50503167,-33.3514,Low
-70.50545833,-33.35132667,Low
-70.505995,-33.35116333,Low
-70.50651,-33.351085,Low
-70.507035,-33.35102,Low
-70.50759833,-33.3511,Low
-70.50815167,-33.35118833,Low
-70.508735,-33.35123167,Low
-70.50929833,-33.351285,Low
-70.50983833,-33.35136333,Low
-70.51034833,-33.35143333,Low
-70.51075,-33.35148667,Low
-70.5113,-33.35156833,Low
-70.51186167,-33.35170833,Low
-70.51241667,-33.35180667,Low
-70.51296333,-33.35189667,Low
-70.51350333,-33.35200667,Low
-70.51409333,-33.35211167,Low
-70.51473167,-33.3522,Low
-70.51535667,-33.35229333,Low
-70.51595667,-33.35236333,Low
-70.51653167,-33.35246333,Low
-70.51715167,-33.35255,Low
-70.51772,-33.35263333,Low
-70.518495,-33.35276,Low
-70.51886667,-33.3528,Low
-70.51937833,-33.35288,Low
-70.52001333,-33.352975,Low
-70.52064167,-33.35306833,Low
-70.52121833,-33.35316333,Low
-70.521805,-33.35325,Low
-70.52240333,-33.35331833,Low
-70.52282,-33.35339167,Low
-70.52305333,-33.35360167,Low
-70.52320833,-33.35388833,Low
-70.523605,-33.35416,Low
-70.52395667,-33.35456,Low
-70.524275,-33.354995,Low
-70.52448167,-33.35547167,Low
-70.52463167,-33.35595333,Low
-70.524645,-33.35648,Low
-70.52460333,-33.35695167,Low
-70.52449667,-33.357435,Low
-70.52432,-33.35788833,Low
-70.52411833,-33.35829833,Low
-70.523895,-33.35868167,Low
-70.52366,-33.35906167,Low
-70.52322667,-33.35937333,Low
-70.52279,-33.35966667,Low
-70.522475,-33.35979167,Low
-70.52205,-33.35984167,Low
-70.521575,-33.35978167,Low
-70.52100667,-33.35974333,Low
-70.5204,-33.35968333,Low
-70.51982667,-33.35968,Low
-70.51936833,-33.359705,Low
-70.51897167,-33.35976833,Low
-70.51851167,-33.35984667,Low
-70.51799333,-33.35997,Low
-70.51746833,-33.36021167,Low
-70.51693,-33.360485,Low
-70.51643,-33.360745,Low
-70.51579667,-33.36107167,Low
-70.51564167,-33.36138,Low
-70.515515,-33.36181667,Low
-70.51522667,-33.36254,Low
-70.51504667,-33.362945,Low
-70.514855,-33.36346167,Low
-70.51466167,-33.36398,Low
-70.51442,-33.36447333,Low
-70.51409833,-33.36493833,Low
-70.513785,-33.36540833,Low
-70.5135,-33.36588,Low
-70.51314,-33.36643,Low
-70.51281,-33.366985,Low
-70.51241667,-33.36759,Low
-70.512065,-33.36815,Low
-70.5118,-33.368685,Low
-70.51167,-33.36924333,Low
-70.51156667,-33.36978833,Low
-70.51153667,-33.37017167,Low
-70.511485,-33.37047333,Low
-70.51146833,-33.37073,Low
-70.51137333,-33.37116,Low
-70.51121667,-33.37140167,Low
-70.511045,-33.37169667,Low
-70.510875,-33.37200667,Low
-70.51073167,-33.37227667,Low
-70.51061667,-33.37256167,Low
-70.5105,-33.372825,Low
-70.5103,-33.373145,Low
-70.51011667,-33.37347,Low
-70.50995667,-33.373765,Low
-70.50974833,-33.37411833,Low
-70.50957333,-33.37445833,Low
-70.50944167,-33.37473,Low
-70.509275,-33.37502667,Low
-70.50904667,-33.37541167,Low
-70.50901667,-33.37568833,Low
-70.50943,-33.37580167,Low
-70.509945,-33.37596667,Low
-70.51025833,-33.37608667,Low
-70.51063833,-33.376225,Low
-70.51109667,-33.37639667,Low
-70.51161833,-33.376595,Low
-70.512195,-33.37681,Low
-70.512785,-33.37700833,Low
-70.51343667,-33.37718833,Low
-70.51404667,-33.37739167,Low
-70.514465,-33.377535,Low
-70.51475833,-33.37736333,Low
-70.51496167,-33.37697167,Low
-70.51603167,-33.37704167,Low
-70.516345,-33.37718833,Low
-70.51662167,-33.377325,Low
-70.51693667,-33.37748667,Low
-70.510505,-33.33762417,Low
-70.50791167,-33.36239,Low
-70.50528833,-33.361675,Low
-70.53903833,-33.35729667,Low
-70.50848167,-33.36256167,Low
-70.505005,-33.36159833,Low
-70.50329333,-33.36115833,Low
-70.50818167,-33.36245333,Low
-70.71119667,-33.33908875,High
-70.70353903,-33.33688778,High
-70.70578444,-33.33185417,High
-70.70616583,-33.33130125,High
-70.71840417,-33.32603792,High
-70.71871667,-33.32609389,High
-70.718965,-33.32613708,High
-70.7378928,-33.32192234,High
-70.75425333,-33.32679175,High
-70.75418333,-33.32734208,High
-70.74689653,-33.32470167,High
-70.73441542,-33.31242083,High
-70.73480833,-33.31283167,High
-70.72845302,-33.31552031,High
-70.72831917,-33.31559167,High
-70.72019708,-33.31200375,High
-70.7108025,-33.31709958,High
-70.69961292,-33.30573292,High
-70.6465825,-33.32258583,High
-70.71085667,-33.339,High
-70.71042833,-33.33886167,High
-70.71009167,-33.33874833,High
-70.70959667,-33.338655,High
-70.709445,-33.33900167,High
-70.70903667,-33.33912,High
-70.70871667,-33.33899167,High
-70.70839,-33.33884667,High
-70.70806333,-33.338715,High
-70.70776,-33.33856333,High
-70.70738333,-33.33840167,High
-70.70697,-33.33824333,High
-70.70657667,-33.33808333,High
-70.70617167,-33.33793,High
-70.70573667,-33.33776833,High
-70.70529333,-33.33758833,High
-70.70484333,-33.33741,High
-70.70439,-33.33723333,High
-70.70396833,-33.33706667,High
-70.70349667,-33.33646833,High
-70.70366167,-33.33615833,High
-70.70383167,-33.33582167,High
-70.70401,-33.335465,High
-70.70420167,-33.33508833,High
-70.70439,-33.33471167,High
-70.7046,-33.33431833,High
-70.70480667,-33.33393333,High
-70.705005,-33.33355333,High
-70.70518667,-33.33320667,High
-70.70531333,-33.33294,High
-70.70542833,-33.33265667,High
-70.705595,-33.33230167,High
-70.70572333,-33.33204,High
-70.70594833,-33.33151667,High
-70.70637333,-33.33135,High
-70.70672333,-33.33147667,High
-70.70708333,-33.33159167,High
-70.707475,-33.33170667,High
-70.70801167,-33.33180167,High
-70.708445,-33.331995,High
-70.70889667,-33.33216333,High
-70.709215,-33.33226833,High
-70.709625,-33.33240667,High
-70.71008667,-33.33255333,High
-70.71056167,-33.33270167,High
-70.71098,-33.33282833,High
-70.71143167,-33.332975,High
-70.711855,-33.33310333,High
-70.7123,-33.33322833,High
-70.712775,-33.33330333,High
-70.71327167,-33.33325833,High
-70.71380167,-33.33308,High
-70.71432333,-33.33288667,High
-70.71480667,-33.33267167,High
-70.71501667,-33.33244667,High
-70.71516333,-33.33214167,High
-70.71529833,-33.33183,High
-70.71545167,-33.33150167,High
-70.71559667,-33.3312,High
-70.71576333,-33.330825,High
-70.71593333,-33.33049667,High
-70.71609667,-33.33013167,High
-70.71625833,-33.3297,High
-70.71643167,-33.329215,High
-70.71666167,-33.32873333,High
-70.716875,-33.32823667,High
-70.71708833,-33.32775667,High
-70.71728167,-33.32728333,High
-70.71743667,-33.326855,High
-70.71762667,-33.32651333,High
-70.7181,-33.32590667,High
-70.71851333,-33.326055,High
-70.719145,-33.326195,High
-70.71944167,-33.32633333,High
-70.71994333,-33.32648667,High
-70.72042667,-33.32662167,High
-70.72083667,-33.32675333,High
-70.72123,-33.32690667,High
-70.72163833,-33.327065,High
-70.72206,-33.32719833,High
-70.72250833,-33.327335,High
-70.722955,-33.32746,High
-70.72336167,-33.32759667,High
-70.72375333,-33.32771333,High
-70.72411167,-33.32781833,High
-70.724465,-33.32792833,High
-70.72483167,-33.32804667,High
-70.72521,-33.328165,High
-70.72559333,-33.32829,High
-70.72603667,-33.328375,High
-70.726165,-33.32813333,High
-70.72632,-33.32777167,High
-70.72646667,-33.327465,High
-70.72659333,-33.32715167,High
-70.72672833,-33.32683833,High
-70.72687667,-33.32652333,High
-70.727015,-33.326205,High
-70.72715833,-33.32588167,High
-70.72732833,-33.32560333,High
-70.727745,-33.32558833,High
-70.72809667,-33.32570667,High
-70.728475,-33.32582333,High
-70.72884,-33.325945,High
-70.729205,-33.32608,High
-70.729535,-33.326185,High
-70.72987667,-33.32628,High
-70.73023667,-33.32639333,High
-70.73060667,-33.32651167,High
-70.73097667,-33.32661667,High
-70.73130167,-33.32672167,High
-70.73165667,-33.32684333,High
-70.73198833,-33.326945,High
-70.73236667,-33.32707333,High
-70.73276,-33.32721667,High
-70.73306333,-33.32729667,High
-70.73346167,-33.32717833,High
-70.73367667,-33.32693667,High
-70.73392167,-33.32665667,High
-70.73415833,-33.32638167,High
-70.73439,-33.32609333,High
-70.73462167,-33.32581,High
-70.73481,-33.325595,High
-70.735015,-33.32537333,High
-70.735225,-33.32513,High
-70.735435,-33.32487333,High
-70.73565667,-33.32462333,High
-70.73587,-33.324355,High
-70.73610333,-33.32407333,High
-70.73633667,-33.32381,High
-70.73657333,-33.32355333,High
-70.73679333,-33.32326333,High
-70.73704,-33.32293,High
-70.737285,-33.322565,High
-70.73753,-33.32228333,High
-70.737775,-33.32200167,High
-70.738285,-33.32197167,High
-70.73857833,-33.32215,High
-70.7389,-33.32236333,High
-70.73925333,-33.32257833,High
-70.73960667,-33.32281167,High
-70.73998667,-33.32306833,High
-70.74037167,-33.32331833,High
-70.740685,-33.323515,High
-70.74092667,-33.32366833,High
-70.741215,-33.32382667,High
-70.74154833,-33.32397667,High
-70.74187,-33.32409333,High
-70.742195,-33.324185,High
-70.74263667,-33.32427333,High
-70.74292667,-33.324305,High
-70.74328167,-33.32417167,High
-70.74352667,-33.32389,High
-70.743735,-33.32364333,High
-70.74397667,-33.32337333,High
-70.74424167,-33.323075,High
-70.74451833,-33.32275833,High
-70.74478167,-33.322455,High
-70.74504667,-33.32215333,High
-70.74530667,-33.32186667,High
-70.74558333,-33.32157167,High
-70.74591167,-33.32129167,High
-70.74632,-33.32096667,High
-70.74675167,-33.32074333,High
-70.747105,-33.32055667,High
-70.74745833,-33.32039333,High
-70.74781667,-33.32021167,High
-70.74819333,-33.319995,High
-70.74854333,-33.319785,High
-70.74885667,-33.31996,High
-70.74925167,-33.32023333,High
-70.749585,-33.32036833,High
-70.74993,-33.32049333,High
-70.75029167,-33.32063667,High
-70.75064667,-33.32077333,High
-70.75100333,-33.320905,High
-70.75133167,-33.32108167,High
-70.75150833,-33.32131167,High
-70.75164,-33.32161667,High
-70.75176833,-33.32190167,High
-70.751895,-33.32220833,High
-70.75200333,-33.32246667,High
-70.75212833,-33.32274167,High
-70.752425,-33.32299833,High
-70.75283667,-33.32317833,High
-70.75316333,-33.32330167,High
-70.75358,-33.32345833,High
-70.75387,-33.32356667,High
-70.75413333,-33.32367333,High
-70.75440333,-33.323795,High
-70.75469667,-33.32389333,High
-70.75504167,-33.32403333,High
-70.755405,-33.324175,High
-70.755475,-33.32441667,High
-70.75531167,-33.32473,High
-70.75517667,-33.32498,High
-70.75502333,-33.325285,High
-70.75487167,-33.32559,High
-70.75472,-33.32588167,High
-70.75459,-33.32613,High
-70.75443,-33.32643167,High
-70.75426167,-33.32705833,High
-70.75397667,-33.32737333,High
-70.75363667,-33.32726333,High
-70.753185,-33.32711,High
-70.75278833,-33.32695833,High
-70.75234333,-33.32678333,High
-70.75189333,-33.326625,High
-70.75146667,-33.32645,High
-70.75116167,-33.32633833,High
-70.75084167,-33.32621,High
-70.75052667,-33.32607833,High
-70.750185,-33.32594167,High
-70.749755,-33.325785,High
-70.74939667,-33.32564,High
-70.749,-33.32549167,High
-70.74859333,-33.32531667,High
-70.74821167,-33.32517667,High
-70.74789167,-33.32505333,High
-70.74765167,-33.32496333,High
-70.74723,-33.32481333,High
-70.74647,-33.324635,High
-70.74604333,-33.32456833,High
-70.74558167,-33.32458667,High
-70.745085,-33.32463333,High
-70.744645,-33.32473,High
-70.74433667,-33.32479833,High
-70.74395833,-33.32483333,High
-70.743605,-33.32484667,High
-70.74302833,-33.324815,High
-70.74267667,-33.32473833,High
-70.74228333,-33.32461333,High
-70.74187,-33.32439,High
-70.74147167,-33.32415333,High
-70.74107833,-33.32391167,High
-70.74085167,-33.32375667,High
-70.74057333,-33.32358,High
-70.740195,-33.32333167,High
-70.739755,-33.323035,High
-70.739275,-33.32272333,High
-70.73879167,-33.32243,High
-70.73831333,-33.32217333,High
-70.738485,-33.32174333,High
-70.73875667,-33.32191167,High
-70.73900667,-33.32208667,High
-70.73926167,-33.32225333,High
-70.73954833,-33.322425,High
-70.73992667,-33.322645,High
-70.74031167,-33.32287167,High
-70.74064667,-33.32312,High
-70.74099333,-33.32308333,High
-70.74129833,-33.32272167,High
-70.74159667,-33.32235167,High
-70.74184333,-33.32202167,High
-70.74211833,-33.32165,High
-70.74229167,-33.32140667,High
-70.74247667,-33.32113833,High
-70.74272833,-33.320855,High
-70.74298167,-33.320575,High
-70.743215,-33.320315,High
-70.74349167,-33.32001167,High
-70.74376,-33.31968333,High
-70.74406833,-33.31937,High
-70.744355,-33.31904167,High
-70.74463833,-33.31869167,High
-70.74491667,-33.31838833,High
-70.74516167,-33.318085,High
-70.74546667,-33.31777167,High
-70.74582333,-33.317495,High
-70.74615,-33.317135,High
-70.74644167,-33.31678833,High
-70.74652833,-33.31644833,High
-70.74618333,-33.31625667,High
-70.74587,-33.31606667,High
-70.74552833,-33.31586833,High
-70.74521,-33.315685,High
-70.74493667,-33.315515,High
-70.74461167,-33.31531667,High
-70.74428333,-33.31511833,High
-70.74397167,-33.31493,High
-70.74369667,-33.31476167,High
-70.74345833,-33.3146,High
-70.74316667,-33.31443,High
-70.74285,-33.31424667,High
-70.74252167,-33.31405833,High
-70.74218167,-33.313875,High
-70.741825,-33.31368333,High
-70.74156,-33.31350167,High
-70.74126333,-33.31331167,High
-70.74093333,-33.31310333,High
-70.74061333,-33.31290333,High
-70.74029167,-33.31268,High
-70.74002333,-33.312485,High
-70.73977833,-33.31231667,High
-70.73943333,-33.31207667,High
-70.739135,-33.31185167,High
-70.73889167,-33.311695,High
-70.73856667,-33.31147,High
-70.73828167,-33.311275,High
-70.73805,-33.3111,High
-70.7377,-33.31082667,High
-70.73731167,-33.31053167,High
-70.73696667,-33.31029833,High
-70.73664167,-33.31005167,High
-70.73629667,-33.31028333,High
-70.73606167,-33.31055333,High
-70.735815,-33.31084,High
-70.73557,-33.31110833,High
-70.73533,-33.31138167,High
-70.73509167,-33.311665,High
-70.73486167,-33.31192333,High
-70.73465833,-33.31215667,High
-70.73451333,-33.312595,High
-70.73523833,-33.313045,High
-70.73449833,-33.31270833,High
-70.73423167,-33.31255667,High
-70.73395,-33.31239333,High
-70.73367167,-33.31222333,High
-70.733395,-33.312045,High
-70.73297667,-33.31213667,High
-70.73270667,-33.31229833,High
-70.73240833,-33.312465,High
-70.73209667,-33.31264667,High
-70.73180167,-33.31282833,High
-70.73150833,-33.31301,High
-70.73112667,-33.31332333,High
-70.730735,-33.31357,High
-70.730425,-33.31376833,High
-70.73012333,-33.31395667,High
-70.72979833,-33.31417833,High
-70.729455,-33.31439167,High
-70.72919833,-33.31461167,High
-70.72898333,-33.31488333,High
-70.72878333,-33.31514167,High
-70.72858333,-33.31537833,High
-70.72799833,-33.315375,High
-70.727615,-33.31511667,High
-70.72724333,-33.31487,High
-70.72682667,-33.314625,High
-70.72635333,-33.31442667,High
-70.725895,-33.31425333,High
-70.72542,-33.31409,High
-70.72499667,-33.313905,High
-70.72464167,-33.31377333,High
-70.724305,-33.31365333,High
-70.72393333,-33.31351167,High
-70.72352333,-33.313375,High
-70.723115,-33.31318833,High
-70.72263167,-33.312965,High
-70.72216167,-33.31276167,High
-70.72175667,-33.31258,High
-70.721395,-33.31242833,High
-70.72106,-33.31229,High
-70.72060667,-33.31215,High
-70.719895,-33.31188833,High
-70.71957,-33.31174833,High
-70.71919333,-33.31160333,High
-70.71881833,-33.31145833,High
-70.71848833,-33.31132167,High
-70.71806,-33.31114167,High
-70.71772333,-33.31101167,High
-70.71735833,-33.31088,High
-70.71701333,-33.31074167,High
-70.71671333,-33.31062333,High
-70.71623333,-33.31045,High
-70.71594333,-33.31035333,High
-70.715635,-33.31024833,High
-70.71535667,-33.31014,High
-70.71501833,-33.31019667,High
-70.71486,-33.3105,High
-70.71468,-33.310785,High
-70.71450167,-33.31107333,High
-70.71431667,-33.31136667,High
-70.714145,-33.31165667,High
-70.71396667,-33.31195167,High
-70.71377167,-33.31225167,High
-70.71360167,-33.31254167,High
-70.71346,-33.31285333,High
-70.71328,-33.31317,High
-70.71310167,-33.31348833,High
-70.7129,-33.31380833,High
-70.71270667,-33.314145,High
-70.71252667,-33.31448,High
-70.71234667,-33.3148,High
-70.71214,-33.315155,High
-70.71191833,-33.31552167,High
-70.71171333,-33.31588667,High
-70.71151167,-33.316215,High
-70.71133667,-33.316525,High
-70.71114833,-33.31682667,High
-70.710985,-33.31707667,High
-70.71041833,-33.31697333,High
-70.709925,-33.31687333,High
-70.709445,-33.316775,High
-70.70898833,-33.316675,High
-70.70848667,-33.31661333,High
-70.70799,-33.31662833,High
-70.70756833,-33.31663333,High
-70.70725333,-33.31664667,High
-70.70690167,-33.31665,High
-70.70651167,-33.31651667,High
-70.70620333,-33.31618333,High
-70.705925,-33.31576333,High
-70.705645,-33.31533333,High
-70.70536667,-33.31492,High
-70.70506833,-33.314485,High
-70.70477333,-33.31405167,High
-70.70447167,-33.31358833,High
-70.70417,-33.31310833,High
-70.70388333,-33.312665,High
-70.70360167,-33.31224833,High
-70.70332833,-33.31185,High
-70.70307667,-33.31145167,High
-70.70284167,-33.31105667,High
-70.70257667,-33.310645,High
-70.70226667,-33.31023333,High
-70.70200333,-33.30982,High
-70.70168333,-33.30936667,High
-70.701375,-33.308915,High
-70.70112333,-33.30850833,High
-70.70088,-33.30813,High
-70.70066,-33.30781667,High
-70.700445,-33.30747833,High
-70.70028333,-33.30723333,High
-70.700085,-33.30693,High
-70.69988833,-33.30657,High
-70.69971667,-33.30620167,High
-70.69962167,-33.30584833,High
-70.699755,-33.3055,High
-70.70007,-33.30546167,High
-70.70004833,-33.30514667,High
-70.69972833,-33.30498833,High
-70.69933833,-33.30479833,High
-70.69890833,-33.30459667,High
-70.69851,-33.30437667,High
-70.69812833,-33.304185,High
-70.69783,-33.304035,High
-70.69755333,-33.30385,High
-70.69723,-33.303625,High
-70.69686333,-33.30337167,High
-70.69641,-33.30312333,High
-70.69586,-33.30294333,High
-70.69527,-33.30283167,High
-70.69467833,-33.30272333,High
-70.69412833,-33.30264833,High
-70.69363333,-33.302555,High
-70.69318667,-33.30247833,High
-70.69275833,-33.30240333,High
-70.69229833,-33.30231833,High
-70.69178,-33.30221667,High
-70.69128833,-33.30214333,High
-70.69083667,-33.30198,High
-70.690355,-33.30178,High
-70.68982667,-33.30161167,High
-70.68928833,-33.30149167,High
-70.688695,-33.30148667,High
-70.68810167,-33.30152833,High
-70.68758,-33.30155,High
-70.687035,-33.30162333,High
-70.68650667,-33.30170333,High
-70.685945,-33.30183,High
-70.68539667,-33.30200333,High
-70.68487833,-33.30221,High
-70.68437833,-33.302425,High
-70.6839,-33.30259333,High
-70.683435,-33.30278,High
-70.68299333,-33.30294333,High
-70.68258333,-33.30310167,High
-70.68218167,-33.30322833,High
-70.68172333,-33.30336667,High
-70.68118333,-33.30354167,High
-70.68064333,-33.30367167,High
-70.68008833,-33.30378333,High
-70.67951333,-33.30388167,High
-70.67894667,-33.30394667,High
-70.67842333,-33.30399,High
-70.67786,-33.30405667,High
-70.67730667,-33.30406833,High
-70.67678833,-33.30406833,High
-70.67622333,-33.30406167,High
-70.67565,-33.30405333,High
-70.67508167,-33.30404167,High
-70.67452167,-33.30402333,High
-70.67395333,-33.30402167,High
-70.67338667,-33.30399,High
-70.67284,-33.30399,High
-70.67231667,-33.303985,High
-70.67178333,-33.30395,High
-70.67120833,-33.303895,High
-70.67066167,-33.303825,High
-70.670115,-33.30375,High
-70.66958833,-33.30368667,High
-70.66912833,-33.30359333,High
-70.668695,-33.30352667,High
-70.66824833,-33.30349,High
-70.66779,-33.30346,High
-70.667385,-33.30337167,High
-70.66694333,-33.30338,High
-70.665985,-33.30347833,High
-70.66573167,-33.30362833,High
-70.66562333,-33.30392,High
-70.66556167,-33.30425167,High
-70.665435,-33.30463667,High
-70.66523167,-33.30500333,High
-70.66495333,-33.305305,High
-70.66464,-33.30555833,High
-70.66433,-33.30581333,High
-70.66405,-33.30600333,High
-70.66376667,-33.30625333,High
-70.66347333,-33.30652,High
-70.66320167,-33.30675,High
-70.66294,-33.30700333,High
-70.66264,-33.30728833,High
-70.662415,-33.30757833,High
-70.66221833,-33.30783667,High
-70.66205167,-33.30809667,High
-70.66186833,-33.308435,High
-70.66168,-33.3088,High
-70.66147333,-33.30914667,High
-70.6612,-33.30948167,High
-70.66089,-33.309795,High
-70.660485,-33.31002167,High
-70.66004167,-33.31021333,High
-70.65959667,-33.31038833,High
-70.65916,-33.31055167,High
-70.65872833,-33.31073333,High
-70.65841833,-33.31090333,High
-70.65809833,-33.31110333,High
-70.657825,-33.311315,High
-70.65755,-33.311595,High
-70.657265,-33.31195,High
-70.65707667,-33.31234667,High
-70.65697333,-33.31273167,High
-70.656905,-33.31314333,Medium
-70.65691333,-33.31357,Medium
-70.656985,-33.31398167,High
-70.65698167,-33.314365,High
-70.65681833,-33.31476667,High
-70.65656167,-33.315065,High
-70.65632667,-33.31531333,High
-70.65612833,-33.31523167,High
-70.65572833,-33.31506667,High
-70.65541333,-33.31511167,High
-70.65508667,-33.31526667,High
-70.65468333,-33.31530833,High
-70.65427333,-33.31523,High
-70.6539,-33.31503167,High
-70.653585,-33.31479667,High
-70.65331833,-33.31452833,High
-70.65311,-33.31426,High
-70.65285667,-33.31412667,High
-70.65256333,-33.31425333,High
-70.65235167,-33.31455667,High
-70.65213,-33.31481333,Medium
-70.65186333,-33.31507167,Medium
-70.65159,-33.31526,Medium
-70.65118833,-33.31551667,High
-70.65076667,-33.31568,High
-70.65043167,-33.315815,High
-70.65000833,-33.31594833,High
-70.64969167,-33.31604167,High
-70.64934,-33.31613667,High
-70.64896667,-33.31624,High
-70.64860333,-33.31634167,High
-70.64825,-33.31644833,High
-70.64792167,-33.316545,High
-70.647605,-33.31663333,High
-70.64727667,-33.31672167,High
-70.646895,-33.31683667,High
-70.646525,-33.31695,High
-70.646155,-33.31706333,High
-70.64576667,-33.31717667,High
-70.64538833,-33.31728333,High
-70.645055,-33.317375,High
-70.64474833,-33.31746333,High
-70.64479667,-33.31780333,High
-70.64498333,-33.318135,High
-70.64512833,-33.31839167,High
-70.6453,-33.31868,High
-70.64548667,-33.31897833,High
-70.64568667,-33.31927667,High
-70.64591167,-33.319595,High
-70.64608667,-33.31983833,High
-70.64627167,-33.32010333,High
-70.64645667,-33.32037167,High
-70.64664667,-33.320605,High
-70.64684333,-33.320865,High
-70.64703833,-33.32109333,High
-70.64723667,-33.32129833,High
-70.64755667,-33.32144167,High
-70.64789333,-33.32150833,High
-70.648015,-33.32176167,High
-70.64786,-33.32206167,High
-70.647565,-33.32225667,High
-70.64715667,-33.32234333,High
-70.64678667,-33.32246667,High
-70.64629333,-33.32276667,High
-70.64599833,-33.322945,High
-70.64567167,-33.32315333,High
-70.64527333,-33.32337667,High
-70.644895,-33.32357,High
-70.64455167,-33.32371833,High
-70.644225,-33.323845,High
-70.64384333,-33.32397667,High
-70.64346,-33.32409333,High
-70.64314833,-33.32427667,High
-70.64288833,-33.32448833,High
-70.642565,-33.32463667,High
-70.64218833,-33.324695,Medium
-70.64182,-33.32464667,Medium
-70.64149,-33.324505,Medium
-70.64108,-33.324385,Medium
-70.64062,-33.32438333,Medium
-70.64016833,-33.32438833,Medium
-70.63972833,-33.32441,Medium
-70.63929,-33.32446833,Medium
-70.63885833,-33.324535,Medium
-70.638415,-33.32461333,Medium
-70.63796833,-33.32466667,Medium
-70.63754833,-33.3247,Medium
-70.637205,-33.32471667,Medium
-70.63682333,-33.32471,Medium
-70.63645833,-33.32468833,Medium
-70.63603,-33.32466833,Medium
-70.63558167,-33.324635,Medium
-70.63514667,-33.32470333,Medium
-70.63473667,-33.32475333,Medium
-70.63442167,-33.324655,Medium
-70.63415,-33.32443,Medium
-70.63381833,-33.32417167,Medium
-70.63341,-33.32398833,Medium
-70.63299167,-33.32379333,Medium
-70.63255,-33.32360833,Medium
-70.63212,-33.32341833,Medium
-70.63167333,-33.323235,Medium
-70.63122167,-33.3231,Medium
-70.630775,-33.32295,Medium
-70.63030167,-33.32281833,Medium
-70.62987667,-33.32273333,Medium
-70.62946833,-33.32273333,Medium
-70.62912333,-33.322785,Medium
-70.628755,-33.32274833,Medium
-70.628385,-33.32261167,Medium
-70.62804833,-33.32233667,Medium
-70.627635,-33.32217833,Medium
-70.62722833,-33.32207667,Medium
-70.62681167,-33.32197667,Medium
-70.62643833,-33.3219,Medium
-70.626075,-33.32197667,Medium
-70.62579,-33.322135,Medium
-70.62545667,-33.32218833,Medium
-70.62511,-33.322095,Medium
-70.62494667,-33.32180833,Medium
-70.71777778,-33.326165,High
-70.73808333,-33.32191417,High
-70.66649722,-33.303425,High
-70.71099667,-33.33903833,High
-70.71062667,-33.338925,High
-70.71027667,-33.33880667,High
-70.709835,-33.33869667,High
-70.70952167,-33.338845,High
-70.709245,-33.33912167,High
-70.708865,-33.33905667,High
-70.70856167,-33.33892,High
-70.70821333,-33.33878167,High
-70.70792,-33.33863833,High
-70.70758,-33.33848667,High
-70.70717167,-33.33832167,High
-70.70677167,-33.33815833,High
-70.70637333,-33.33801167,High
-70.70595667,-33.33785333,High
-70.70551667,-33.33767667,High
-70.705075,-33.33749667,High
-70.70460667,-33.33732333,High
-70.70417833,-33.33714833,High
-70.70378,-33.33699333,High
-70.70340833,-33.336645,High
-70.70357833,-33.33632,High
-70.70374667,-33.33599333,High
-70.70391833,-33.33564833,High
-70.70410667,-33.335275,High
-70.70429667,-33.33490333,High
-70.70449167,-33.33451833,High
-70.70470167,-33.33412333,High
-70.70490667,-33.33374167,High
-70.70510167,-33.33337,High
-70.70526,-33.33306833,High
-70.70536333,-33.33281833,High
-70.70551333,-33.33246833,High
-70.705675,-33.33214,High
-70.70584167,-33.33168,High
-70.70603167,-33.33138833,High
-70.70656667,-33.33141667,High
-70.70689833,-33.33153833,High
-70.70727167,-33.33164833,High
-70.70774,-33.33176167,High
-70.70821333,-33.33191667,High
-70.70868167,-33.33207333,High
-70.70903333,-33.33220833,High
-70.709415,-33.332335,High
-70.70985,-33.33247667,High
-70.71033833,-33.33263,High
-70.710765,-33.332765,High
-70.711195,-33.332895,High
-70.71163167,-33.333045,High
-70.71207833,-33.33316167,High
-70.712555,-33.33326667,High
-70.71305167,-33.333315,High
-70.71354,-33.33316667,High
-70.714065,-33.33298833,High
-70.71458,-33.332785,High
-70.71492667,-33.33257167,High
-70.71508833,-33.3323,High
-70.71523833,-33.33197667,High
-70.715375,-33.33166667,High
-70.715525,-33.33136,High
-70.71566833,-33.33102333,High
-70.715865,-33.33066167,High
-70.71601,-33.33031833,High
-70.71618667,-33.32993,High
-70.71633333,-33.32945667,High
-70.71654333,-33.328975,High
-70.71676167,-33.32848,High
-70.71698167,-33.32798833,High
-70.71717333,-33.32751167,High
-70.717355,-33.32707,High
-70.71753,-33.32668167,High
-70.717685,-33.32637167,High
-70.71791167,-33.32593167,High
-70.71829,-33.32597833,High
-70.71926833,-33.326235,High
-70.71968167,-33.32642167,High
-70.72024,-33.326525,High
-70.72064,-33.32667833,High
-70.72101333,-33.32685167,High
-70.72142,-33.327,High
-70.72185,-33.32712833,High
-70.722285,-33.327265,High
-70.72273333,-33.32740333,High
-70.72316833,-33.32752,High
-70.72355667,-33.32765667,High
-70.72394,-33.327765,High
-70.72428667,-33.32787167,High
-70.72465,-33.32798667,High
-70.72501667,-33.32810667,High
-70.725405,-33.32822667,High
-70.725765,-33.32834167,High
-70.72612,-33.32825333,High
-70.72625833,-33.327905,High
-70.72639333,-33.327625,High
-70.72653167,-33.32730667,High
-70.72666167,-33.32699667,High
-70.72679833,-33.32668333,High
-70.72695,-33.326365,High
-70.72708333,-33.32604333,High
-70.727225,-33.32574167,High
-70.72754833,-33.325565,High
-70.72791,-33.32564333,High
-70.728285,-33.32576333,High
-70.728665,-33.325885,High
-70.72904167,-33.32600833,High
-70.729385,-33.326145,High
-70.7297,-33.32623167,High
-70.730055,-33.32633667,High
-70.73042,-33.32645333,High
-70.7308,-33.326565,High
-70.73107833,-33.32664833,High
-70.73150833,-33.32679833,High
-70.73181667,-33.32689,High
-70.73215833,-33.32699333,High
-70.7325,-33.32713167,High
-70.73291667,-33.32726,High
-70.73329,-33.32731333,High
-70.73356167,-33.32706167,High
-70.73379667,-33.32679833,High
-70.73404167,-33.32652,High
-70.73427667,-33.32623833,High
-70.73450667,-33.32594833,High
-70.73472333,-33.32568833,High
-70.73492,-33.32547167,High
-70.73511833,-33.32525833,High
-70.73533,-33.325005,High
-70.735545,-33.32474667,High
-70.73576167,-33.32449333,High
-70.735985,-33.32421,High
-70.73622,-33.32394,High
-70.73644833,-33.32368667,High
-70.73669833,-33.32341,High
-70.73693167,-33.32309167,High
-70.73713167,-33.32275833,High
-70.73744833,-33.322385,High
-70.73761167,-33.32218,High
-70.73842833,-33.322055,High
-70.738735,-33.32225167,High
-70.73907,-33.32247667,High
-70.73943333,-33.32268833,High
-70.73979833,-33.322945,High
-70.74018167,-33.32319167,High
-70.740545,-33.32342667,High
-70.74080667,-33.323595,High
-70.74106167,-33.32374833,High
-70.741375,-33.32390333,High
-70.74171,-33.32403833,High
-70.74203333,-33.32414333,High
-70.74235,-33.32422167,High
-70.742785,-33.32429167,High
-70.74310667,-33.324305,High
-70.74342,-33.324005,High
-70.74363167,-33.32377167,High
-70.74385,-33.32351,High
-70.74410833,-33.32323,High
-70.74438,-33.322915,High
-70.74465167,-33.322605,High
-70.74491333,-33.322305,High
-70.74517,-33.32200333,High
-70.74544333,-33.321725,High
-70.74573333,-33.32143667,High
-70.746115,-33.321135,High
-70.74654667,-33.32085333,High
-70.74695167,-33.32064167,High
-70.747295,-33.320465,High
-70.74763667,-33.32030833,High
-70.74801833,-33.320105,High
-70.74836833,-33.31989,High
-70.74871833,-33.3198,High
-70.74902333,-33.32013333,High
-70.749435,-33.32030833,High
-70.749755,-33.32043,High
-70.75010833,-33.32055833,High
-70.75046833,-33.32071,High
-70.75081667,-33.320835,High
-70.75114833,-33.32096167,High
-70.75142833,-33.32118167,High
-70.75157333,-33.32146167,High
-70.75170333,-33.32176333,High
-70.75184833,-33.322095,High
-70.751945,-33.32233667,High
-70.75205,-33.32257833,High
-70.75226167,-33.322895,High
-70.7526,-33.32308333,High
-70.753025,-33.32325333,High
-70.75338667,-33.32338167,High
-70.75373,-33.32351667,High
-70.75400167,-33.32361667,High
-70.754265,-33.32373833,High
-70.75453333,-33.32383833,High
-70.75482333,-33.32394667,High
-70.75523667,-33.32410667,High
-70.75550833,-33.32424167,High
-70.75537167,-33.32461333,High
-70.75525333,-33.32484167,High
-70.75509833,-33.32513333,High
-70.75494833,-33.32543833,High
-70.75479167,-33.32573667,High
-70.75465,-33.32601667,High
-70.75451167,-33.32627667,High
-70.75436833,-33.32655167,High
-70.75428,-33.32694,High
-70.754215,-33.32721667,High
-70.75379667,-33.32730667,High
-70.75334833,-33.32717333,High
-70.75299667,-33.327035,High
-70.75255667,-33.32686833,High
-70.75212167,-33.32670833,High
-70.75167167,-33.32653833,High
-70.75129667,-33.32639,High
-70.750995,-33.32628,High
-70.75069333,-33.32614833,High
-70.75034667,-33.32600333,High
-70.74994667,-33.32586167,High
-70.74958667,-33.32571333,High
-70.74920167,-33.32556,High
-70.74878,-33.3254,High
-70.74838333,-33.32525167,High
-70.74804667,-33.32511,High
-70.74774833,-33.32500833,High
-70.74742,-33.32487333,High
-70.74704167,-33.32474667,High
-70.74665167,-33.32466333,High
-70.74626167,-33.324605,High
-70.745815,-33.32456833,High
-70.74533667,-33.32460333,High
-70.744845,-33.324675,High
-70.74447667,-33.32476667,High
-70.744115,-33.32482667,High
-70.743785,-33.32484,High
-70.74326833,-33.32484333,High
-70.74283,-33.32477333,High
-70.742495,-33.32468667,High
-70.74205833,-33.32451833,High
-70.74166667,-33.324275,High
-70.74127,-33.324035,High
-70.74096667,-33.32383,High
-70.74070833,-33.323665,High
-70.74040167,-33.32347167,High
-70.73998833,-33.32318167,High
-70.73952167,-33.32288667,High
-70.73904,-33.32257833,High
-70.73854667,-33.32230833,High
-70.73815167,-33.32207667,High
-70.73826833,-33.32171333,High
-70.73863833,-33.32183667,High
-70.73888167,-33.32199667,High
-70.73913333,-33.32217,High
-70.73939167,-33.322335,High
-70.73971833,-33.32252667,High
-70.74012167,-33.32276167,High
-70.74048333,-33.322995,High
-70.740835,-33.32318833,High
-70.74114167,-33.32290167,High
-70.74145,-33.32253333,High
-70.74173833,-33.32217333,High
-70.741975,-33.32184667,High
-70.7422,-33.32153333,High
-70.74238333,-33.32127,High
-70.74256667,-33.32103,High
-70.74288167,-33.32069167,High
-70.74309333,-33.32044833,High
-70.743345,-33.32017,High
-70.74362333,-33.31985,High
-70.74391833,-33.31952667,High
-70.74421,-33.3192,High
-70.74448333,-33.31887,High
-70.74477,-33.31854167,High
-70.74504333,-33.31824,High
-70.74530167,-33.31793,High
-70.74565833,-33.317635,High
-70.74599833,-33.317325,High
-70.74630333,-33.31695667,High
-70.74654833,-33.31665667,High
-70.746315,-33.31633833,High
-70.74603833,-33.31616167,High
-70.74570167,-33.31596833,High
-70.74538833,-33.31578833,High
-70.74508333,-33.31561,High
-70.744775,-33.31541667,High
-70.744445,-33.31521833,High
-70.744125,-33.31502333,High
-70.74382667,-33.31484333,High
-70.74358167,-33.31468,High
-70.74332,-33.31451667,High
-70.74300667,-33.31434167,High
-70.74268667,-33.314155,High
-70.74235667,-33.31397,High
-70.741985,-33.3138,High
-70.74169333,-33.31360667,High
-70.74141333,-33.3134,High
-70.74110667,-33.313215,High
-70.74076333,-33.313,High
-70.74046333,-33.3128,High
-70.74013833,-33.31256667,High
-70.73990167,-33.312405,High
-70.73961333,-33.31219667,High
-70.73924833,-33.31193667,High
-70.73901,-33.311775,High
-70.73877333,-33.31161667,High
-70.7384,-33.31135833,High
-70.73816833,-33.31118667,High
-70.73789333,-33.31097333,High
-70.73750333,-33.31067333,High
-70.73711833,-33.31040333,High
-70.73680833,-33.310185,High
-70.73643,-33.31011167,High
-70.73618333,-33.31042,High
-70.73593333,-33.31069667,High
-70.73569167,-33.310975,High
-70.73545,-33.31124333,High
-70.73520833,-33.31152333,High
-70.734975,-33.31179667,High
-70.73475667,-33.31204333,High
-70.73456333,-33.31226333,High
-70.73471167,-33.31272,High
-70.73505667,-33.31291333,High
-70.73495333,-33.31296333,High
-70.734635,-33.31278667,High
-70.73436833,-33.31263167,High
-70.73409333,-33.31247833,High
-70.733805,-33.31230667,High
-70.73355333,-33.31214667,High
-70.73323833,-33.31201333,High
-70.73284833,-33.31221333,High
-70.73256,-33.31238333,High
-70.73225167,-33.31255833,High
-70.73194833,-33.31273667,High
-70.73165167,-33.31292833,High
-70.73134167,-33.313175,High
-70.73095,-33.31343,High
-70.73056167,-33.31368167,High
-70.73027833,-33.31385667,High
-70.729965,-33.31406,High
-70.72962667,-33.31429,High
-70.729315,-33.31449,High
-70.72909333,-33.31474333,High
-70.72887833,-33.31502,High
-70.72869833,-33.315245,High
-70.72815667,-33.3155,High
-70.727805,-33.31523667,High
-70.72743333,-33.31498667,High
-70.72703833,-33.314755,High
-70.72659,-33.31453167,High
-70.72612833,-33.31433333,High
-70.72565,-33.31418,High
-70.72519833,-33.31399833,High
-70.72481833,-33.313835,High
-70.72444833,-33.313705,High
-70.72412167,-33.31358167,High
-70.72372833,-33.31342167,High
-70.72332833,-33.31329167,High
-70.72287167,-33.31307167,High
-70.72238333,-33.31286167,High
-70.72194167,-33.31266833,High
-70.721555,-33.31249833,High
-70.72124167,-33.31236333,High
-70.72084833,-33.312225,High
-70.72039167,-33.31207333,High
-70.71974667,-33.31181833,High
-70.719385,-33.311675,High
-70.719005,-33.31152833,High
-70.718645,-33.31138333,High
-70.71821,-33.31120167,High
-70.71789333,-33.31108167,High
-70.71753833,-33.310945,High
-70.717185,-33.31081333,High
-70.71685667,-33.310675,High
-70.71646833,-33.310535,High
-70.716095,-33.31040333,High
-70.71578333,-33.31030167,High
-70.71549167,-33.31019333,High
-70.71517167,-33.310075,High
-70.71493333,-33.31036833,High
-70.71477167,-33.31064167,High
-70.71459167,-33.31092833,High
-70.71441167,-33.31122,High
-70.71422833,-33.31151333,High
-70.71405833,-33.3118,High
-70.71387333,-33.3121,High
-70.713675,-33.31239667,High
-70.71354,-33.312695,High
-70.71337333,-33.31301,High
-70.71320167,-33.31332333,High
-70.71299167,-33.31365167,High
-70.71280833,-33.31397,High
-70.712615,-33.31432,High
-70.71243,-33.31464167,High
-70.71224333,-33.31497667,High
-70.712035,-33.31533833,High
-70.71180333,-33.315695,High
-70.71160833,-33.31605833,High
-70.711425,-33.31637333,High
-70.711245,-33.31667833,High
-70.71106833,-33.31695667,High
-70.71061833,-33.317035,High
-70.71017667,-33.31691667,High
-70.70968833,-33.31683833,High
-70.70921833,-33.31672833,High
-70.708735,-33.31664167,High
-70.70822833,-33.31661333,High
-70.707765,-33.31663,High
-70.7074,-33.31664,High
-70.70708833,-33.31665167,High
-70.706705,-33.31661,High
-70.70634833,-33.31635,High
-70.70606667,-33.31596833,High
-70.70578833,-33.31555333,High
-70.70550167,-33.31511333,High
-70.70522333,-33.3147,High
-70.70492333,-33.31426833,High
-70.70461,-33.31383167,High
-70.70432333,-33.31335,High
-70.70403167,-33.31289,High
-70.70373167,-33.31247167,High
-70.70346,-33.31205333,High
-70.70320667,-33.31164167,High
-70.702955,-33.31125667,High
-70.702725,-33.31086167,High
-70.70242667,-33.31043833,High
-70.70212333,-33.31003667,High
-70.70184167,-33.30959167,High
-70.70152667,-33.30914667,High
-70.70125167,-33.30870667,High
-70.700995,-33.30832,High
-70.700745,-33.30797667,High
-70.70057,-33.30768833,High
-70.70037333,-33.30736,High
-70.70018667,-33.30708833,High
-70.69998,-33.30675833,High
-70.69979,-33.30638667,High
-70.69964833,-33.30602167,High
-70.69960833,-33.30558667,High
-70.69991667,-33.30548667,High
-70.70019667,-33.30529,High
-70.69989667,-33.30506667,High
-70.69954167,-33.30490167,High
-70.69912667,-33.30471,High
-70.69869667,-33.30448,High
-70.69829,-33.304265,High
-70.697925,-33.30408833,High
-70.69770167,-33.30395333,High
-70.69739667,-33.30373833,High
-70.697055,-33.30351167,High
-70.69664333,-33.303235,High
-70.69614167,-33.30302,High
-70.695565,-33.30288833,High
-70.694975,-33.302785,High
-70.69438833,-33.30270167,High
-70.69387833,-33.30259667,High
-70.693395,-33.30252833,High
-70.692965,-33.30243333,High
-70.69253,-33.302365,High
-70.69205167,-33.30228667,High
-70.69154167,-33.30218833,High
-70.691065,-33.30204333,High
-70.690595,-33.30188333,High
-70.69009833,-33.30168833,High
-70.68955333,-33.30154333,High
-70.68900167,-33.30148,High
-70.688395,-33.3015,High
-70.68783,-33.30154333,High
-70.68729,-33.30159167,High
-70.686775,-33.30166,High
-70.68622667,-33.30176167,High
-70.68566667,-33.30190667,High
-70.68513,-33.30210667,High
-70.68463167,-33.30231333,High
-70.68412833,-33.30251333,High
-70.68367,-33.30269,High
-70.68320333,-33.30286833,High
-70.68278667,-33.30302333,High
-70.68237333,-33.30316167,High
-70.68195333,-33.30328667,High
-70.68146,-33.30344667,High
-70.68090667,-33.30360167,High
-70.68035833,-33.30373833,High
-70.67981667,-33.30383667,High
-70.67923833,-33.30392,High
-70.67867833,-33.30398167,High
-70.67813667,-33.30403167,High
-70.677585,-33.30407333,High
-70.67704833,-33.30406667,High
-70.67651,-33.30407,High
-70.67594333,-33.30405333,High
-70.67536333,-33.30404333,High
-70.67479,-33.30403333,High
-70.67423667,-33.30401333,High
-70.67366833,-33.30400833,High
-70.67311167,-33.30398833,High
-70.672575,-33.30399333,High
-70.67205167,-33.30397167,High
-70.67149167,-33.30392667,High
-70.67093833,-33.30386667,High
-70.670395,-33.30377833,High
-70.66983833,-33.303715,High
-70.66934,-33.30364167,High
-70.66891167,-33.30356667,High
-70.66846833,-33.30347833,High
-70.66802333,-33.30347,High
-70.66758667,-33.30340333,High
-70.66717333,-33.30336167,High
-70.66674333,-33.30341667,High
-70.66624,-33.30346667,High
-70.66585,-33.30353333,High
-70.665655,-33.303765,High
-70.665595,-33.304085,High
-70.66551667,-33.30443167,High
-70.66535333,-33.304825,High
-70.665095,-33.30516667,High
-70.66485167,-33.30539667,High
-70.66447167,-33.30570167,High
-70.66417333,-33.30591833,High
-70.66391667,-33.30612167,High
-70.66361,-33.30640167,High
-70.66333833,-33.30663333,High
-70.66307,-33.306875,High
-70.66281,-33.30714667,High
-70.66252167,-33.307455,High
-70.66230833,-33.30771,High
-70.66213667,-33.30795833,High
-70.66196333,-33.30825167,High
-70.66177,-33.30861333,High
-70.66159833,-33.30897667,High
-70.66134,-33.30930667,High
-70.66105833,-33.30964167,High
-70.66068667,-33.30992667,High
-70.66026667,-33.31013,High
-70.65981,-33.31030667,High
-70.659395,-33.31046167,High
-70.65894833,-33.31062667,High
-70.658555,-33.31082333,High
-70.65826167,-33.311,High
-70.657965,-33.31120167,High
-70.65768333,-33.31145167,High
-70.657405,-33.311775,High
-70.65716833,-33.31215,High
-70.657015,-33.31255,High
-70.65695,-33.312945,High
-70.65689833,-33.31335,Medium
-70.65694667,-33.31377833,Medium
-70.65699667,-33.31419,High
-70.656915,-33.31456667,High
-70.65669667,-33.31492667,High
-70.65644333,-33.315185,High
-70.65619667,-33.31531833,High
-70.65593333,-33.31512333,High
-70.65557,-33.31506167,High
-70.65526167,-33.31519667,High
-70.65488833,-33.31530333,High
-70.65447833,-33.315285,High
-70.65408,-33.31514333,High
-70.65373833,-33.31491167,High
-70.65344167,-33.31467,High
-70.65320833,-33.314385,High
-70.652995,-33.31416667,High
-70.65266333,-33.31417,High
-70.65245667,-33.31439833,High
-70.65225,-33.31468167,High
-70.652,-33.31494333,Medium
-70.65172167,-33.31518,Medium
-70.65130833,-33.31544833,Medium
-70.65096167,-33.31561333,High
-70.65062333,-33.31574,High
-70.6502,-33.31588833,High
-70.64985667,-33.31599667,High
-70.64951833,-33.31609,High
-70.64917,-33.31618333,High
-70.64881667,-33.31627833,High
-70.6484,-33.316405,High
-70.64808833,-33.31649333,High
-70.64775667,-33.31659167,High
-70.64745167,-33.316675,High
-70.647065,-33.316785,High
-70.64671167,-33.31689167,High
-70.64634167,-33.31700667,High
-70.64596333,-33.317115,High
-70.64557333,-33.31723333,High
-70.64521167,-33.31733167,High
-70.64488,-33.31742667,High
-70.64469,-33.317605,High
-70.64486,-33.31791333,High
-70.64506167,-33.31827,High
-70.64521,-33.31853333,High
-70.64539167,-33.31883,High
-70.64558,-33.319115,High
-70.64579167,-33.319435,High
-70.645995,-33.319715,High
-70.64618167,-33.31997,High
-70.64635833,-33.32024333,High
-70.64656167,-33.320495,High
-70.64674,-33.32071167,High
-70.64693667,-33.32097833,High
-70.64714333,-33.3212,High
-70.64735667,-33.32141333,High
-70.64773,-33.32144833,High
-70.64800167,-33.32162,High
-70.64796833,-33.32189333,High
-70.647735,-33.32217167,High
-70.64736667,-33.32230833,High
-70.64695667,-33.32239667,High
-70.64642,-33.32269167,High
-70.64615333,-33.32285,High
-70.64584,-33.32304833,High
-70.64547333,-33.32326833,High
-70.64508667,-33.32347667,High
-70.644715,-33.32365,High
-70.64436167,-33.32379167,High
-70.644005,-33.323925,High
-70.64365333,-33.32403333,High
-70.64329167,-33.324175,High
-70.643025,-33.32438833,High
-70.64273833,-33.32457,High
-70.642375,-33.32468,Medium
-70.64200167,-33.324685,Medium
-70.64165333,-33.32458167,Medium
-70.64130333,-33.32443,Medium
-70.64085167,-33.32438,Medium
-70.64039333,-33.32438,Medium
-70.63994333,-33.32439833,Medium
-70.63952333,-33.324425,Medium
-70.63906667,-33.32451333,Medium
-70.63864333,-33.32457,Medium
-70.63818833,-33.32464167,Medium
-70.637755,-33.32468667,Medium
-70.637355,-33.32471167,Medium
-70.63701833,-33.32471833,Medium
-70.63665333,-33.32470167,Medium
-70.63625,-33.32467333,Medium
-70.63580667,-33.32464333,Medium
-70.63537833,-33.32464833,Medium
-70.63487833,-33.32476,Medium
-70.63458,-33.32472167,Medium
-70.63428,-33.324555,Medium
-70.63400667,-33.32429167,Medium
-70.63362,-33.32409,Medium
-70.63320333,-33.32390167,Medium
-70.63277667,-33.3237,Medium
-70.63233167,-33.32351,Medium
-70.63191167,-33.32332167,Medium
-70.63145833,-33.32317333,Medium
-70.63100667,-33.32300833,Medium
-70.630535,-33.32288167,Medium
-70.630075,-33.322775,Medium
-70.62967167,-33.32271167,Medium
-70.62928833,-33.322765,Medium
-70.628945,-33.32278,Medium
-70.62856667,-33.32269333,Medium
-70.62823,-33.32248167,Medium
-70.62785333,-33.32225167,Medium
-70.627435,-33.32211667,Medium
-70.62702333,-33.32202833,Medium
-70.62661667,-33.321925,Medium
-70.626295,-33.32190667,Medium
-70.62594667,-33.32205667,Medium
-70.62561833,-33.32218,Medium
-70.62528333,-33.32216333,Medium
-70.62501,-33.321955,Medium
-70.62486167,-33.32161167,Medium
-70.71774833,-33.326225,High
-70.71781333,-33.32609667,High
-70.75429167,-33.32671,High
-70.73807667,-33.32198,High
-70.73811,-33.32184,High
-70.66657667,-33.30342167,High
-70.66643167,-33.30342667,High
-70.66706417,-33.447475,Medium
-70.67486986,-33.44969556,Medium
-70.68064208,-33.45137042,High
-70.68348833,-33.45212417,High
-70.69574579,-33.4548794,Medium
-70.70537375,-33.45704375,Medium
-70.70620056,-33.45214189,High
-70.69786208,-33.45099292,Medium
-70.69652958,-33.45103125,Medium
-70.69479139,-33.44504417,High
-70.69238253,-33.44461021,High
-70.6798825,-33.44393958,Medium
-70.67949775,-33.44381167,Medium
-70.67994361,-33.43910917,Medium
-70.68004333,-33.43815333,Medium
-70.68020417,-33.43621917,Medium
-70.68041694,-33.43409206,Medium
-70.69200438,-33.43397438,Medium
-70.6915925,-33.42728563,High
-70.69091667,-33.42351292,Medium
-70.6919325,-33.41496111,Medium
-70.70433271,-33.40668458,High
-70.70280944,-33.40371972,High
-70.70220042,-33.40287125,High
-70.69807298,-33.40061079,High
-70.69430931,-33.40034278,Medium
-70.68231604,-33.40311688,High
-70.67244217,-33.3998355,High
-70.668825,-33.40520833,High
-70.66835444,-33.406005,High
-70.66798097,-33.40666708,High
-70.6642125,-33.406905,Medium
-70.66014333,-33.40912583,High
-70.65761278,-33.4150875,Medium
-70.6638745,-33.41561767,Medium
-70.66379208,-33.4175125,Medium
-70.66337458,-33.41965333,Medium
-70.66296833,-33.42143733,Medium
-70.66125875,-33.42633792,Medium
-70.65912687,-33.43456083,Low
-70.65828514,-33.43673333,Low
-70.66736833,-33.44758333,Medium
-70.66767167,-33.44766167,Medium
-70.66802333,-33.44774833,Medium
-70.66840667,-33.44785667,Medium
-70.66878333,-33.44795333,Medium
-70.66919333,-33.448055,Medium
-70.66958833,-33.44817833,Medium
-70.67001667,-33.44829667,Medium
-70.67045667,-33.448435,Medium
-70.67095333,-33.44859167,Medium
-70.67147667,-33.44874167,High
-70.672005,-33.44888167,Medium
-70.67246167,-33.44902,Medium
-70.672845,-33.44911667,Medium
-70.67330833,-33.44923667,Medium
-70.67379833,-33.44935667,Medium
-70.67424833,-33.44953667,Medium
-70.67459833,-33.44961667,Medium
-70.67527333,-33.44979167,Medium
-70.67575667,-33.449915,High
-70.676065,-33.44999333,High
-70.676405,-33.45008667,High
-70.67678,-33.45017667,High
-70.67709,-33.45025833,High
-70.67753833,-33.45038833,Medium
-70.67796,-33.45052667,Medium
-70.67835,-33.45062,Medium
-70.678795,-33.45070833,High
-70.679265,-33.45080167,High
-70.679715,-33.45089333,High
-70.68006667,-33.45105667,High
-70.68034667,-33.45122333,High
-70.68092333,-33.45146833,High
-70.68135167,-33.451535,High
-70.6818,-33.45166167,High
-70.68226667,-33.451785,High
-70.68262167,-33.45195667,High
-70.68301833,-33.45207333,High
-70.68376333,-33.45214833,High
-70.68412167,-33.452215,Medium
-70.68453833,-33.452305,High
-70.68496,-33.45243833,High
-70.68548333,-33.45244667,Medium
-70.68595167,-33.45256667,Medium
-70.68642167,-33.45269333,Low
-70.68684167,-33.452825,Low
-70.68721167,-33.452905,Low
-70.68760167,-33.452975,Low
-70.687995,-33.453065,Low
-70.688455,-33.45316667,Medium
-70.68894167,-33.45326,Medium
-70.68937833,-33.45337833,Low
-70.68982333,-33.453495,Low
-70.69033167,-33.453615,Medium
-70.69080333,-33.45372833,Medium
-70.69126167,-33.45384,Medium
-70.691715,-33.453945,Medium
-70.69208333,-33.454035,Medium
-70.69252333,-33.454125,Medium
-70.69301667,-33.45421667,Medium
-70.69349833,-33.45432,Medium
-70.693965,-33.45443,Medium
-70.694385,-33.45452333,Medium
-70.69479,-33.45465167,Medium
-70.69522,-33.45477833,Medium
-70.69555667,-33.45486167,Medium
-70.69609667,-33.45495333,Medium
-70.69646,-33.45503667,Medium
-70.69683167,-33.45511333,Medium
-70.69723667,-33.45520833,Medium
-70.69765667,-33.45530167,Medium
-70.698115,-33.45542833,Medium
-70.69860167,-33.45553667,Medium
-70.69911667,-33.45563167,Medium
-70.699585,-33.45572333,Medium
-70.70013333,-33.45585667,Medium
-70.70068167,-33.45594,Medium
-70.70123833,-33.45607167,Medium
-70.70173667,-33.45624333,Low
-70.70224333,-33.45629,Low
-70.70273,-33.45638833,Low
-70.70311667,-33.45654667,Low
-70.70359667,-33.45667,Low
-70.70402,-33.456775,Low
-70.704395,-33.45685167,Medium
-70.70478833,-33.45693,Medium
-70.70519167,-33.456995,Medium
-70.70550667,-33.45685833,Medium
-70.70552167,-33.456495,Medium
-70.70553667,-33.45621667,Medium
-70.70556,-33.45590833,Medium
-70.70561,-33.45556333,Medium
-70.70574667,-33.45518167,Medium
-70.70582,-33.454855,Medium
-70.70583833,-33.45455833,Medium
-70.705865,-33.45425833,Medium
-70.705885,-33.45397333,Medium
-70.7059,-33.45370167,Medium
-70.70590333,-33.453415,Medium
-70.70597333,-33.45311,Medium
-70.70604167,-33.45279333,Medium
-70.70609833,-33.45249167,High
-70.70587167,-33.45192167,High
-70.70555833,-33.45185833,High
-70.70520333,-33.45181,High
-70.70481333,-33.45175667,High
-70.70442,-33.451705,High
-70.70405667,-33.45165,High
-70.703705,-33.45159833,High
-70.70340167,-33.45155333,High
-70.703095,-33.45150167,High
-70.70271,-33.45144667,High
-70.70236,-33.45141,High
-70.70203333,-33.451355,High
-70.70167333,-33.45130167,High
-70.70133167,-33.45126333,High
-70.70101,-33.45121667,High
-70.70069833,-33.45117333,High
-70.700355,-33.45112667,Medium
-70.700035,-33.45108333,Medium
-70.69971333,-33.45104333,Medium
-70.69934667,-33.451,Medium
-70.69900667,-33.45096,Medium
-70.69865167,-33.45096167,Medium
-70.69829333,-33.45096833,Medium
-70.69766833,-33.45096833,Medium
-70.69723833,-33.450985,Medium
-70.69687833,-33.450995,Medium
-70.69644167,-33.45094333,Medium
-70.69640167,-33.45057333,Medium
-70.696395,-33.45018333,Medium
-70.69636167,-33.449775,Medium
-70.69632,-33.44938333,High
-70.69631333,-33.44904333,High
-70.69627167,-33.44879,High
-70.696245,-33.44853333,High
-70.69622,-33.448155,High
-70.69617833,-33.44773667,High
-70.69615667,-33.44733833,High
-70.69612667,-33.44695,High
-70.69611667,-33.44662,High
-70.696105,-33.44630667,High
-70.69609,-33.445985,High
-70.696055,-33.44569333,Medium
-70.69599833,-33.44530833,Medium
-70.695665,-33.44518667,Medium
-70.69525833,-33.44511833,High
-70.69492667,-33.44506333,High
-70.69460833,-33.44500833,Medium
-70.694285,-33.44493333,Medium
-70.69387667,-33.44485667,Medium
-70.69351833,-33.444805,Medium
-70.69319,-33.44473333,Medium
-70.69285333,-33.44468167,Medium
-70.69207333,-33.44458667,High
-70.69173333,-33.444565,High
-70.691355,-33.44454,High
-70.69096333,-33.44451333,High
-70.69059833,-33.44449,High
-70.690145,-33.44446833,High
-70.68977,-33.44444833,High
-70.68926167,-33.44441667,High
-70.68876,-33.44439,High
-70.68822167,-33.44437167,High
-70.687725,-33.44434833,High
-70.68725,-33.44430833,Medium
-70.68673,-33.44429667,Medium
-70.68614833,-33.44429333,Medium
-70.685585,-33.44426333,Medium
-70.68506167,-33.44422,Medium
-70.68453833,-33.44419667,Medium
-70.68397333,-33.444175,Medium
-70.68347333,-33.44414,Medium
-70.682875,-33.44411,Medium
-70.682315,-33.44409,Medium
-70.681665,-33.444055,Medium
-70.681075,-33.444015,Medium
-70.680515,-33.44397833,High
-70.68014,-33.44397167,High
-70.67953167,-33.44355,Medium
-70.67956,-33.44326333,Medium
-70.67958167,-33.44297167,Medium
-70.67959333,-33.44266667,Medium
-70.67964,-33.44235167,Medium
-70.679675,-33.44196667,Medium
-70.67970833,-33.44160667,Medium
-70.67973667,-33.44119833,Medium
-70.67974,-33.44079167,Medium
-70.67977167,-33.44042667,High
-70.67984167,-33.44004833,High
-70.67989833,-33.43964333,High
-70.67993,-33.43933167,Medium
-70.67997,-33.43890833,Medium
-70.68000167,-33.438555,Medium
-70.680075,-33.437695,Medium
-70.6801,-33.43732,Medium
-70.68014667,-33.43705333,Medium
-70.68020667,-33.436775,Medium
-70.68019667,-33.436495,Medium
-70.680205,-33.43590333,Medium
-70.68024833,-33.435625,Medium
-70.68029,-33.43529833,Medium
-70.68031667,-33.43498833,Medium
-70.68033667,-33.43471833,Medium
-70.68037833,-33.43444833,Medium
-70.680675,-33.43378667,Medium
-70.68105333,-33.43380333,Medium
-70.68146333,-33.4338,Medium
-70.68191667,-33.433825,Medium
-70.682455,-33.433885,Medium
-70.68288333,-33.43390833,High
-70.6834,-33.433945,High
-70.68386333,-33.43398833,Medium
-70.68438667,-33.43401833,Medium
-70.68498833,-33.43406,Medium
-70.68555167,-33.43409667,Medium
-70.68613167,-33.43410667,Medium
-70.68661167,-33.43415167,Medium
-70.687015,-33.434145,Medium
-70.68734333,-33.43412667,High
-70.68775167,-33.434115,High
-70.68813667,-33.43408833,Medium
-70.68845667,-33.43408,Medium
-70.68880333,-33.43407667,Medium
-70.689215,-33.43407167,Medium
-70.68962333,-33.43406,Medium
-70.69004667,-33.43406,Medium
-70.69047667,-33.43403167,Medium
-70.69085,-33.43401167,Medium
-70.69120833,-33.43400667,Medium
-70.69153667,-33.43399833,Medium
-70.69228667,-33.43384,Medium
-70.69228333,-33.433545,Medium
-70.69228,-33.433195,Medium
-70.692255,-33.43280167,Medium
-70.69221667,-33.43244667,Medium
-70.69218667,-33.43206167,Medium
-70.6922,-33.43171667,Medium
-70.69216833,-33.43136167,Medium
-70.69211333,-33.43097333,Medium
-70.692135,-33.43065833,Medium
-70.692135,-33.43031167,Medium
-70.692115,-33.42997833,Medium
-70.69208833,-33.429615,High
-70.69203833,-33.42923833,High
-70.69198167,-33.42894167,High
-70.69193167,-33.428635,Medium
-70.69187,-33.42832,Medium
-70.69180833,-33.42800333,Medium
-70.69172167,-33.42773167,High
-70.69155667,-33.42709167,High
-70.69149833,-33.42672833,High
-70.69145167,-33.42636167,High
-70.69140833,-33.42601667,High
-70.69138667,-33.42573833,High
-70.69135167,-33.42542333,High
-70.69129833,-33.42512,Medium
-70.69127167,-33.42478,Medium
-70.69119,-33.42435,Medium
-70.69105333,-33.423995,Medium
-70.69096167,-33.42372,Medium
-70.69085667,-33.42310333,Medium
-70.69080667,-33.42277333,Medium
-70.69075167,-33.42238667,Medium
-70.690665,-33.42198333,Medium
-70.6906,-33.42154667,Medium
-70.69049,-33.42112833,Medium
-70.69043,-33.42074833,Medium
-70.69038667,-33.42046333,Medium
-70.69033833,-33.42016667,Medium
-70.69035,-33.4198,Medium
-70.69039167,-33.41940833,Medium
-70.690345,-33.418975,Medium
-70.69026667,-33.41846167,Medium
-70.69020167,-33.417895,Medium
-70.690275,-33.417365,Medium
-70.69054833,-33.41689,Medium
-70.69090833,-33.416585,Medium
-70.69122833,-33.41628333,Medium
-70.69152,-33.41587833,Medium
-70.69175,-33.41544,High
-70.69184,-33.41514167,Medium
-70.69211833,-33.41483167,Medium
-70.69245167,-33.41459,Medium
-70.69271,-33.41441167,High
-70.69297667,-33.41423,High
-70.693295,-33.41401667,High
-70.69363667,-33.41372,High
-70.693965,-33.413465,High
-70.69428333,-33.41326833,High
-70.6947,-33.41303333,Medium
-70.695145,-33.412785,Medium
-70.69559333,-33.412515,Medium
-70.69606667,-33.412215,Medium
-70.69654667,-33.41188833,Medium
-70.69703833,-33.41154,Medium
-70.69754333,-33.41118,Medium
-70.69804833,-33.41082333,High
-70.698535,-33.41046667,High
-70.69905167,-33.41011667,High
-70.69955167,-33.40978,High
-70.70009167,-33.409435,Medium
-70.70064667,-33.409125,Medium
-70.701145,-33.40877833,Medium
-70.70162,-33.40843667,Medium
-70.70209,-33.40816167,Medium
-70.70252833,-33.40788,Medium
-70.70296667,-33.40760167,High
-70.70341333,-33.40730833,High
-70.70383833,-33.407035,High
-70.70417667,-33.40680833,High
-70.70433,-33.40636,High
-70.70421667,-33.40608833,High
-70.70405333,-33.40576333,High
-70.70386667,-33.40545167,High
-70.70367833,-33.40514333,High
-70.70347833,-33.404835,High
-70.70327333,-33.404505,High
-70.70307333,-33.40419167,High
-70.702905,-33.403865,High
-70.70272,-33.40357,High
-70.70253333,-33.403285,High
-70.70231833,-33.403,High
-70.701885,-33.402625,High
-70.70163333,-33.40243333,High
-70.70131833,-33.402245,High
-70.70099667,-33.402075,High
-70.70065667,-33.4019,High
-70.70037833,-33.40175333,High
-70.70000667,-33.40158333,High
-70.699725,-33.40143333,High
-70.69939,-33.401235,High
-70.699035,-33.40103,High
-70.69862833,-33.40082833,High
-70.69827667,-33.40066833,High
-70.69795333,-33.40056,Medium
-70.69752333,-33.40040667,Medium
-70.69717333,-33.40031667,Medium
-70.69672,-33.400255,Medium
-70.69623667,-33.40017333,Medium
-70.69571667,-33.40017833,Medium
-70.69517333,-33.40022333,Medium
-70.69467667,-33.400285,Medium
-70.69398833,-33.40041333,Medium
-70.69355167,-33.40052667,Medium
-70.69310333,-33.40065833,Medium
-70.69261833,-33.40084667,Medium
-70.69211667,-33.40102833,Medium
-70.691575,-33.40122667,High
-70.691045,-33.40142833,High
-70.69045167,-33.40166667,High
-70.689795,-33.40189833,High
-70.68906833,-33.402115,High
-70.68845167,-33.40227833,High
-70.687815,-33.402445,High
-70.68716667,-33.40261,High
-70.68650333,-33.40276333,High
-70.68585167,-33.40290167,High
-70.685205,-33.40303667,High
-70.68461,-33.40318167,High
-70.68402167,-33.40328333,High
-70.68349333,-33.40334667,High
-70.68297833,-33.40328167,High
-70.68254333,-33.40319167,High
-70.68207167,-33.40305833,High
-70.6817,-33.40297333,High
-70.6813,-33.40287333,High
-70.68098,-33.40277667,High
-70.68060167,-33.40269,High
-70.68022833,-33.40260167,High
-70.67990833,-33.40252333,High
-70.67957333,-33.402415,High
-70.67921,-33.40230167,High
-70.67885833,-33.40216667,High
-70.67855333,-33.402055,High
-70.67813,-33.40188667,High
-70.677835,-33.40177333,High
-70.67752833,-33.40167167,High
-70.67713167,-33.40152667,High
-70.67676333,-33.40138333,High
-70.676455,-33.40128,High
-70.67611333,-33.401165,High
-70.67571,-33.40103,High
-70.67531167,-33.40084833,High
-70.67492167,-33.40070667,High
-70.674565,-33.40056333,High
-70.674195,-33.40041667,High
-70.673795,-33.40026167,High
-70.67344333,-33.40016833,High
-70.67308167,-33.40005667,High
-70.67278333,-33.39995,High
-70.67206333,-33.40000833,High
-70.67194667,-33.40029,High
-70.67176333,-33.40068167,High
-70.671625,-33.40097,High
-70.67148,-33.40127667,High
-70.67134,-33.40157667,High
-70.67118667,-33.40189833,High
-70.67100333,-33.40226333,High
-70.67074833,-33.40256667,High
-70.67036833,-33.40288833,Medium
-70.67001667,-33.403235,Medium
-70.66969667,-33.403615,Medium
-70.66940667,-33.40401,High
-70.66916667,-33.40440333,Medium
-70.66901833,-33.40478167,High
-70.66890167,-33.40504333,High
-70.66865833,-33.40552667,High
-70.66850333,-33.40577167,High
-70.66819833,-33.40623333,High
-70.66763833,-33.40666833,High
-70.66727333,-33.40660167,High
-70.66679,-33.40664,High
-70.666335,-33.40668,High
-70.66587333,-33.40672333,High
-70.66544667,-33.40675,Medium
-70.665035,-33.40683,Medium
-70.66465167,-33.40684333,Medium
-70.66390833,-33.40692167,Medium
-70.66355667,-33.40693333,High
-70.66318667,-33.40695833,High
-70.662855,-33.40698167,High
-70.66241167,-33.40700833,High
-70.66197833,-33.40704167,High
-70.661625,-33.40708167,High
-70.66122833,-33.40712667,High
-70.6609,-33.407385,High
-70.66073667,-33.40774667,High
-70.660535,-33.40812,High
-70.66035,-33.40852833,High
-70.66025,-33.40883667,High
-70.66007667,-33.40931167,High
-70.66001667,-33.409585,High
-70.65993167,-33.40985333,High
-70.659825,-33.41016,Medium
-70.65973,-33.410425,Medium
-70.65962333,-33.41067833,Medium
-70.65946,-33.41093833,High
-70.65929,-33.41124,Medium
-70.65914167,-33.41156667,Medium
-70.658995,-33.41189167,High
-70.65886,-33.412225,High
-70.65875667,-33.41260167,High
-70.65863167,-33.412945,High
-70.6584,-33.41329167,Medium
-70.65822667,-33.41360833,High
-70.65806833,-33.41391167,Medium
-70.65794833,-33.41422667,High
-70.65780833,-33.41455,Medium
-70.65771333,-33.41482833,Medium
-70.65747667,-33.41533833,Medium
-70.65746833,-33.41561167,Medium
-70.657865,-33.41562333,Medium
-70.658275,-33.41562833,Medium
-70.658655,-33.41563667,Medium
-70.65905667,-33.41564333,Medium
-70.659435,-33.41564833,Medium
-70.65991,-33.41566667,Medium
-70.66032833,-33.41568167,Medium
-70.66078667,-33.41568667,Medium
-70.661205,-33.41569667,Medium
-70.66161833,-33.41568167,Medium
-70.66199667,-33.4157,Medium
-70.662415,-33.41571667,Medium
-70.66286667,-33.41570167,Medium
-70.66326833,-33.41568,Medium
-70.66363167,-33.415645,Medium
-70.66414333,-33.415605,Medium
-70.66425333,-33.41589167,Medium
-70.66417667,-33.41624833,Medium
-70.66408833,-33.41655333,Medium
-70.66401833,-33.41680833,Medium
-70.663925,-33.41709,Medium
-70.66385833,-33.41735,Medium
-70.66368167,-33.41780333,Medium
-70.66361167,-33.41808,Medium
-70.663575,-33.418365,Medium
-70.663525,-33.418685,Medium
-70.66348667,-33.41902833,Medium
-70.66344167,-33.41934667,Medium
-70.66330833,-33.41987667,Medium
-70.66327167,-33.42013667,Medium
-70.66323167,-33.42046333,Medium
-70.66316667,-33.42080333,Medium
-70.66306833,-33.42112,Medium
-70.66284333,-33.421785,Medium
-70.662735,-33.42211667,Medium
-70.66258833,-33.42254333,Medium
-70.66244667,-33.422865,Medium
-70.66234333,-33.42318667,Medium
-70.66224167,-33.42348833,Medium
-70.66212833,-33.42381667,Medium
-70.661995,-33.424155,Medium
-70.66187833,-33.42453167,Medium
-70.661745,-33.42495167,Medium
-70.66159667,-33.425375,Medium
-70.66145,-33.42578833,Medium
-70.66129167,-33.42618833,Medium
-70.66113667,-33.42676167,Medium
-70.660995,-33.427135,Medium
-70.66087667,-33.42749167,Medium
-70.66076833,-33.427895,Medium
-70.66069,-33.42819333,Medium
-70.66060667,-33.42850333,Medium
-70.66048833,-33.42885333,Medium
-70.6605,-33.42925333,Medium
-70.6606,-33.42961,Medium
-70.66082833,-33.429935,Medium
-70.66095833,-33.43031167,Medium
-70.66108833,-33.43070833,Medium
-70.6611,-33.43112667,Medium
-70.660965,-33.43141,Medium
-70.660795,-33.43180833,Low
-70.66088667,-33.43219333,Low
-70.66096833,-33.43266333,Low
-70.66095167,-33.43315333,Low
-70.66085,-33.433655,Medium
-70.66082667,-33.43396833,Medium
-70.66078667,-33.43421667,Medium
-70.66074,-33.434495,Low
-70.66044667,-33.43461833,Low
-70.66008167,-33.43460833,Low
-70.65971833,-33.43459167,Low
-70.65935833,-33.43457833,Low
-70.65875333,-33.43469667,Low
-70.65867667,-33.435035,Low
-70.65861167,-33.43533667,Low
-70.65857167,-33.43561333,Low
-70.658485,-33.43607333,Low
-70.65848,-33.43635333,Low
-70.65821667,-33.43717333,Low
-70.65818667,-33.43744667,Low
-70.65809833,-33.43770667,Low
-70.65815333,-33.43799167,Low
-70.65816333,-33.43832333,Low
-70.65814833,-33.438625,Low
-70.65807833,-33.438915,Low
-70.658025,-33.43934833,Low
-70.65799667,-33.43964667,Low
-70.65797667,-33.43993167,Low
-70.657915,-33.440205,Low
-70.65787667,-33.44053833,Low
-70.65784167,-33.44091333,Low
-70.657805,-33.44128167,Low
-70.65777333,-33.44155167,Low
-70.65774333,-33.44185167,Low
-70.65771667,-33.44216833,Low
-70.65772167,-33.44243,Low
-70.65806333,-33.44270833,Low
-70.65851333,-33.44270667,Low
-70.65890333,-33.44271167,Low
-70.65934167,-33.44277333,Low
-70.65975167,-33.44287833,Low
-70.65988667,-33.44326333,Low
-70.65970333,-33.443685,Low
-70.65965667,-33.44399333,Low
-70.65954167,-33.444315,Low
-70.66751333,-33.44762167,Medium
-70.66783333,-33.44770167,Medium
-70.668225,-33.44779667,Medium
-70.66859333,-33.44790667,Medium
-70.668985,-33.44800667,Medium
-70.66939167,-33.44811833,Medium
-70.66979833,-33.44823667,Medium
-70.67023167,-33.44836833,Medium
-70.670695,-33.44851333,Medium
-70.67121667,-33.448665,Medium
-70.67175167,-33.44881333,High
-70.67224167,-33.44895333,Medium
-70.672655,-33.44906667,Medium
-70.673065,-33.44917667,Medium
-70.67355833,-33.4493,Medium
-70.67404167,-33.44941833,Medium
-70.67443833,-33.44958333,Medium
-70.67473333,-33.44964833,Medium
-70.67508333,-33.44976667,Medium
-70.67553833,-33.44986167,High
-70.67590667,-33.44995,High
-70.676215,-33.450035,High
-70.676625,-33.45013833,High
-70.67693833,-33.45021833,High
-70.6773,-33.45031333,High
-70.677755,-33.45046833,Medium
-70.67816167,-33.45058,Medium
-70.67856833,-33.45065167,High
-70.67902833,-33.450755,Medium
-70.67950167,-33.45084,High
-70.67990167,-33.45097167,High
-70.680215,-33.45114667,High
-70.680505,-33.451305,High
-70.68112833,-33.451515,High
-70.681565,-33.451605,High
-70.68202,-33.451735,High
-70.68245167,-33.45187167,High
-70.68281667,-33.45200833,High
-70.68319833,-33.4521,High
-70.68395,-33.45217167,High
-70.68432833,-33.45225333,Medium
-70.684715,-33.4524,High
-70.68524667,-33.452395,High
-70.68571333,-33.45251333,Medium
-70.68620833,-33.45266333,Medium
-70.68663833,-33.452755,Low
-70.687025,-33.45286833,Low
-70.68741,-33.45294,Low
-70.68779,-33.45301667,Low
-70.688215,-33.45311667,Medium
-70.68869833,-33.45322,Medium
-70.68916167,-33.45332167,Low
-70.68959,-33.45343333,Low
-70.690075,-33.45355333,Medium
-70.69057167,-33.45367,Medium
-70.69103667,-33.45378833,Medium
-70.69149167,-33.45389167,Medium
-70.69190667,-33.45398667,Medium
-70.69233167,-33.45408833,Medium
-70.69276667,-33.45417333,Medium
-70.69326,-33.45426833,Medium
-70.693735,-33.454375,Medium
-70.69418333,-33.45447667,Medium
-70.69457333,-33.45458167,Medium
-70.69500833,-33.45470833,Medium
-70.69541167,-33.45483,Medium
-70.69627,-33.454995,Medium
-70.69665167,-33.45506333,Medium
-70.69703333,-33.45516167,Medium
-70.69744167,-33.45527667,Medium
-70.69789167,-33.45536167,Medium
-70.69835667,-33.45548833,Medium
-70.69885167,-33.45558,Medium
-70.69936167,-33.45567667,Medium
-70.69986167,-33.4558,Medium
-70.70040333,-33.45589333,Medium
-70.70098333,-33.45600333,Medium
-70.70150667,-33.45612,Medium
-70.70196833,-33.45622833,Low
-70.7025,-33.45632,Low
-70.702945,-33.45646667,Low
-70.70336,-33.45663,Low
-70.70382167,-33.456725,Low
-70.70419167,-33.45682333,Low
-70.70458333,-33.45689,Medium
-70.70500167,-33.456965,Medium
-70.70549667,-33.45697333,Medium
-70.70550833,-33.456665,Medium
-70.70552333,-33.45636333,Medium
-70.70555167,-33.45606667,Medium
-70.70558833,-33.45574333,Medium
-70.70567833,-33.45536833,Medium
-70.70578,-33.45501833,Medium
-70.705835,-33.4547,Medium
-70.705855,-33.45441167,Medium
-70.70587833,-33.45410833,Medium
-70.705895,-33.45384,Medium
-70.705895,-33.45355833,Medium
-70.70594667,-33.453265,Medium
-70.70601,-33.45295,Medium
-70.70607333,-33.45264,High
-70.706125,-33.45235667,High
-70.70618333,-33.45200833,High
-70.70572167,-33.451885,High
-70.70538667,-33.451835,High
-70.705015,-33.451785,High
-70.70461333,-33.45172833,High
-70.70426,-33.45167833,High
-70.70388167,-33.451625,High
-70.70354667,-33.451575,High
-70.703255,-33.45152667,High
-70.70290833,-33.451475,High
-70.70252667,-33.45142833,High
-70.702205,-33.45138333,High
-70.70185,-33.45133,High
-70.70149167,-33.451275,High
-70.70116833,-33.45124333,High
-70.70085667,-33.45119333,High
-70.70052667,-33.45115,Medium
-70.70019167,-33.45110833,Medium
-70.69987167,-33.45106833,Medium
-70.699535,-33.45102333,Medium
-70.69917333,-33.45097333,Medium
-70.69883333,-33.450955,Medium
-70.69846667,-33.45096333,Medium
-70.69807667,-33.45098667,Medium
-70.69739,-33.45097833,Medium
-70.697065,-33.45098333,Medium
-70.69672,-33.45100833,Medium
-70.69642,-33.45080333,Medium
-70.69637667,-33.45035167,Medium
-70.69639667,-33.44999,Medium
-70.69633667,-33.44956167,Medium
-70.69633333,-33.449165,High
-70.69629833,-33.44892167,High
-70.69625333,-33.44866167,High
-70.696235,-33.44832167,High
-70.69619667,-33.44795667,High
-70.69616,-33.44751333,High
-70.69614167,-33.44712833,High
-70.69612,-33.44676,High
-70.69611,-33.44646333,High
-70.69609667,-33.44614833,High
-70.69607333,-33.44583167,Medium
-70.69604833,-33.44557167,Medium
-70.695835,-33.44522,Medium
-70.695465,-33.44515167,Medium
-70.69507167,-33.44509,High
-70.69445833,-33.44497167,Medium
-70.69409,-33.44489333,Medium
-70.69367,-33.444825,Medium
-70.69337833,-33.444765,Medium
-70.69302,-33.444705,Medium
-70.69268167,-33.44466167,Medium
-70.69222833,-33.44459333,High
-70.691905,-33.444575,High
-70.69154667,-33.44455333,High
-70.69115667,-33.44452833,High
-70.69077333,-33.44449667,High
-70.690345,-33.444485,High
-70.68997833,-33.444455,High
-70.68952167,-33.444435,High
-70.68901833,-33.44440833,High
-70.68848167,-33.44438333,High
-70.68797,-33.44435667,High
-70.68749667,-33.44434333,Medium
-70.68701333,-33.44430667,Medium
-70.68645333,-33.44430667,Medium
-70.68586167,-33.44427167,Medium
-70.68531333,-33.44425,Medium
-70.68481167,-33.44420833,Medium
-70.68427,-33.44417667,Medium
-70.68371667,-33.44415,Medium
-70.68317667,-33.44415,Medium
-70.68259167,-33.44410667,Medium
-70.68200333,-33.44408,Medium
-70.68137,-33.444015,Medium
-70.68080333,-33.444005,High
-70.68030667,-33.44398333,High
-70.67954333,-33.44341333,Medium
-70.67957333,-33.44311833,Medium
-70.67959,-33.44281333,Medium
-70.67962167,-33.442505,Medium
-70.67965333,-33.44216833,Medium
-70.67968167,-33.44178167,Medium
-70.67974333,-33.44140333,Medium
-70.67972833,-33.44100167,Medium
-70.679755,-33.44061167,Medium
-70.67981,-33.44025,High
-70.67987833,-33.439845,High
-70.67991333,-33.43948,Medium
-70.67998333,-33.438735,Medium
-70.68002,-33.43833833,Medium
-70.680065,-33.43791833,Medium
-70.680095,-33.437445,Medium
-70.68011667,-33.43719167,Medium
-70.68016,-33.43691667,Medium
-70.68021167,-33.43662,Medium
-70.680205,-33.43608833,Medium
-70.68023,-33.43577333,Medium
-70.680275,-33.43546333,Medium
-70.68030333,-33.43514,Medium
-70.68032667,-33.43484833,Medium
-70.68035833,-33.43458833,Medium
-70.68039667,-33.43432833,Medium
-70.68045833,-33.43381,Medium
-70.680865,-33.433795,Medium
-70.68125167,-33.433805,Medium
-70.681675,-33.43381,Medium
-70.68218667,-33.43384,Medium
-70.68267,-33.433925,Medium
-70.68313333,-33.43392,High
-70.68363,-33.43397333,Medium
-70.68410667,-33.43400167,Medium
-70.68468333,-33.43404167,High
-70.68526833,-33.43409833,Medium
-70.68584,-33.43409,Medium
-70.68637167,-33.43414833,Medium
-70.68679,-33.43416333,Medium
-70.68718333,-33.43413333,Medium
-70.68754333,-33.43412,High
-70.68795333,-33.43410333,High
-70.68830167,-33.43408,Medium
-70.68862,-33.43408,Medium
-70.689005,-33.434075,Medium
-70.68942167,-33.434065,Medium
-70.689825,-33.43405333,Medium
-70.69026333,-33.43405333,Medium
-70.69067333,-33.43401,Medium
-70.69103167,-33.43400667,Medium
-70.69138,-33.43400833,Medium
-70.69168333,-33.43399,Medium
-70.69228667,-33.4337,Medium
-70.69228667,-33.433385,Medium
-70.692265,-33.43298167,Medium
-70.69224167,-33.43262,Medium
-70.69220333,-33.43226667,Medium
-70.69218833,-33.431885,Medium
-70.69218333,-33.431555,Medium
-70.69216167,-33.43114667,Medium
-70.692135,-33.43080167,Medium
-70.69213833,-33.43045,Medium
-70.69212333,-33.43014833,Medium
-70.69210167,-33.42979833,Medium
-70.69205167,-33.42941333,High
-70.69200667,-33.42907,High
-70.69195333,-33.42876167,Medium
-70.691895,-33.42848667,Medium
-70.69184,-33.42815667,Medium
-70.69176333,-33.42786,High
-70.691645,-33.42752,High
-70.691525,-33.42686167,High
-70.69148,-33.42659333,High
-70.69142333,-33.42615833,High
-70.69139667,-33.42587833,High
-70.69137667,-33.42558667,High
-70.69132667,-33.42526667,High
-70.69127333,-33.42496333,Medium
-70.69125667,-33.42456667,Medium
-70.69109833,-33.42416667,Medium
-70.691005,-33.42384333,Medium
-70.69088333,-33.42324333,Medium
-70.69083333,-33.42295,Medium
-70.69077833,-33.42258833,Medium
-70.69071667,-33.42218833,Medium
-70.69063667,-33.42177,Medium
-70.69054833,-33.42133333,Medium
-70.69046,-33.42094333,Medium
-70.69039833,-33.42057833,Medium
-70.690355,-33.42032667,Medium
-70.690345,-33.41997667,Medium
-70.69037833,-33.41960333,Medium
-70.69040333,-33.41921667,Medium
-70.690315,-33.41872167,Medium
-70.69022833,-33.41817667,Medium
-70.69019833,-33.41762833,Medium
-70.69039833,-33.41711833,Medium
-70.69072667,-33.41673167,Medium
-70.69108667,-33.41644167,Medium
-70.69138,-33.41609167,Medium
-70.69167333,-33.41565167,Medium
-70.69181667,-33.41529833,Medium
-70.69231,-33.41469333,Medium
-70.69258167,-33.41449833,Medium
-70.69284333,-33.41432333,High
-70.69313,-33.41413167,High
-70.69347167,-33.41387167,High
-70.693795,-33.41358833,High
-70.69411333,-33.41336,High
-70.69446167,-33.41313833,Medium
-70.694905,-33.41291,Medium
-70.69536667,-33.41264,Medium
-70.69583333,-33.41236333,Medium
-70.69630667,-33.412055,Medium
-70.69679667,-33.41172167,Medium
-70.697275,-33.41136167,Medium
-70.69780167,-33.41100833,Medium
-70.698275,-33.41064667,High
-70.69880667,-33.41028667,High
-70.69928833,-33.40993833,High
-70.699825,-33.409605,Medium
-70.70035167,-33.40926167,Medium
-70.700895,-33.408945,Medium
-70.70138,-33.40858667,Medium
-70.70186167,-33.40829667,Medium
-70.70230833,-33.40802,Medium
-70.702745,-33.40774333,Medium
-70.703195,-33.40746167,High
-70.70362333,-33.40715833,High
-70.70401333,-33.40689833,High
-70.70435667,-33.406495,High
-70.70429333,-33.406235,High
-70.70413833,-33.40590833,High
-70.70396,-33.40561167,High
-70.703775,-33.40529833,High
-70.70357667,-33.404995,High
-70.70336833,-33.40466833,High
-70.70316167,-33.40435167,High
-70.70299333,-33.40403667,High
-70.702615,-33.40340333,High
-70.702425,-33.40313333,High
-70.70206667,-33.40275333,High
-70.70176667,-33.40253667,High
-70.701475,-33.40233833,High
-70.70116167,-33.402155,High
-70.70082,-33.40199167,High
-70.70050667,-33.40182,High
-70.70016,-33.40166,High
-70.69987833,-33.40151833,High
-70.69956167,-33.40133667,High
-70.69921833,-33.40113333,High
-70.69881667,-33.40091167,High
-70.69844833,-33.40074667,High
-70.69770333,-33.400465,Medium
-70.69734333,-33.400355,Medium
-70.69696,-33.40027333,Medium
-70.69647167,-33.40020333,Medium
-70.695975,-33.40017833,Medium
-70.69544833,-33.40019167,Medium
-70.69490167,-33.40025333,Medium
-70.69449167,-33.400325,Medium
-70.69375167,-33.40046,Medium
-70.693295,-33.40059833,Medium
-70.69286333,-33.40074667,Medium
-70.69236167,-33.40093333,High
-70.69185167,-33.401125,Medium
-70.69130667,-33.40132167,High
-70.69076167,-33.40154833,High
-70.69012667,-33.40178667,High
-70.68944,-33.40201,High
-70.68875667,-33.402205,High
-70.68814,-33.40234667,High
-70.68749667,-33.40253,High
-70.686835,-33.402665,High
-70.68616833,-33.402835,High
-70.68553333,-33.402965,High
-70.68488833,-33.40310333,High
-70.68431167,-33.40324,High
-70.683765,-33.40332833,High
-70.68324167,-33.403325,High
-70.68273833,-33.40324833,High
-70.68193333,-33.40302333,High
-70.68150333,-33.40293667,High
-70.68115,-33.40282167,High
-70.68078667,-33.40273833,High
-70.68044,-33.40265333,High
-70.68006833,-33.40256,High
-70.67974833,-33.40247,High
-70.679395,-33.40236,High
-70.67902833,-33.40223667,High
-70.67869333,-33.40210333,High
-70.67836833,-33.40198333,High
-70.67798333,-33.40183167,High
-70.67767667,-33.40172,High
-70.677385,-33.40161833,High
-70.67690167,-33.401435,High
-70.67661167,-33.40133167,High
-70.67628833,-33.40122333,High
-70.67592333,-33.401095,High
-70.67552,-33.40094167,High
-70.67510167,-33.40078,High
-70.67474833,-33.40063167,High
-70.67438667,-33.40049167,High
-70.67399167,-33.40032167,High
-70.673585,-33.40020167,High
-70.67325667,-33.40011667,High
-70.672925,-33.39999833,High
-70.672575,-33.39987833,High
-70.672155,-33.39984167,High
-70.67199833,-33.40017,High
-70.67186333,-33.40045333,High
-70.671705,-33.40081167,High
-70.67155,-33.40112833,High
-70.67141,-33.40142833,High
-70.67126667,-33.40174,High
-70.67110333,-33.40206667,Medium
-70.670905,-33.40241167,High
-70.67058,-33.40271167,High
-70.67019167,-33.40305667,Medium
-70.66986333,-33.403425,Medium
-70.66956167,-33.40379167,High
-70.669295,-33.40417833,High
-70.66907,-33.40460833,High
-70.66895667,-33.40492333,High
-70.66873167,-33.40540333,High
-70.66858167,-33.40565333,High
-70.66809333,-33.40640833,High
-70.667815,-33.406775,High
-70.66746,-33.40659833,High
-70.66703167,-33.40661667,High
-70.66657833,-33.40664,High
-70.66611167,-33.40665333,High
-70.66566833,-33.406725,High
-70.66525333,-33.4068,Medium
-70.66483333,-33.406835,Medium
-70.664485,-33.40685667,Medium
-70.66374,-33.40692167,High
-70.66337167,-33.40694167,High
-70.66301,-33.40697333,High
-70.66261,-33.406995,High
-70.66215333,-33.40702,High
-70.66180833,-33.40706,High
-70.66147333,-33.40709833,High
-70.66098333,-33.40723833,High
-70.66081333,-33.40755833,High
-70.66064167,-33.40793167,High
-70.66041833,-33.40833333,High
-70.66030167,-33.40868833,High
-70.6602,-33.40896833,High
-70.66005167,-33.40946167,High
-70.659975,-33.409715,High
-70.65987333,-33.41001,Medium
-70.65977833,-33.41030167,Medium
-70.659685,-33.41055,Medium
-70.65954833,-33.41080833,Medium
-70.65937167,-33.41107833,High
-70.65922,-33.411405,High
-70.65905833,-33.41172667,Medium
-70.65892,-33.41205667,High
-70.65881333,-33.41241167,High
-70.65868833,-33.412785,High
-70.65851167,-33.41311333,High
-70.658325,-33.413445,Medium
-70.65814833,-33.41377167,High
-70.65800333,-33.41405833,High
-70.65787833,-33.41439,Medium
-70.65775833,-33.41469667,Medium
-70.65737833,-33.41551833,Medium
-70.65768,-33.415615,Medium
-70.65806667,-33.41562667,Medium
-70.65847333,-33.41563,Medium
-70.65884667,-33.41564333,Medium
-70.65921667,-33.41564333,Medium
-70.659675,-33.41566333,Medium
-70.66014833,-33.41569167,Medium
-70.66060333,-33.41568667,Medium
-70.66099333,-33.41569,Medium
-70.66141,-33.415685,Medium
-70.66181167,-33.41569,Medium
-70.66220167,-33.4157,Medium
-70.66262833,-33.41571,Medium
-70.66306833,-33.415695,Medium
-70.66346333,-33.41565833,Medium
-70.66428333,-33.41574667,Medium
-70.664215,-33.41607,Medium
-70.66413167,-33.41641,Medium
-70.66405333,-33.41668167,Medium
-70.66397,-33.41694833,Medium
-70.66388833,-33.41722667,Medium
-70.66373333,-33.417645,Medium
-70.663645,-33.417935,Medium
-70.66359,-33.41822167,Medium
-70.66355833,-33.41852,Medium
-70.66350167,-33.41885667,Medium
-70.663465,-33.419195,Medium
-70.66341333,-33.41949167,Medium
-70.663295,-33.42002167,Medium
-70.66324333,-33.42031333,Medium
-70.6632,-33.42063333,Medium
-70.66312,-33.42096833,Medium
-70.663025,-33.42124833,Medium
-70.66289167,-33.421645,Medium
-70.6628,-33.42194333,Medium
-70.66264833,-33.42235167,Medium
-70.66250167,-33.42271833,Medium
-70.6624,-33.42300333,Medium
-70.66229833,-33.42332833,Medium
-70.66218833,-33.42364833,Medium
-70.66206333,-33.42398667,Medium
-70.66193667,-33.42435667,Medium
-70.661815,-33.42474167,Medium
-70.66167167,-33.42517,Medium
-70.66152833,-33.42558167,Medium
-70.66136,-33.42600833,Medium
-70.66120333,-33.42654833,Medium
-70.66108333,-33.42692,Medium
-70.66092667,-33.42732333,Medium
-70.66083667,-33.42761333,Medium
-70.66073167,-33.42801167,Medium
-70.660655,-33.428345,Medium
-70.66054833,-33.42867667,Medium
-70.66049333,-33.429065,Medium
-70.66052833,-33.42944833,Medium
-70.66069667,-33.42977167,Medium
-70.66089667,-33.43011167,Medium
-70.66102167,-33.43049333,Medium
-70.66115333,-33.4309,Medium
-70.66104333,-33.431265,Medium
-70.66085667,-33.43161,Low
-70.66081,-33.431985,Low
-70.66097167,-33.43241167,Low
-70.660965,-33.43290833,Low
-70.66092167,-33.433415,Medium
-70.66086333,-33.43383667,Medium
-70.66080833,-33.43408333,Medium
-70.66076,-33.43434,Low
-70.66059167,-33.43461333,Low
-70.66027,-33.434615,Low
-70.659895,-33.4346,Low
-70.65956833,-33.43459,Low
-70.65897833,-33.43458,Low
-70.65873167,-33.43484833,Low
-70.65864,-33.435195,Low
-70.65859,-33.43547333,Low
-70.65850333,-33.43585333,Low
-70.658505,-33.43621667,Low
-70.65844333,-33.43652167,Low
-70.65828167,-33.43692,Low
-70.65821,-33.43731333,Low
-70.658145,-33.43756667,Low
-70.65809667,-33.43783,Low
-70.65815667,-33.43816333,Low
-70.65816167,-33.43847667,Low
-70.65813,-33.438765,Low
-70.65803833,-33.43916,Low
-70.65800833,-33.43950167,Low
-70.65799,-33.43979,Low
-70.65795167,-33.44006667,Low
-70.65789,-33.44036,Low
-70.65786167,-33.44072333,Low
-70.65782667,-33.44111333,Low
-70.65778333,-33.44141333,Low
-70.657765,-33.4417,Low
-70.65773167,-33.44201667,Low
-70.65771833,-33.44231667,Low
-70.65776667,-33.44265833,Low
-70.65829667,-33.4427,Low
-70.65870667,-33.44268833,Low
-70.65911167,-33.44273833,Low
-70.65952,-33.442805,Low
-70.65992333,-33.44301333,Low
-70.65978,-33.44348667,Low
-70.65965667,-33.443825,Low
-70.65957333,-33.44412,Low
-70.70436167,-33.40660167,High
-70.70511706,-33.46534401,Medium
-70.70449847,-33.47131181,Medium
-70.69599292,-33.48349542,High
-70.69722458,-33.48482542,Medium
-70.71352167,-33.49108083,High
-70.72216539,-33.49162967,High
-70.74533486,-33.49696889,Medium
-70.75721125,-33.49465625,Medium
-70.7563175,-33.49303208,Medium
-70.75618425,-33.47914458,High
-70.74988167,-33.4792,High
-70.74885417,-33.47496806,Medium
-70.74807861,-33.47040444,Medium
-70.75210083,-33.46032,Medium
-70.7374327,-33.46736313,Medium
-70.73715634,-33.47115226,Medium
-70.72658533,-33.46584183,High
-70.71312983,-33.45961433,High
-70.71109294,-33.46703794,High
-70.70526667,-33.46486764,High
-70.705045,-33.46588667,Medium
-70.70503833,-33.46626,Medium
-70.70499,-33.46659833,Medium
-70.70493833,-33.46702167,Medium
-70.70489833,-33.46748667,Medium
-70.70485333,-33.46793833,Medium
-70.70481,-33.46836167,Medium
-70.70476667,-33.46877167,Medium
-70.70472,-33.46918667,Medium
-70.70467833,-33.46962,Medium
-70.70462833,-33.47005833,Medium
-70.70458667,-33.47049667,Medium
-70.70453667,-33.47093,Medium
-70.70444,-33.47159833,Medium
-70.70438,-33.47193,Medium
-70.70429167,-33.472315,High
-70.70418667,-33.472695,High
-70.70407833,-33.47303333,High
-70.70399,-33.4733,High
-70.7039,-33.47358167,High
-70.70379167,-33.473925,High
-70.70367833,-33.47430833,High
-70.70356,-33.4747,High
-70.70345,-33.47506167,High
-70.70335,-33.47539,High
-70.70325667,-33.4757,High
-70.70316,-33.47603667,High
-70.70305167,-33.47642833,High
-70.70295,-33.47689167,High
-70.702925,-33.47738667,High
-70.70286667,-33.47786167,High
-70.70271833,-33.47829333,High
-70.70249167,-33.47867667,High
-70.702175,-33.47902333,High
-70.70180167,-33.47931167,High
-70.70143167,-33.47957333,High
-70.70107333,-33.479825,High
-70.70070167,-33.48010333,High
-70.70027333,-33.48041167,High
-70.699815,-33.48073833,High
-70.69936833,-33.481065,High
-70.698965,-33.48134833,High
-70.698585,-33.48161167,High
-70.69815833,-33.48191833,High
-70.69772833,-33.48222833,High
-70.69729333,-33.482535,High
-70.69698667,-33.48276167,High
-70.69673167,-33.48293333,High
-70.696455,-33.48313667,High
-70.69617167,-33.48334,High
-70.69619833,-33.48380333,High
-70.69644167,-33.48405,High
-70.696685,-33.48429833,Medium
-70.696905,-33.48452,High
-70.697105,-33.484715,Medium
-70.69752333,-33.48493333,Medium
-70.69789333,-33.48486,Medium
-70.69834167,-33.48477333,Medium
-70.69881833,-33.48468,Medium
-70.69930167,-33.48459667,Medium
-70.69978,-33.48451667,High
-70.70017667,-33.484445,High
-70.70059167,-33.48435833,High
-70.70102333,-33.48427333,High
-70.70149833,-33.48421833,High
-70.70193,-33.48412167,Medium
-70.70238,-33.484035,Medium
-70.70284667,-33.48395167,High
-70.70321,-33.48406,High
-70.70328667,-33.484375,High
-70.70341167,-33.48481,High
-70.70353,-33.48527667,High
-70.70362167,-33.48571333,Medium
-70.70379,-33.485925,Medium
-70.70411833,-33.48619333,Medium
-70.70443,-33.48653333,High
-70.70458667,-33.48680333,High
-70.70478167,-33.48704667,High
-70.70504333,-33.48737167,Medium
-70.70534833,-33.48778,High
-70.70559667,-33.48808167,High
-70.70580667,-33.48833667,Medium
-70.706105,-33.48869333,Medium
-70.7064,-33.48908,Medium
-70.70670667,-33.48945333,Medium
-70.70697333,-33.489775,Medium
-70.70719167,-33.49006,High
-70.707375,-33.49031667,High
-70.707585,-33.49061333,High
-70.707805,-33.49087833,High
-70.70805,-33.49118,High
-70.70827833,-33.49146,High
-70.70859667,-33.49148333,High
-70.70898167,-33.49133167,High
-70.709365,-33.49119167,High
-70.70973167,-33.491055,High
-70.71017167,-33.49090667,High
-70.71063,-33.49073333,High
-70.711135,-33.49056,High
-70.71153,-33.49041833,High
-70.71183167,-33.49031167,High
-70.71215167,-33.490185,High
-70.71252833,-33.49001667,High
-70.712915,-33.48997333,High
-70.71307333,-33.49026833,High
-70.71322,-33.490535,High
-70.71335833,-33.49079,High
-70.71359667,-33.491285,High
-70.71375833,-33.49154167,High
-70.71391667,-33.49184167,High
-70.71407,-33.4921,High
-70.71441,-33.49216167,High
-70.71472167,-33.49203167,High
-70.71507167,-33.49188167,High
-70.71538833,-33.49176,High
-70.71576833,-33.491615,High
-70.71615333,-33.49147667,High
-70.71651,-33.49132667,High
-70.71689667,-33.49119,High
-70.71723,-33.49107167,High
-70.71766,-33.49093,High
-70.71814,-33.49089833,High
-70.71860667,-33.49095667,High
-70.719025,-33.49109,Medium
-70.71937667,-33.49120333,Medium
-70.71975167,-33.49132667,Medium
-70.72015667,-33.49144333,Medium
-70.72055833,-33.491505,High
-70.72104,-33.49153667,High
-70.72147667,-33.49156167,High
-70.72185833,-33.49159833,High
-70.7226,-33.49166333,High
-70.72293833,-33.49167,High
-70.72332167,-33.49170333,High
-70.72374333,-33.49174333,Medium
-70.72413667,-33.49178,Medium
-70.72455167,-33.49182333,Medium
-70.724955,-33.49185333,Medium
-70.72534667,-33.49190667,Medium
-70.72570333,-33.492035,Medium
-70.72607667,-33.49219667,Medium
-70.726455,-33.49237833,Medium
-70.72686,-33.492575,Medium
-70.727275,-33.49277,High
-70.72748667,-33.493075,High
-70.72756333,-33.49342167,High
-70.72761167,-33.49374667,Medium
-70.72766167,-33.49404,High
-70.72773,-33.49437167,High
-70.72778,-33.49466167,Medium
-70.72783333,-33.49498833,Medium
-70.72788667,-33.49531333,Medium
-70.72794167,-33.49560667,Medium
-70.728015,-33.49601667,Medium
-70.72807667,-33.496335,Medium
-70.72814667,-33.496785,Medium
-70.728215,-33.49718,Medium
-70.72828667,-33.49762,Medium
-70.72837167,-33.49804,Medium
-70.72842333,-33.49834833,Medium
-70.72849167,-33.49877333,Medium
-70.72855,-33.49917,Medium
-70.72861833,-33.49964833,Medium
-70.728705,-33.50012833,Medium
-70.72878167,-33.50059,Medium
-70.72884667,-33.50106833,Medium
-70.72892667,-33.5015,Medium
-70.72899167,-33.50192667,Medium
-70.729015,-33.50223,Medium
-70.72903,-33.502555,High
-70.72909167,-33.50283833,High
-70.72916,-33.50316667,High
-70.72923,-33.50350167,Medium
-70.729285,-33.50383833,Medium
-70.72932667,-33.504165,Medium
-70.72942333,-33.50461833,Medium
-70.72947,-33.50488,Medium
-70.72957333,-33.50517333,Medium
-70.72993667,-33.50506667,Medium
-70.73038667,-33.50494,Medium
-70.73087667,-33.504795,Medium
-70.73135667,-33.50464833,Medium
-70.73183333,-33.50450333,Medium
-70.73232,-33.50436,Medium
-70.73283333,-33.50420333,Medium
-70.73337833,-33.50403833,Medium
-70.73396667,-33.50388167,Medium
-70.7345,-33.50373333,Medium
-70.73497167,-33.50359333,Medium
-70.73534,-33.50349,Medium
-70.73566833,-33.50341667,Medium
-70.73609,-33.50329,Medium
-70.736585,-33.50316667,Medium
-70.737085,-33.50301167,Medium
-70.73755833,-33.50290167,Medium
-70.737955,-33.50275833,Medium
-70.73833167,-33.50265,Medium
-70.73879,-33.50254667,Medium
-70.73928,-33.50238167,High
-70.73965833,-33.50225333,Medium
-70.73999833,-33.50210667,Medium
-70.74033667,-33.50190667,Medium
-70.74062333,-33.50165167,Medium
-70.74084833,-33.50138333,High
-70.741045,-33.50114667,High
-70.74133667,-33.50084667,High
-70.741765,-33.50050333,High
-70.74219667,-33.50027333,High
-70.74253833,-33.49988667,High
-70.74289333,-33.499465,Medium
-70.74311333,-33.49920167,Medium
-70.743405,-33.49888667,Medium
-70.743745,-33.49847,Medium
-70.74411167,-33.49806833,Medium
-70.74444667,-33.49769333,Medium
-70.74478167,-33.497315,Medium
-70.74501167,-33.49706333,Medium
-70.74579167,-33.496895,Medium
-70.74619333,-33.49684833,Medium
-70.74663167,-33.49680667,Medium
-70.74709833,-33.49677333,Medium
-70.74755,-33.496735,Medium
-70.74798667,-33.49666667,Medium
-70.74844833,-33.496615,Medium
-70.74887333,-33.49655667,Medium
-70.74927,-33.49650833,Medium
-70.74968333,-33.49646333,Medium
-70.750085,-33.496435,Medium
-70.75058333,-33.49637,Medium
-70.75104167,-33.496335,Medium
-70.75150667,-33.49631333,Medium
-70.75193333,-33.49631333,Medium
-70.752405,-33.49628167,Medium
-70.75283667,-33.496285,Medium
-70.75316667,-33.49628333,Medium
-70.75354333,-33.496265,Medium
-70.75394333,-33.49624833,Medium
-70.75443,-33.49624167,Medium
-70.75482333,-33.49624,Medium
-70.75524333,-33.49622,Medium
-70.75559667,-33.49621167,Medium
-70.75604667,-33.49619667,Medium
-70.75639833,-33.496185,Medium
-70.756865,-33.49617167,Medium
-70.75728,-33.49609667,High
-70.75731,-33.49577333,Medium
-70.75731667,-33.49542,High
-70.75730167,-33.495075,High
-70.757245,-33.49477333,Medium
-70.75710167,-33.49440667,Medium
-70.756945,-33.49411,Medium
-70.75674833,-33.49381667,Medium
-70.75658,-33.49358833,Medium
-70.75633167,-33.49330333,Medium
-70.75662,-33.49316,Medium
-70.75688167,-33.49338333,Medium
-70.75709167,-33.49362333,Medium
-70.75725167,-33.49387833,Medium
-70.757645,-33.49408667,Medium
-70.75816,-33.494135,Medium
-70.75866833,-33.49419167,High
-70.75911333,-33.49420667,Medium
-70.75948833,-33.49409667,Medium
-70.75981,-33.49400167,Medium
-70.76026333,-33.49386,High
-70.76083333,-33.493705,High
-70.76128167,-33.49356167,Medium
-70.76162667,-33.49347167,Medium
-70.76198167,-33.49337,Medium
-70.76242,-33.49323167,Medium
-70.76289167,-33.49313,Medium
-70.76339,-33.49304667,Medium
-70.76391667,-33.4931,Medium
-70.76441833,-33.49321333,Medium
-70.76483167,-33.49309,Medium
-70.765035,-33.49282333,Medium
-70.76525333,-33.49257167,Medium
-70.76545667,-33.49231,Medium
-70.76582,-33.49205167,Medium
-70.76614833,-33.49193,Medium
-70.76654,-33.49182,Medium
-70.76705167,-33.49165333,Medium
-70.76764667,-33.49146833,Medium
-70.76823333,-33.49126333,Medium
-70.768725,-33.49110667,Medium
-70.76907833,-33.49100833,Medium
-70.76954167,-33.49087667,Medium
-70.76996167,-33.49073333,Medium
-70.77046333,-33.49059167,Medium
-70.77095,-33.49042333,Medium
-70.77138,-33.49028833,Medium
-70.77170667,-33.490175,Medium
-70.77204833,-33.49006833,Medium
-70.772505,-33.48992333,Medium
-70.77297333,-33.48978333,Medium
-70.77345833,-33.48963333,Medium
-70.77384167,-33.48950833,Medium
-70.77404167,-33.48935,Medium
-70.77375667,-33.48917667,Medium
-70.77342667,-33.488995,Medium
-70.77306167,-33.48877833,Medium
-70.77268167,-33.48856,Medium
-70.77222333,-33.48832333,Medium
-70.77181667,-33.48809,Medium
-70.7713,-33.48785833,Medium
-70.77085,-33.487625,Medium
-70.77039333,-33.48735667,Medium
-70.76989667,-33.48708,Medium
-70.76955,-33.486865,Medium
-70.76925833,-33.48668833,Medium
-70.76880333,-33.48643667,Medium
-70.76847167,-33.48623167,Medium
-70.76827333,-33.48595167,Medium
-70.76851333,-33.485665,Medium
-70.76873833,-33.48543,Medium
-70.76906667,-33.48531333,Medium
-70.76945333,-33.485205,Medium
-70.76986167,-33.48509667,Medium
-70.77026167,-33.48495167,Medium
-70.77056333,-33.48481833,Medium
-70.77096667,-33.48466667,Medium
-70.77144667,-33.48447333,Medium
-70.77183667,-33.484345,Medium
-70.771865,-33.48419833,Medium
-70.771545,-33.484035,Medium
-70.77119833,-33.48386333,Medium
-70.77087333,-33.48370333,Medium
-70.77055667,-33.48352833,Medium
-70.77027333,-33.48338,Medium
-70.76981667,-33.48345833,Medium
-70.76944833,-33.48358,Medium
-70.769055,-33.48369,Medium
-70.76874167,-33.483795,Medium
-70.76843333,-33.483855,Medium
-70.76813,-33.48371167,Medium
-70.76782833,-33.48356167,Medium
-70.76755333,-33.48343667,Medium
-70.767105,-33.48348667,Medium
-70.76667167,-33.48360167,Medium
-70.76626667,-33.483705,Medium
-70.76589833,-33.48380167,Medium
-70.765575,-33.48392333,Medium
-70.765395,-33.48415167,Medium
-70.76505833,-33.48422833,Medium
-70.76476167,-33.48405667,Medium
-70.76440833,-33.483865,Medium
-70.76408833,-33.48367333,Medium
-70.76377333,-33.48348167,Medium
-70.76347333,-33.48326833,Medium
-70.76324333,-33.48302833,Medium
-70.76303833,-33.48275667,Medium
-70.76279,-33.48248667,Medium
-70.76240667,-33.48225667,Medium
-70.76208167,-33.48205667,Medium
-70.76172333,-33.48185167,Medium
-70.76137667,-33.48163667,Medium
-70.761005,-33.48142167,Medium
-70.76067,-33.481205,Medium
-70.76035833,-33.481005,Medium
-70.760055,-33.48082,Medium
-70.75977167,-33.48065833,Medium
-70.75941833,-33.48046167,Medium
-70.759085,-33.48025667,Medium
-70.75871333,-33.48006,Medium
-70.75829833,-33.47980833,Medium
-70.75787,-33.47956667,Medium
-70.75751833,-33.47934833,Medium
-70.75721333,-33.47917833,High
-70.75689,-33.47911,Medium
-70.75647667,-33.47912167,Medium
-70.75595833,-33.47915333,High
-70.75558667,-33.479165,High
-70.75513,-33.47916333,High
-70.75472167,-33.47916333,High
-70.75424333,-33.47916333,High
-70.75387667,-33.47917833,High
-70.75347167,-33.47918833,High
-70.75309,-33.47918667,High
-70.75265,-33.47919333,High
-70.752135,-33.47917167,High
-70.751555,-33.47917167,High
-70.75099833,-33.479195,High
-70.75051333,-33.47921667,High
-70.75016333,-33.47919333,High
-70.74938167,-33.47915833,Medium
-70.74929167,-33.47883167,Medium
-70.74926333,-33.47843667,Medium
-70.74919833,-33.47799833,Medium
-70.749155,-33.47762167,Medium
-70.74912,-33.47729333,Medium
-70.74909833,-33.47699,Medium
-70.74904833,-33.476625,Medium
-70.74900333,-33.47622,Medium
-70.74894333,-33.475825,Medium
-70.748905,-33.475445,Medium
-70.74888167,-33.47512667,Medium
-70.74882333,-33.47479833,Medium
-70.74876333,-33.47446667,Medium
-70.74871667,-33.47418333,Medium
-70.74865167,-33.47387667,Medium
-70.74860667,-33.47359,Medium
-70.748565,-33.473275,Medium
-70.74850333,-33.47297833,Medium
-70.74846833,-33.47264,Medium
-70.74839667,-33.47226667,Medium
-70.74836333,-33.47199667,Medium
-70.74830833,-33.47166333,Medium
-70.74824167,-33.47128167,Medium
-70.74819333,-33.47090833,Medium
-70.74813833,-33.470585,Medium
-70.748035,-33.47018333,Medium
-70.74794667,-33.469885,Medium
-70.74790333,-33.46959667,Medium
-70.74783667,-33.46929833,Medium
-70.74785833,-33.468985,Medium
-70.74801667,-33.46870333,Medium
-70.74837333,-33.46845833,Medium
-70.7488,-33.46836333,Medium
-70.7493,-33.46827833,Medium
-70.74973333,-33.46821833,Medium
-70.75020833,-33.46814,Medium
-70.75061667,-33.46806333,Medium
-70.75100833,-33.46801,Medium
-70.75144833,-33.46793833,Medium
-70.751935,-33.46785167,Medium
-70.75232833,-33.46778333,Medium
-70.75266,-33.46771833,Medium
-70.75307167,-33.46761667,Medium
-70.75333167,-33.467475,Medium
-70.75358333,-33.46728,Medium
-70.753835,-33.466915,Medium
-70.75383833,-33.46658,Medium
-70.75374167,-33.46616667,Medium
-70.753665,-33.46587833,Medium
-70.75358333,-33.46560667,Medium
-70.75348833,-33.465235,Medium
-70.753385,-33.46490333,Medium
-70.75329667,-33.46452667,Medium
-70.75318667,-33.46418167,Medium
-70.75308833,-33.46375167,Medium
-70.75296167,-33.46334833,Medium
-70.75284667,-33.46299667,Medium
-70.75276333,-33.46265833,Medium
-70.75264833,-33.46231833,Medium
-70.75260167,-33.461945,Medium
-70.75252167,-33.46165,Medium
-70.75239667,-33.461245,Medium
-70.75225333,-33.460775,Medium
-70.752135,-33.46042,Medium
-70.75168167,-33.46030667,Medium
-70.75116667,-33.460365,Medium
-70.75067,-33.46044667,Medium
-70.75019,-33.46054833,Medium
-70.7497,-33.46063667,Medium
-70.74914,-33.46073167,Medium
-70.74852667,-33.460835,Medium
-70.747925,-33.460955,Medium
-70.74734,-33.46107833,Medium
-70.74681167,-33.46116167,Medium
-70.74642167,-33.46126667,Medium
-70.746005,-33.46136,Medium
-70.74551,-33.46147,Medium
-70.745055,-33.46154333,Medium
-70.7446,-33.461635,Medium
-70.74412667,-33.461725,Medium
-70.74367833,-33.46182167,Medium
-70.74334,-33.46188833,Medium
-70.74297833,-33.46195833,Medium
-70.74258833,-33.46203333,Medium
-70.74215333,-33.462105,Medium
-70.741715,-33.46219833,High
-70.74122667,-33.462275,High
-70.74071667,-33.462385,High
-70.74020667,-33.462485,High
-70.73966,-33.46260333,High
-70.73912167,-33.46271167,Medium
-70.73865333,-33.46280333,Medium
-70.738285,-33.462875,Medium
-70.73797333,-33.46293167,Medium
-70.73791833,-33.46326167,Medium
-70.737855,-33.46370667,Medium
-70.73780333,-33.46418,Medium
-70.73775,-33.46463667,Medium
-70.73768833,-33.46513333,Medium
-70.73762833,-33.46564,Medium
-70.73758667,-33.46616833,Medium
-70.73750833,-33.46671667,Medium
-70.73746833,-33.46713167,Medium
-70.73739667,-33.467575,Medium
-70.73735333,-33.46790333,Medium
-70.737305,-33.468385,Medium
-70.73729333,-33.46894667,Medium
-70.73726333,-33.46946,Medium
-70.73725667,-33.46997333,Medium
-70.7372,-33.47045833,Medium
-70.737185,-33.47085333,Medium
-70.73707667,-33.47132833,Medium
-70.736805,-33.47158,Medium
-70.73648,-33.47154167,Medium
-70.73608,-33.471205,Medium
-70.73564,-33.47090333,Medium
-70.73513167,-33.47058167,Medium
-70.73460833,-33.47030333,Medium
-70.73409667,-33.47002333,Medium
-70.73362167,-33.469765,Medium
-70.73336333,-33.46961833,Medium
-70.73303667,-33.469415,Medium
-70.73260833,-33.46916,High
-70.73211167,-33.46887167,Medium
-70.73160167,-33.46856667,Medium
-70.73108167,-33.46827667,Medium
-70.730535,-33.46795,Medium
-70.72996167,-33.46765167,Medium
-70.72935667,-33.467325,Medium
-70.728765,-33.467005,Medium
-70.72820333,-33.46669,High
-70.72763667,-33.46638333,High
-70.72712833,-33.46609333,High
-70.72677833,-33.465945,High
-70.72634667,-33.46570667,High
-70.725975,-33.46551167,Medium
-70.72552,-33.46524,Medium
-70.725025,-33.46496833,Medium
-70.72449833,-33.46471333,High
-70.723945,-33.46446667,High
-70.72343,-33.46417167,High
-70.72294333,-33.46393333,High
-70.722455,-33.46368,High
-70.72187333,-33.46343,High
-70.72131167,-33.463175,High
-70.72070167,-33.46291833,High
-70.72007833,-33.46265,High
-70.71947833,-33.462385,Medium
-70.71891833,-33.46214,Medium
-70.71835667,-33.46188667,Medium
-70.71776667,-33.46164,Medium
-70.71719667,-33.46139333,Medium
-70.71664333,-33.46114,Medium
-70.716105,-33.46088833,Medium
-70.71560667,-33.46066833,High
-70.71519167,-33.46048833,High
-70.71466333,-33.46026667,High
-70.71428,-33.46010333,High
-70.71384167,-33.459925,High
-70.71348667,-33.45976167,High
-70.71296167,-33.45954167,High
-70.71263167,-33.459365,Medium
-70.71223167,-33.45914667,Medium
-70.71188833,-33.459255,Medium
-70.71186833,-33.45961833,Medium
-70.71182333,-33.46001333,Medium
-70.71180333,-33.46039167,Medium
-70.71176667,-33.46078333,Medium
-70.71172167,-33.46112333,Medium
-70.71168833,-33.46145333,Medium
-70.71166167,-33.461795,Medium
-70.71161,-33.46215,High
-70.7116,-33.46248667,High
-70.71156167,-33.46285833,High
-70.71152667,-33.46315833,High
-70.71147833,-33.46349,High
-70.71145,-33.46389333,High
-70.71140833,-33.46432667,High
-70.71136667,-33.46473667,High
-70.711345,-33.46501,High
-70.71131167,-33.46532333,High
-70.71126667,-33.46572667,High
-70.711185,-33.46616833,High
-70.71115667,-33.4666,High
-70.71105333,-33.467255,High
-70.710735,-33.46731833,High
-70.71034167,-33.46711333,High
-70.70985,-33.46687333,High
-70.70933833,-33.46659167,High
-70.70890667,-33.46634667,High
-70.70852833,-33.46615,High
-70.70810667,-33.46591333,High
-70.70778333,-33.465765,Medium
-70.707425,-33.46562167,High
-70.70706,-33.4655,High
-70.70649167,-33.46531,High
-70.70598167,-33.46512167,High
-70.70553667,-33.46496667,High
-70.70512,-33.46493667,Medium
-70.70504333,-33.46566833,Medium
-70.70505167,-33.46608833,Medium
-70.70501833,-33.46642167,Medium
-70.70496167,-33.466795,Medium
-70.70491833,-33.46725833,Medium
-70.70487667,-33.46771,Medium
-70.70483,-33.46815333,Medium
-70.70478833,-33.46856833,Medium
-70.70474167,-33.46897833,Medium
-70.70470167,-33.4694,Medium
-70.70465333,-33.46984,Medium
-70.70460667,-33.47027833,Medium
-70.70456333,-33.47071833,Medium
-70.70451833,-33.4711,Medium
-70.70446167,-33.47146833,Medium
-70.70441167,-33.471755,Medium
-70.70433833,-33.47211833,High
-70.70424167,-33.47250833,High
-70.70413167,-33.47287333,High
-70.70403,-33.47317333,High
-70.70394667,-33.47343833,High
-70.70384667,-33.473745,High
-70.70373667,-33.47411333,High
-70.70361833,-33.474505,High
-70.70350333,-33.474885,High
-70.70339833,-33.47523,High
-70.70330167,-33.47554167,High
-70.70321,-33.47586333,High
-70.703105,-33.47622333,High
-70.702995,-33.47665333,High
-70.70292833,-33.47714,High
-70.70290667,-33.47762833,High
-70.70280667,-33.47808333,High
-70.70261333,-33.47849,High
-70.70234333,-33.478855,High
-70.70199,-33.47917667,High
-70.701615,-33.47944333,High
-70.70125167,-33.47969833,High
-70.70089167,-33.47995833,High
-70.700495,-33.480255,High
-70.70004667,-33.48057167,High
-70.69958833,-33.48090667,High
-70.69916167,-33.48121,High
-70.69878167,-33.48147667,High
-70.69837333,-33.48176333,High
-70.697945,-33.48207333,High
-70.69750333,-33.482385,High
-70.69712333,-33.48265333,High
-70.696875,-33.48283833,High
-70.69660333,-33.48302667,High
-70.69630833,-33.483245,Medium
-70.69609167,-33.483695,High
-70.69632,-33.483925,Medium
-70.69656167,-33.48417333,Medium
-70.69679667,-33.48441333,High
-70.69700833,-33.48462167,High
-70.69733167,-33.48492167,Medium
-70.69771833,-33.48489667,Medium
-70.69810833,-33.484815,Medium
-70.6986,-33.48474333,Medium
-70.699065,-33.48463833,Medium
-70.699515,-33.484545,High
-70.699995,-33.48449333,High
-70.70037667,-33.4844,High
-70.70079833,-33.48434333,High
-70.70125667,-33.48423833,High
-70.70172167,-33.48418333,Medium
-70.70213333,-33.48408167,Medium
-70.70264333,-33.48399333,High
-70.70309833,-33.48392667,High
-70.70324167,-33.48420833,High
-70.70334,-33.48457667,High
-70.703475,-33.48504333,High
-70.70358,-33.48551667,Medium
-70.70367,-33.48584833,Medium
-70.703945,-33.48603667,Medium
-70.70427833,-33.48635833,High
-70.70451,-33.48669833,High
-70.70467667,-33.486915,High
-70.70489333,-33.48719,High
-70.70519,-33.48757833,High
-70.70549667,-33.48795833,High
-70.70570333,-33.488215,Medium
-70.70594833,-33.48849667,Medium
-70.70625,-33.48888,Medium
-70.70655167,-33.48926167,Medium
-70.70685333,-33.48963,Medium
-70.70708667,-33.489915,Medium
-70.70729,-33.490205,High
-70.70748167,-33.49046,High
-70.70768833,-33.49074,High
-70.70792833,-33.49103,High
-70.70816167,-33.491315,High
-70.70842333,-33.49156333,High
-70.70880167,-33.491395,High
-70.70917333,-33.49126167,High
-70.70955167,-33.49112167,High
-70.709935,-33.490985,High
-70.71040167,-33.490815,High
-70.710885,-33.49064833,High
-70.71136667,-33.490485,High
-70.7117,-33.49035833,High
-70.71199,-33.49025333,High
-70.71234,-33.490115,High
-70.712715,-33.48995,High
-70.71300333,-33.49013,High
-70.713145,-33.49040667,High
-70.71328833,-33.49066333,High
-70.71341833,-33.49091,High
-70.713675,-33.491405,High
-70.71383833,-33.49169167,High
-70.71399833,-33.49198167,High
-70.71419167,-33.49224,High
-70.71456333,-33.49209667,High
-70.71487833,-33.49196667,High
-70.71521833,-33.491825,High
-70.71557667,-33.49169167,High
-70.71596167,-33.49155,High
-70.71633667,-33.49139167,High
-70.716675,-33.49126833,High
-70.71705167,-33.49113833,High
-70.717415,-33.49098667,High
-70.717885,-33.49088667,High
-70.718375,-33.49090333,High
-70.71882333,-33.49101,Medium
-70.71919167,-33.49114,Medium
-70.7196,-33.49128333,Medium
-70.71999333,-33.49139833,Medium
-70.72035,-33.49148333,Medium
-70.72078833,-33.49150333,High
-70.72125667,-33.49153333,High
-70.72168,-33.491585,High
-70.72200167,-33.49161,High
-70.72238167,-33.49164833,High
-70.722765,-33.49166667,High
-70.72311833,-33.49168167,High
-70.72351333,-33.49171667,High
-70.723935,-33.491765,Medium
-70.72434833,-33.4918,Medium
-70.72475333,-33.49184,Medium
-70.72515667,-33.49187333,Medium
-70.725525,-33.49196,Medium
-70.72588667,-33.492115,Medium
-70.726265,-33.49228833,Medium
-70.726645,-33.49246333,Medium
-70.72709833,-33.49266,High
-70.72742333,-33.49290667,High
-70.72753,-33.49325167,High
-70.72758333,-33.49358833,Medium
-70.72763667,-33.4939,High
-70.72768833,-33.49419167,High
-70.72775333,-33.49450833,Medium
-70.72780667,-33.49482333,Medium
-70.72785667,-33.49515,Medium
-70.727915,-33.49547,Medium
-70.72798,-33.4958,Medium
-70.72803667,-33.49616167,Medium
-70.72811167,-33.49653667,Medium
-70.72819333,-33.49700167,Medium
-70.72824833,-33.49740833,Medium
-70.72832833,-33.49783333,Medium
-70.72838833,-33.49822833,Medium
-70.72846833,-33.49861833,Medium
-70.72851667,-33.49895,Medium
-70.72859,-33.49940333,Medium
-70.72867667,-33.499895,Medium
-70.72873667,-33.50035833,Medium
-70.72881667,-33.50083333,Medium
-70.72888333,-33.50129833,Medium
-70.72897167,-33.50171333,Medium
-70.729015,-33.50209333,Medium
-70.729015,-33.50235,Medium
-70.72905667,-33.50268667,High
-70.72912667,-33.503,High
-70.729195,-33.50333333,High
-70.72925333,-33.50367333,Medium
-70.72930833,-33.50400167,Medium
-70.72935,-33.50430667,Medium
-70.72944333,-33.50474333,Medium
-70.72948833,-33.50501333,Medium
-70.72975,-33.50512333,Medium
-70.73016,-33.505005,Medium
-70.73061833,-33.50486833,Medium
-70.73111833,-33.50472,Medium
-70.73159333,-33.50457667,Medium
-70.73207167,-33.504435,Medium
-70.732595,-33.50428167,Medium
-70.73310167,-33.504135,Medium
-70.733665,-33.50395667,Medium
-70.73422167,-33.5038,Medium
-70.73477667,-33.50365167,Medium
-70.73519,-33.50354,Medium
-70.73545833,-33.50347167,Medium
-70.73587,-33.50335833,Medium
-70.73631667,-33.50321167,Medium
-70.73682167,-33.50307833,Medium
-70.73734,-33.50295333,Medium
-70.73777667,-33.50281833,Medium
-70.73813,-33.502705,Medium
-70.73856833,-33.502605,Medium
-70.73903667,-33.50247167,High
-70.73948167,-33.50231333,Medium
-70.73984,-33.50217833,Medium
-70.74017,-33.50201667,Medium
-70.74048833,-33.50179167,Medium
-70.74075,-33.50149,High
-70.74094667,-33.50127,High
-70.74116833,-33.50100833,High
-70.74153,-33.50066667,High
-70.742005,-33.500405,High
-70.742365,-33.50009,High
-70.74273,-33.49966333,Medium
-70.743025,-33.49930333,Medium
-70.74326833,-33.49903,Medium
-70.74355833,-33.49869,Medium
-70.74394,-33.49826833,Medium
-70.74427667,-33.49785667,Medium
-70.74462333,-33.49750833,Medium
-70.74490833,-33.49718333,Medium
-70.74514833,-33.49701667,Medium
-70.74562,-33.49692,Medium
-70.74598667,-33.49687333,Medium
-70.746405,-33.49682667,Medium
-70.74686333,-33.49679333,Medium
-70.74731,-33.49675833,Medium
-70.74776333,-33.49668833,Medium
-70.74821167,-33.49663833,Medium
-70.74867667,-33.49657667,Medium
-70.74904167,-33.49653833,Medium
-70.74953167,-33.49648167,Medium
-70.74987167,-33.496445,Medium
-70.75033,-33.49639667,Medium
-70.75082333,-33.49637167,Medium
-70.751285,-33.49632833,Medium
-70.75171167,-33.49630333,Medium
-70.75217833,-33.49631,Medium
-70.75263,-33.49628333,Medium
-70.75299833,-33.49628167,Medium
-70.75335,-33.49627833,Medium
-70.75375,-33.49625667,Medium
-70.75419167,-33.49624333,Medium
-70.754625,-33.49624333,Medium
-70.755015,-33.49623,Medium
-70.75540167,-33.49621833,Medium
-70.75582667,-33.49620333,Medium
-70.75624,-33.49618833,Medium
-70.75665833,-33.496175,Medium
-70.75707167,-33.49613833,Medium
-70.75731667,-33.49593667,Medium
-70.75731167,-33.49560333,High
-70.75731167,-33.495235,Medium
-70.75728833,-33.49494167,High
-70.75717167,-33.49456833,Medium
-70.75703667,-33.49426,Medium
-70.756845,-33.49396,Medium
-70.75666167,-33.49369833,Medium
-70.75646167,-33.49345333,Medium
-70.75627833,-33.49314,Medium
-70.75650167,-33.49305667,Medium
-70.75675,-33.49326833,Medium
-70.75699333,-33.49349833,Medium
-70.75717833,-33.493755,Medium
-70.75740333,-33.49405,Medium
-70.75788833,-33.49411167,Medium
-70.75841833,-33.49417333,High
-70.75891,-33.49421,Medium
-70.75929167,-33.49416667,Medium
-70.759635,-33.49404667,Medium
-70.76001333,-33.49394167,High
-70.76055333,-33.49378167,High
-70.76108333,-33.49362333,Medium
-70.76143833,-33.49351833,Medium
-70.76178833,-33.49342667,Medium
-70.76220167,-33.49331,Medium
-70.76265667,-33.49319333,Medium
-70.76312833,-33.49309167,Medium
-70.76365167,-33.49306,Medium
-70.76417,-33.49315667,Medium
-70.76465833,-33.49317333,Medium
-70.76497667,-33.49296,Medium
-70.765135,-33.49272833,Medium
-70.76534833,-33.492445,Medium
-70.7656,-33.492175,Medium
-70.76598167,-33.49199333,Medium
-70.76631667,-33.49187833,Medium
-70.76679,-33.49171667,Medium
-70.767335,-33.491555,Medium
-70.767955,-33.49136167,Medium
-70.76850333,-33.49117167,Medium
-70.76889667,-33.49105667,Medium
-70.769325,-33.49093667,Medium
-70.76973333,-33.49081333,Medium
-70.77020167,-33.490665,Medium
-70.770715,-33.49051667,Medium
-70.77117167,-33.49035,Medium
-70.77157,-33.49021833,Medium
-70.77186,-33.49013,Medium
-70.77228,-33.48998833,Medium
-70.77273,-33.48986167,Medium
-70.77322,-33.48970833,Medium
-70.77365,-33.48957,Medium
-70.77406,-33.48944,Medium
-70.77389167,-33.48925833,Medium
-70.77359833,-33.48909167,Medium
-70.77323333,-33.488885,Medium
-70.77287833,-33.48866,Medium
-70.772445,-33.48843333,Medium
-70.77202667,-33.48822,Medium
-70.77156167,-33.487985,Medium
-70.77106167,-33.48772333,Medium
-70.77064667,-33.48748667,Medium
-70.77014167,-33.48721167,Medium
-70.76971667,-33.486965,Medium
-70.76943167,-33.48678833,Medium
-70.76903333,-33.48656,Medium
-70.768615,-33.48631167,Medium
-70.76827,-33.48612333,Medium
-70.76839167,-33.48581333,Medium
-70.76860667,-33.48555,Medium
-70.76889,-33.48537,Medium
-70.76925667,-33.48525667,Medium
-70.76966667,-33.48514333,Medium
-70.77005333,-33.48503667,Medium
-70.77041667,-33.48488333,Medium
-70.77079333,-33.48473333,Medium
-70.77120667,-33.484575,Medium
-70.77167667,-33.48439,Medium
-70.77196167,-33.48429,Medium
-70.77172,-33.48412667,Medium
-70.77137,-33.48396,Medium
-70.77103333,-33.483785,Medium
-70.77070833,-33.48361167,Medium
-70.77041167,-33.48345167,Medium
-70.770035,-33.48334833,Medium
-70.76964333,-33.48351667,Medium
-70.76926667,-33.48363167,Medium
-70.768905,-33.48373667,Medium
-70.76858333,-33.48384833,Medium
-70.768285,-33.483795,Medium
-70.76798,-33.48363667,Medium
-70.76768,-33.48349167,Medium
-70.76729167,-33.48344833,Medium
-70.76689667,-33.48353667,Medium
-70.76646333,-33.48365667,Medium
-70.76612833,-33.48374667,Medium
-70.76574167,-33.483835,Medium
-70.76551833,-33.48400167,Medium
-70.76525,-33.48427333,Medium
-70.76490833,-33.48414667,Medium
-70.764585,-33.483965,Medium
-70.76422833,-33.48376167,Medium
-70.76392833,-33.48357833,Medium
-70.76362,-33.48338333,Medium
-70.76335667,-33.48315333,Medium
-70.76313,-33.48287833,Medium
-70.76293167,-33.48263,Medium
-70.7626,-33.48237,Medium
-70.762235,-33.48214,Medium
-70.76190833,-33.48195667,Medium
-70.76155833,-33.48175667,Medium
-70.76118667,-33.48153333,Medium
-70.76083333,-33.48130833,Medium
-70.76050333,-33.48110167,Medium
-70.760225,-33.48092167,Medium
-70.75992333,-33.480745,Medium
-70.75959833,-33.48056,Medium
-70.759235,-33.48032833,Medium
-70.75887,-33.480145,Medium
-70.758525,-33.47994167,Medium
-70.758085,-33.47969167,Medium
-70.75768167,-33.47944667,Medium
-70.757365,-33.47925833,Medium
-70.75705833,-33.479125,Medium
-70.75673,-33.47911667,Medium
-70.75573167,-33.47915167,High
-70.75529667,-33.479165,High
-70.75494167,-33.47916,High
-70.754475,-33.47916,High
-70.75406667,-33.47917,High
-70.75367167,-33.479185,High
-70.75328333,-33.47918833,High
-70.75288667,-33.479185,High
-70.752405,-33.47918333,High
-70.75184833,-33.47916833,High
-70.75127167,-33.47918,High
-70.75074667,-33.47921333,High
-70.75031333,-33.47918667,High
-70.74962833,-33.479205,High
-70.74932,-33.47897167,Medium
-70.74927167,-33.47865833,Medium
-70.74923333,-33.47820333,Medium
-70.74916167,-33.47781167,Medium
-70.74914333,-33.47744667,Medium
-70.749125,-33.47713833,Medium
-70.74907167,-33.476815,Medium
-70.74902667,-33.47644333,Medium
-70.74898167,-33.476015,Medium
-70.74891833,-33.47564,Medium
-70.748895,-33.47528,Medium
-70.74879,-33.47463,Medium
-70.74873833,-33.47432333,Medium
-70.748685,-33.474025,Medium
-70.74862833,-33.47373333,Medium
-70.74858833,-33.47343667,Medium
-70.74853,-33.47314167,Medium
-70.74849,-33.47283167,Medium
-70.74843667,-33.472455,Medium
-70.74837667,-33.47211667,Medium
-70.748335,-33.47182167,Medium
-70.74828,-33.47148333,Medium
-70.74822167,-33.471095,Medium
-70.74817167,-33.47075833,Medium
-70.74797833,-33.470015,Medium
-70.747925,-33.46975333,Medium
-70.74787,-33.46943167,Medium
-70.74782833,-33.46910833,Medium
-70.74791833,-33.46885167,Medium
-70.74816333,-33.46855833,Medium
-70.748585,-33.46838833,Medium
-70.74904833,-33.468325,Medium
-70.74951833,-33.468255,Medium
-70.749965,-33.46817167,Medium
-70.75043667,-33.46809667,Medium
-70.75084333,-33.46803333,Medium
-70.75122,-33.46797667,Medium
-70.75169667,-33.4679,Medium
-70.75214333,-33.46781333,Medium
-70.7525,-33.467755,Medium
-70.752875,-33.467675,Medium
-70.75320833,-33.46755167,Medium
-70.75344667,-33.467405,Medium
-70.75370833,-33.467115,Medium
-70.75387,-33.466795,Medium
-70.75378833,-33.46636167,Medium
-70.75370167,-33.46601667,Medium
-70.75361833,-33.46573333,Medium
-70.75354167,-33.46541667,Medium
-70.75344,-33.46508,Medium
-70.753335,-33.46471833,Medium
-70.75324,-33.46435833,Medium
-70.75313667,-33.46398333,Medium
-70.75302667,-33.46353167,Medium
-70.75291667,-33.46316833,Medium
-70.75279833,-33.462845,Medium
-70.75269833,-33.46248833,Medium
-70.75263833,-33.46212833,Medium
-70.75256,-33.46178333,Medium
-70.75246667,-33.461475,Medium
-70.75232167,-33.46098833,Medium
-70.752195,-33.460595,Medium
-70.75188167,-33.46027167,Medium
-70.75144,-33.46034667,Medium
-70.75093833,-33.46040667,Medium
-70.75044333,-33.46050333,Medium
-70.74994667,-33.46058333,Medium
-70.74942833,-33.46068167,Medium
-70.74883333,-33.46077,Medium
-70.74822667,-33.46089833,Medium
-70.74762167,-33.46101667,Medium
-70.74708333,-33.46111667,Medium
-70.74658667,-33.46122333,Medium
-70.74623333,-33.46130833,Medium
-70.74574167,-33.461425,Medium
-70.74527333,-33.46151333,Medium
-70.74483333,-33.4616,Medium
-70.74438,-33.46168333,Medium
-70.74389333,-33.46178,Medium
-70.74349,-33.46186167,Medium
-70.743145,-33.461925,Medium
-70.74278667,-33.46199833,Medium
-70.74238167,-33.46207,Medium
-70.74194,-33.46214333,High
-70.74148333,-33.46223667,High
-70.74096667,-33.46234833,High
-70.74044167,-33.46243,High
-70.73994167,-33.46253,High
-70.73939667,-33.46266,High
-70.73889,-33.46275333,Medium
-70.73844167,-33.46284,Medium
-70.73811833,-33.46291167,Medium
-70.73793,-33.46308667,Medium
-70.73789333,-33.46349833,Medium
-70.73784,-33.463945,Medium
-70.737775,-33.46441,Medium
-70.73772333,-33.46487333,Medium
-70.73764,-33.46538667,Medium
-70.737595,-33.46591,Medium
-70.73754,-33.46644,Medium
-70.73748167,-33.46695167,Medium
-70.73738167,-33.46772833,Medium
-70.73732333,-33.46814167,Medium
-70.7373,-33.46867167,Medium
-70.73728,-33.469215,Medium
-70.73725833,-33.46970833,Medium
-70.73723833,-33.470215,Medium
-70.73719667,-33.47067,Medium
-70.73717667,-33.47104333,Medium
-70.73693,-33.47149167,Medium
-70.73663333,-33.47160667,Medium
-70.73631833,-33.47140667,Medium
-70.73587167,-33.47105667,Medium
-70.73539667,-33.470745,Medium
-70.73486833,-33.47044333,Medium
-70.73434833,-33.470175,Medium
-70.73384,-33.46988,Medium
-70.73348833,-33.46969333,Medium
-70.73318333,-33.46951,Medium
-70.73283833,-33.469295,Medium
-70.73237167,-33.469015,High
-70.73184167,-33.46870333,Medium
-70.73135167,-33.46843333,Medium
-70.73080667,-33.46811333,Medium
-70.73024167,-33.46780167,Medium
-70.72965667,-33.46748333,Medium
-70.72905833,-33.46717167,Medium
-70.72848167,-33.466845,High
-70.72792333,-33.46652833,High
-70.72736167,-33.46622667,High
-70.726935,-33.46601167,High
-70.726175,-33.46561667,Medium
-70.72574667,-33.46538167,Medium
-70.725275,-33.465105,Medium
-70.72474167,-33.464835,High
-70.72423833,-33.46458333,High
-70.72369167,-33.4643,High
-70.72317167,-33.46405167,High
-70.72272333,-33.46377667,High
-70.72217333,-33.46355833,High
-70.7216,-33.46330833,High
-70.72101333,-33.463045,High
-70.72039167,-33.46278667,High
-70.71976333,-33.46250333,High
-70.71919333,-33.46227,Medium
-70.71863833,-33.46201667,Medium
-70.718055,-33.461765,Medium
-70.71748167,-33.461515,Medium
-70.716925,-33.46127167,Medium
-70.71640333,-33.46102,Medium
-70.71585,-33.46077167,High
-70.715375,-33.46056833,High
-70.71487167,-33.46035333,High
-70.714485,-33.46019,High
-70.71406167,-33.46001333,High
-70.71365167,-33.459835,High
-70.71333667,-33.45969833,High
-70.71281167,-33.45946833,Medium
-70.71242,-33.45925667,Medium
-70.71206667,-33.45907833,Medium
-70.71188,-33.45943,Medium
-70.71185167,-33.45980833,Medium
-70.71181667,-33.460215,Medium
-70.71179167,-33.46058333,Medium
-70.71174667,-33.46096167,Medium
-70.71171,-33.46126167,Medium
-70.71167333,-33.461635,Medium
-70.71164833,-33.46196833,Medium
-70.71161167,-33.46231667,High
-70.71158,-33.46266167,High
-70.71154333,-33.46301667,High
-70.71150333,-33.46332167,High
-70.711455,-33.46367,High
-70.711445,-33.464105,High
-70.71139,-33.46453167,High
-70.71135167,-33.46490667,High
-70.71132667,-33.46517333,High
-70.7113,-33.465515,High
-70.71121167,-33.46593833,High
-70.71116167,-33.46641333,High
-70.71112833,-33.466785,High
-70.71089,-33.467375,High
-70.710555,-33.46722833,High
-70.71009667,-33.46699333,High
-70.70957167,-33.466735,High
-70.70912167,-33.46646667,High
-70.708715,-33.46625667,High
-70.708315,-33.466035,High
-70.70792,-33.46582667,High
-70.707615,-33.46569333,Medium
-70.70727667,-33.46557333,High
-70.706785,-33.46541,High
-70.70624167,-33.465205,High
-70.70574167,-33.46504,High
-70.70537833,-33.46491167,High
-70.70510667,-33.46512833,Medium
-70.70506333,-33.46544333,Medium
-70.58830174,-33.46583354,Medium
-70.57823958,-33.4686525,Medium
-70.57767333,-33.468865,Medium
-70.57558917,-33.4696325,Medium
-70.5690525,-33.47079083,Medium
-70.56495292,-33.47159875,Medium
-70.55594313,-33.47342625,Medium
-70.55732333,-33.47754292,Low
-70.55806111,-33.47957472,Medium
-70.55839437,-33.48403604,Medium
-70.55845389,-33.48600648,Medium
-70.54999132,-33.48888715,Medium
-70.53470236,-33.47778167,Low
-70.53295208,-33.50192292,Low
-70.53313542,-33.50187958,Low
-70.5332975,-33.50182208,Low
-70.53351625,-33.50176167,Low
-70.53435667,-33.50149833,Low
-70.534735,-33.50138417,Low
-70.535085,-33.50127583,Low
-70.53543667,-33.50116583,Low
-70.5358125,-33.50105333,Low
-70.53624417,-33.50100083,Low
-70.53645375,-33.50097917,Low
-70.53660792,-33.50099583,Low
-70.53680542,-33.50099958,Low
-70.5369625,-33.50102042,Low
-70.5371425,-33.5010175,Low
-70.53729833,-33.50103,Low
-70.53763385,-33.50098677,Low
-70.53754039,-33.50083044,Low
-70.53738125,-33.50038917,Low
-70.53732083,-33.5001525,Low
-70.53722458,-33.4999675,Low
-70.53714308,-33.49974367,Low
-70.537045,-33.49948917,Low
-70.53693,-33.49920167,Low
-70.5368275,-33.49891417,Low
-70.55209286,-33.50012655,Low
-70.55947417,-33.49899333,Medium
-70.57814583,-33.50036458,Medium
-70.57980292,-33.50157292,Medium
-70.58247292,-33.50105229,Medium
-70.58316188,-33.47940333,Medium
-70.58898833,-33.468705,Medium
-70.588805,-33.46784667,Medium
-70.588715,-33.467495,Medium
-70.58863833,-33.46720167,Medium
-70.58856167,-33.46688667,Medium
-70.58847833,-33.46661167,Medium
-70.58839,-33.46625167,Medium
-70.58785833,-33.46567667,Medium
-70.58756,-33.46571167,Medium
-70.58713333,-33.46577,Medium
-70.58662667,-33.46582,Medium
-70.58614,-33.465895,Medium
-70.58581833,-33.46594,Medium
-70.58543833,-33.46604167,Medium
-70.58500833,-33.46618667,Medium
-70.58456167,-33.46634667,Medium
-70.58409167,-33.466535,Medium
-70.583635,-33.46675167,Medium
-70.583195,-33.46691167,Medium
-70.58277167,-33.46704333,Medium
-70.58235667,-33.46719833,Medium
-70.581935,-33.46734,Medium
-70.58154,-33.46746667,Medium
-70.58112167,-33.467605,Medium
-70.580725,-33.467745,Medium
-70.58031333,-33.46787667,Medium
-70.57994333,-33.46801833,Medium
-70.57958,-33.46815667,Medium
-70.579235,-33.46828333,Medium
-70.57893167,-33.468395,Medium
-70.578665,-33.46848667,Medium
-70.57803333,-33.46872667,Medium
-70.577465,-33.46898,Medium
-70.57752667,-33.46930167,Medium
-70.57753667,-33.46972667,Medium
-70.57725833,-33.470035,Medium
-70.576955,-33.47020333,Medium
-70.57655667,-33.47031167,Medium
-70.57615833,-33.47026333,Medium
-70.57582167,-33.47006333,Medium
-70.57564833,-33.46979833,Medium
-70.57525167,-33.46955833,Medium
-70.57488167,-33.46963333,Medium
-70.57441167,-33.469705,Medium
-70.57392333,-33.469825,Medium
-70.573455,-33.46991,Medium
-70.57304,-33.46999667,Medium
-70.57264,-33.47009667,Medium
-70.572285,-33.470165,Medium
-70.57191667,-33.47024667,Medium
-70.57158,-33.47030667,Medium
-70.57121667,-33.47038333,Medium
-70.57081,-33.470455,Medium
-70.57040833,-33.47053333,Medium
-70.570035,-33.470615,Medium
-70.56971667,-33.47068167,Medium
-70.56941833,-33.47073167,Medium
-70.56887833,-33.47082667,Medium
-70.56849167,-33.47090667,Medium
-70.568105,-33.47098667,Medium
-70.56767333,-33.47106667,Medium
-70.56722667,-33.47115667,Medium
-70.56679167,-33.47122333,Medium
-70.56643167,-33.47129833,Medium
-70.56612333,-33.471355,Medium
-70.56575167,-33.47143,Medium
-70.565405,-33.47150667,Medium
-70.56473833,-33.47164333,Medium
-70.56440667,-33.471705,Medium
-70.56406,-33.47176667,Medium
-70.56356667,-33.471865,Medium
-70.56322833,-33.47193167,Medium
-70.56283167,-33.47200833,Medium
-70.5624,-33.47207833,Medium
-70.56193167,-33.47215833,Medium
-70.56146333,-33.47225333,Medium
-70.56096167,-33.47235333,Medium
-70.56048167,-33.47245,Medium
-70.56001667,-33.47254667,Medium
-70.55957833,-33.47263,Medium
-70.55910333,-33.47275667,Medium
-70.55866667,-33.47284833,Medium
-70.55827,-33.472915,Medium
-70.557885,-33.472995,Medium
-70.55746833,-33.47309333,Medium
-70.557075,-33.47317833,Medium
-70.55671167,-33.47324833,Medium
-70.55637667,-33.473325,Medium
-70.555775,-33.47345,Medium
-70.555295,-33.47356833,Medium
-70.55538167,-33.47391333,Medium
-70.555505,-33.474225,Medium
-70.555635,-33.47456,Medium
-70.55576333,-33.474915,Medium
-70.55592333,-33.475265,Medium
-70.55609,-33.47561333,Medium
-70.556295,-33.47598833,Medium
-70.55650667,-33.47631333,Medium
-70.55671667,-33.47664833,Low
-70.55692333,-33.47695333,Low
-70.55711333,-33.47724,Medium
-70.55753167,-33.47788333,Low
-70.55771833,-33.47816333,Low
-70.55789,-33.47848,Low
-70.55802333,-33.47881333,Low
-70.55805333,-33.47912833,Low
-70.558045,-33.479395,Medium
-70.55807,-33.479795,Medium
-70.55808333,-33.480085,Medium
-70.55810833,-33.48043,Medium
-70.55812833,-33.48079833,Medium
-70.55816333,-33.48114667,Medium
-70.55819667,-33.48147333,Medium
-70.55822833,-33.48176667,Medium
-70.55826333,-33.48207,Medium
-70.55828833,-33.48235,Medium
-70.558305,-33.48266333,Medium
-70.55833167,-33.48298167,Medium
-70.55833667,-33.48333,Medium
-70.55836,-33.48368,Medium
-70.558405,-33.48431833,Medium
-70.55840667,-33.48458,Medium
-70.55843167,-33.48485333,Medium
-70.55844667,-33.48520833,Medium
-70.55845667,-33.48557667,Medium
-70.55844167,-33.4862,Medium
-70.55814,-33.48638167,Medium
-70.55781667,-33.48647333,Medium
-70.55749667,-33.48658,Medium
-70.557135,-33.486695,Medium
-70.55673167,-33.48682167,Medium
-70.55632833,-33.48694167,Medium
-70.555925,-33.48706,Medium
-70.55544833,-33.48719833,Medium
-70.55500833,-33.48734,Medium
-70.55454333,-33.48748167,Medium
-70.55412333,-33.48762167,Medium
-70.55368,-33.48775833,Medium
-70.553215,-33.48789,Medium
-70.552755,-33.48803167,Medium
-70.5523,-33.48817333,Low
-70.55185667,-33.48834,Low
-70.55142,-33.48845333,Medium
-70.55101,-33.48856833,Medium
-70.55059,-33.48869,Medium
-70.55020667,-33.48880833,Medium
-70.549665,-33.48896667,Medium
-70.5494,-33.48877167,Medium
-70.54917667,-33.48852333,Medium
-70.54900333,-33.48817333,Medium
-70.54892833,-33.487745,Medium
-70.548825,-33.487315,Low
-70.54873667,-33.48689167,Low
-70.54864,-33.48647,Low
-70.54851167,-33.48607167,Medium
-70.54833333,-33.485705,Medium
-70.54811333,-33.48535333,Medium
-70.54782833,-33.48501833,Medium
-70.54757,-33.48468333,Medium
-70.5473,-33.484375,Medium
-70.547065,-33.48407333,Medium
-70.54685167,-33.48381333,Medium
-70.54661833,-33.48353333,Medium
-70.54642,-33.483285,Medium
-70.54616833,-33.48295833,Medium
-70.54591333,-33.48262667,Medium
-70.54576833,-33.48223167,Medium
-70.54565833,-33.48182,Medium
-70.54556167,-33.48144667,Medium
-70.54547,-33.481065,Medium
-70.54537333,-33.48068,Medium
-70.54528,-33.48029167,Medium
-70.54517,-33.47990833,Medium
-70.54505,-33.47956,Medium
-70.54494833,-33.47927667,Medium
-70.54480167,-33.47898833,Low
-70.544645,-33.47868333,Low
-70.54446833,-33.47837667,Low
-70.544275,-33.47806667,Low
-70.54407167,-33.47775333,Low
-70.54387667,-33.47743,Low
-70.54368333,-33.47712333,Low
-70.54349,-33.47682333,Low
-70.54329833,-33.47651667,Low
-70.54311333,-33.47623167,Medium
-70.542755,-33.47613333,Medium
-70.54243833,-33.47619333,Medium
-70.54207333,-33.47626833,Medium
-70.54168667,-33.47634167,Low
-70.541285,-33.47642,Low
-70.540885,-33.47650667,Low
-70.54048833,-33.4766,Low
-70.54008333,-33.476685,Low
-70.53966333,-33.47676667,Low
-70.53922667,-33.476835,Low
-70.53884833,-33.47691833,Low
-70.53844333,-33.47700833,Low
-70.538025,-33.477085,Low
-70.537635,-33.477165,Low
-70.53729,-33.47723833,Low
-70.53696833,-33.4773,Low
-70.536595,-33.47736333,Low
-70.53612167,-33.47747333,Low
-70.535755,-33.47754333,Low
-70.535295,-33.47765,Low
-70.53484833,-33.477745,Low
-70.53424833,-33.47787833,Low
-70.53388333,-33.47795333,Low
-70.53350667,-33.47802333,Low
-70.53316167,-33.47808667,Low
-70.53282,-33.478145,Low
-70.53249333,-33.47821667,Low
-70.53216,-33.47828667,Medium
-70.53182333,-33.47835,Medium
-70.53147667,-33.478425,Medium
-70.53115333,-33.47848667,Medium
-70.53084667,-33.47854667,Low
-70.53053833,-33.47860333,Low
-70.53018167,-33.47867833,Low
-70.529845,-33.47874333,Low
-70.529525,-33.47881167,Low
-70.52922333,-33.478875,Low
-70.52892833,-33.47893667,Low
-70.52851833,-33.47900833,Low
-70.52815167,-33.47908333,Low
-70.52784333,-33.47915167,Low
-70.52753833,-33.47922,Low
-70.52722667,-33.479275,Low
-70.52688667,-33.47934167,Low
-70.52659667,-33.47940333,Low
-70.52628167,-33.47946167,Low
-70.52597333,-33.47951833,Low
-70.52567667,-33.47957667,Low
-70.52539333,-33.47963333,Low
-70.525085,-33.479695,Low
-70.52477833,-33.47976333,Low
-70.52436,-33.47987333,Low
-70.52418667,-33.480155,Low
-70.524055,-33.48045333,Low
-70.5239,-33.48077833,Low
-70.52377,-33.481045,Low
-70.52363167,-33.48131,Low
-70.52348667,-33.481585,Low
-70.52331333,-33.48194333,Low
-70.52314667,-33.48228333,Low
-70.52299167,-33.48260167,Low
-70.52283833,-33.482915,Low
-70.52269833,-33.48319667,Low
-70.52254833,-33.48349667,Low
-70.522395,-33.48381333,Low
-70.52223667,-33.48416833,Low
-70.522045,-33.48454167,Low
-70.52185833,-33.48491333,Low
-70.52171167,-33.485255,Low
-70.52152667,-33.485585,Low
-70.52136833,-33.48586833,Low
-70.52116167,-33.48609,Low
-70.52099833,-33.48637,Low
-70.52087,-33.48663,Low
-70.52074667,-33.48688833,Low
-70.52062833,-33.48713833,Low
-70.52051667,-33.487375,Low
-70.52037833,-33.48765167,Low
-70.52025167,-33.48790333,Low
-70.52007167,-33.48828167,Low
-70.51993,-33.48858,Low
-70.51979833,-33.48884833,Low
-70.51967,-33.48911333,Low
-70.51953333,-33.48939,Low
-70.51942833,-33.489665,Low
-70.51929,-33.48996,Low
-70.519155,-33.49024167,Low
-70.51899667,-33.49049167,Low
-70.51886,-33.49074,Low
-70.518755,-33.49099667,Low
-70.51862667,-33.491275,Low
-70.51851833,-33.49158167,Low
-70.51844667,-33.491915,Low
-70.51838833,-33.49227167,Low
-70.51834333,-33.49261333,Low
-70.51834333,-33.492915,Low
-70.51839167,-33.49317167,Low
-70.51847167,-33.493455,Low
-70.51855,-33.49374667,Low
-70.51864667,-33.49407167,Low
-70.51876,-33.49444167,Low
-70.51883333,-33.49479333,Low
-70.518915,-33.49515667,Low
-70.51897167,-33.495515,Low
-70.51904667,-33.49585667,Low
-70.51910833,-33.49616333,Low
-70.51916833,-33.49647167,Low
-70.51923333,-33.49679833,Low
-70.51927333,-33.49710667,Low
-70.51930333,-33.49744333,Low
-70.51932167,-33.49778667,Low
-70.51935,-33.49807167,Low
-70.51954667,-33.49835167,Low
-70.51989667,-33.49825667,Low
-70.52031667,-33.49809833,Low
-70.52076167,-33.497965,Low
-70.52123,-33.49780167,Low
-70.52173333,-33.497635,Low
-70.52222333,-33.49749333,Low
-70.52270833,-33.49735167,Low
-70.5231,-33.49722,Low
-70.52347667,-33.49709667,Low
-70.52388,-33.496985,Low
-70.52426167,-33.496865,Low
-70.524705,-33.49671667,Low
-70.52521667,-33.49658333,Low
-70.525745,-33.49641833,Low
-70.52622167,-33.49626167,Low
-70.52664,-33.496135,Low
-70.52694167,-33.49607833,Low
-70.52687167,-33.496355,Low
-70.52676333,-33.49660333,Low
-70.526645,-33.49686833,Low
-70.52651833,-33.497155,Low
-70.52637833,-33.49742833,Low
-70.526285,-33.497705,Low
-70.52626833,-33.498025,Low
-70.52635667,-33.49835333,Low
-70.52645167,-33.49864167,Low
-70.526565,-33.49891333,Low
-70.52667167,-33.49922333,Low
-70.52678833,-33.49955667,Low
-70.52690667,-33.49987833,Low
-70.52705833,-33.50019167,Low
-70.5272,-33.50050833,Low
-70.52737167,-33.50082,Low
-70.52767833,-33.50098333,Low
-70.52801667,-33.501155,Low
-70.528395,-33.50134167,Low
-70.52879167,-33.501535,Low
-70.52921667,-33.50175,Low
-70.52964167,-33.50192667,Low
-70.53003167,-33.502085,Low
-70.530395,-33.50227667,Low
-70.53070167,-33.50239167,Low
-70.53109667,-33.50243833,Low
-70.53156167,-33.50235167,Low
-70.53193333,-33.50223167,Low
-70.53227833,-33.50212,Low
-70.53261833,-33.50202,Low
-70.53612,-33.50097167,Low
-70.53748833,-33.50051167,Low
-70.532795,-33.501875,Low
-70.53269,-33.50159167,Low
-70.53256,-33.50123,Low
-70.53244167,-33.500905,Low
-70.53229667,-33.50052833,Low
-70.53213333,-33.50016333,Low
-70.53200167,-33.49976667,Low
-70.53187167,-33.49946667,Low
-70.531775,-33.49917,Low
-70.531615,-33.49879333,Low
-70.53146167,-33.49838333,Low
-70.53133,-33.49803667,Low
-70.53119,-33.497755,Low
-70.531075,-33.49740833,Low
-70.53093,-33.49701333,Low
-70.53077333,-33.49664333,Low
-70.53065667,-33.49632667,Low
-70.53054,-33.49603,Low
-70.53040333,-33.49566833,Low
-70.530275,-33.495305,Low
-70.530195,-33.4951,Low
-70.53045833,-33.49495833,Low
-70.53088667,-33.49481667,Low
-70.53132333,-33.49467333,Low
-70.53179833,-33.49452,Low
-70.53221833,-33.49438,Low
-70.53255833,-33.494275,Low
-70.53300833,-33.494145,Low
-70.533505,-33.49398833,Low
-70.53402333,-33.49384167,Low
-70.53456667,-33.49366,Low
-70.53498833,-33.49352167,Low
-70.53534667,-33.493415,Low
-70.53579667,-33.493285,Low
-70.53631667,-33.493125,Low
-70.5369,-33.49292167,Low
-70.53755667,-33.49272667,Low
-70.538045,-33.49256167,Low
-70.53839833,-33.49246167,Low
-70.53878167,-33.49225167,Low
-70.539345,-33.49206167,Low
-70.53995667,-33.491855,Low
-70.54048167,-33.491705,Low
-70.540815,-33.49161333,Low
-70.54106,-33.49183,Low
-70.54121333,-33.49216167,Low
-70.541435,-33.49257833,Low
-70.54163833,-33.493045,Low
-70.54186333,-33.493555,Low
-70.54204333,-33.49406167,Low
-70.54213333,-33.49464167,Low
-70.54220833,-33.49519833,Low
-70.54229167,-33.49574,Low
-70.54241667,-33.49620667,Low
-70.54250333,-33.49650667,Low
-70.54259,-33.49677833,Low
-70.542685,-33.49703833,Low
-70.54279167,-33.49739833,Low
-70.54290833,-33.497825,Low
-70.54302167,-33.498295,Low
-70.54312667,-33.49883167,Low
-70.543275,-33.49937333,Low
-70.54334667,-33.49995333,Low
-70.54337167,-33.50049833,Low
-70.54345833,-33.50094167,Low
-70.54352667,-33.50125333,Low
-70.54393,-33.501235,Low
-70.544315,-33.50117333,Low
-70.54469833,-33.50112,Low
-70.54510167,-33.50106,Low
-70.54555667,-33.50100167,Low
-70.54595833,-33.50094,Low
-70.54634,-33.5009,Low
-70.54673667,-33.500845,Low
-70.54710667,-33.50080167,Low
-70.54749333,-33.50074333,Low
-70.547895,-33.50069167,Low
-70.548295,-33.50064833,Low
-70.54871167,-33.50061167,Low
-70.54914,-33.50052167,Low
-70.54962167,-33.50047667,Low
-70.55007333,-33.50041333,Low
-70.55056667,-33.50036,Low
-70.551015,-33.50026667,Low
-70.55145833,-33.50022,Low
-70.551815,-33.50017667,Low
-70.552545,-33.50004667,Low
-70.55298167,-33.49993667,Low
-70.55347833,-33.49979167,Low
-70.553975,-33.49970833,Low
-70.55445167,-33.49965333,Low
-70.55486,-33.49961167,Low
-70.55572167,-33.49947333,Low
-70.55617167,-33.49941333,Low
-70.55669,-33.49935,Low
-70.55721833,-33.49928333,Low
-70.55773,-33.499225,Low
-70.55824333,-33.49916333,Low
-70.55874333,-33.49909333,Low
-70.55915167,-33.49904167,Medium
-70.55962667,-33.49897333,Medium
-70.560045,-33.49893167,Medium
-70.56036667,-33.49893,Medium
-70.56073167,-33.49892,Medium
-70.56116333,-33.49888333,Medium
-70.56161833,-33.49880667,Medium
-70.56205167,-33.49874833,Medium
-70.56251167,-33.49869,Medium
-70.56295167,-33.498655,Medium
-70.56338333,-33.498605,Medium
-70.563775,-33.498565,Medium
-70.56419,-33.498515,Low
-70.56461833,-33.49845667,Low
-70.56509167,-33.49837833,Low
-70.56553167,-33.49832333,Low
-70.56599167,-33.49828833,Low
-70.56647333,-33.49822333,Low
-70.56695167,-33.49813833,Low
-70.56742333,-33.498,Low
-70.56786833,-33.497835,Medium
-70.56829333,-33.49767667,Medium
-70.56870333,-33.49752333,Medium
-70.569145,-33.497365,Medium
-70.5696,-33.49721333,Medium
-70.57004333,-33.49706833,Medium
-70.57045,-33.49689667,Medium
-70.570865,-33.49674333,Medium
-70.57122167,-33.496655,Medium
-70.57147833,-33.49649167,Medium
-70.57173167,-33.496695,Medium
-70.57195,-33.49698167,Medium
-70.57215667,-33.49726333,Medium
-70.57243333,-33.49746667,Low
-70.572765,-33.49738833,Low
-70.57311333,-33.49759333,Low
-70.573325,-33.49788,Low
-70.573555,-33.49821833,Medium
-70.57377833,-33.49853333,Medium
-70.57396833,-33.49883833,Medium
-70.574175,-33.49913833,Medium
-70.57438667,-33.49944,Medium
-70.574575,-33.49971333,Medium
-70.57498,-33.49968,Medium
-70.57531833,-33.499625,Medium
-70.57566167,-33.49955833,Medium
-70.57610667,-33.49948333,Medium
-70.57654167,-33.49939333,Medium
-70.576895,-33.49933333,Medium
-70.57721667,-33.49928167,Medium
-70.577565,-33.49922333,Medium
-70.57775667,-33.49940833,Medium
-70.57795,-33.49985167,Medium
-70.57805667,-33.50012333,Medium
-70.57825667,-33.500685,Medium
-70.578345,-33.50094667,Medium
-70.57839167,-33.50135667,Medium
-70.57841833,-33.50169667,Medium
-70.57863667,-33.50182833,Medium
-70.57911833,-33.50170167,Medium
-70.57940667,-33.501645,Medium
-70.58011667,-33.50152667,Medium
-70.58048833,-33.50145833,Medium
-70.580965,-33.50135167,Medium
-70.581435,-33.50127167,Medium
-70.58189833,-33.50117833,Medium
-70.58228333,-33.50110667,Medium
-70.582805,-33.50099333,Medium
-70.58319833,-33.50092333,Medium
-70.58359833,-33.50084333,Medium
-70.583965,-33.50077333,Medium
-70.584345,-33.500705,Medium
-70.58475,-33.50063833,Medium
-70.585145,-33.50056167,Medium
-70.58562667,-33.50046667,Medium
-70.58605,-33.50038333,Medium
-70.58623,-33.500085,Medium
-70.58625,-33.49978167,Medium
-70.5864,-33.49947,Medium
-70.58622,-33.49913667,Medium
-70.58598833,-33.49880667,Medium
-70.58574667,-33.49844,Medium
-70.58552667,-33.49807,Medium
-70.58526833,-33.49766667,Medium
-70.58501167,-33.49724333,Medium
-70.58474167,-33.49682667,Medium
-70.5845,-33.49641667,Medium
-70.584255,-33.496045,Medium
-70.58401667,-33.49564667,Medium
-70.58377333,-33.49525333,Medium
-70.58351333,-33.49487167,Medium
-70.583285,-33.49449667,Medium
-70.58305833,-33.49413167,Medium
-70.58286333,-33.49381,Medium
-70.58266833,-33.4935,Medium
-70.58251167,-33.49322333,Medium
-70.58232833,-33.49288167,Medium
-70.58208833,-33.49254,Medium
-70.581865,-33.49219,Medium
-70.58164333,-33.49183667,Medium
-70.58143667,-33.49148833,Medium
-70.58122,-33.49116,Medium
-70.58101333,-33.49085333,Medium
-70.58083333,-33.490565,Medium
-70.58063667,-33.49031833,Medium
-70.58022333,-33.49011167,Medium
-70.579865,-33.48999167,Medium
-70.57952167,-33.48976333,Medium
-70.57928167,-33.48942167,Medium
-70.57923333,-33.48902167,Medium
-70.57931167,-33.48862333,Medium
-70.579575,-33.488275,Medium
-70.57998333,-33.48804333,Medium
-70.58043833,-33.48795,Medium
-70.58086,-33.48802667,Medium
-70.581255,-33.488195,Medium
-70.58157833,-33.48842,Medium
-70.581965,-33.48843,Medium
-70.58238333,-33.48827333,Medium
-70.58278333,-33.48814667,Medium
-70.58320167,-33.48799833,Medium
-70.58364,-33.48784,Medium
-70.58409167,-33.48767167,Medium
-70.58454167,-33.48752167,Medium
-70.58494667,-33.48733,Medium
-70.58529833,-33.487085,Medium
-70.58558667,-33.486875,Medium
-70.58564667,-33.48655833,Medium
-70.58553667,-33.48629333,Medium
-70.58544333,-33.486025,Medium
-70.58535667,-33.48575,Medium
-70.58522167,-33.485375,Medium
-70.58509833,-33.48504333,Medium
-70.58500167,-33.48479,Medium
-70.58489667,-33.48447,Medium
-70.58478167,-33.48412833,Medium
-70.58466167,-33.48381667,Medium
-70.58455,-33.483505,Medium
-70.58444667,-33.48318667,Medium
-70.58435,-33.48291333,Medium
-70.58424667,-33.48261667,Medium
-70.58415833,-33.48234667,Medium
-70.58403667,-33.48197,Medium
-70.58393833,-33.48168167,Medium
-70.58383667,-33.48135667,Medium
-70.58373167,-33.481035,Medium
-70.583615,-33.48070167,Medium
-70.58349667,-33.48036333,Medium
-70.58337833,-33.48003833,Medium
-70.58328,-33.47974333,Medium
-70.58311333,-33.479255,Medium
-70.58324,-33.47898667,Medium
-70.58344333,-33.47873833,Medium
-70.58369,-33.47848333,Medium
-70.58395,-33.47823,Medium
-70.58418333,-33.477995,Medium
-70.584415,-33.47775167,Medium
-70.58461167,-33.47755333,Medium
-70.58484333,-33.47732333,Medium
-70.58506167,-33.47709667,Medium
-70.58525833,-33.47690333,Medium
-70.58544667,-33.47672333,Medium
-70.58572333,-33.47645,Medium
-70.58605,-33.47612333,Medium
-70.58623333,-33.47590333,Medium
-70.58641833,-33.475665,Medium
-70.586545,-33.47540667,Medium
-70.58671667,-33.47510667,Medium
-70.586915,-33.47475667,Medium
-70.58709,-33.47444667,Medium
-70.58697667,-33.47412667,Medium
-70.586865,-33.47389833,Medium
-70.58688,-33.47361,Medium
-70.58709667,-33.47334,Medium
-70.58745833,-33.473175,Medium
-70.58788667,-33.47314833,Medium
-70.58829833,-33.47319667,Medium
-70.58866333,-33.47317667,Medium
-70.58892833,-33.472965,Medium
-70.58918333,-33.47269833,Medium
-70.58944833,-33.47239333,Medium
-70.58971833,-33.47206667,Medium
-70.58999667,-33.47174833,Medium
-70.59025167,-33.47144667,Medium
-70.59032667,-33.47117333,Medium
-70.59002667,-33.470985,Medium
-70.58964,-33.47073167,Medium
-70.58946167,-33.47049167,Medium
-70.58935667,-33.47014167,Medium
-70.58928333,-33.469865,Medium
-70.589205,-33.46956833,Medium
-70.58913333,-33.46928,Medium
-70.58905667,-33.46895667,Medium
-70.53372611,-33.50168778,Low
-70.53403417,-33.50159167,Low
-70.53454583,-33.50143167,Low
-70.53491917,-33.5013275,Low
-70.53523167,-33.50123167,Low
-70.53564,-33.5011,Low
-70.5359875,-33.501015,Low
-70.53698667,-33.4993525,Low
-70.53687917,-33.4990475,Low
-70.55527,-33.49953889,Low
-70.58885333,-33.468045,Medium
-70.58874667,-33.46762,Medium
-70.58867667,-33.46735167,Medium
-70.5886,-33.46704,Medium
-70.58852,-33.46674333,Medium
-70.58844833,-33.46648667,Medium
-70.588345,-33.46604167,Medium
-70.58813,-33.46563833,Medium
-70.58770667,-33.465695,Medium
-70.58741333,-33.46572667,Medium
-70.586865,-33.4658,Medium
-70.58640833,-33.46585833,Medium
-70.58599,-33.46591833,Medium
-70.58563167,-33.46598167,Medium
-70.58523167,-33.46611167,Medium
-70.58479667,-33.46627833,Medium
-70.58433,-33.466435,Medium
-70.58384333,-33.46663667,Medium
-70.58340833,-33.46681833,Medium
-70.582985,-33.46696333,Medium
-70.58257667,-33.46713167,Medium
-70.58215833,-33.46728,Medium
-70.58172833,-33.46740333,Medium
-70.58132167,-33.46753333,Medium
-70.58092,-33.46767333,Medium
-70.580535,-33.46781667,Medium
-70.580135,-33.46794833,Medium
-70.57975833,-33.46808833,Medium
-70.57940667,-33.46822167,Medium
-70.57907667,-33.46834167,Medium
-70.57879333,-33.46844167,Medium
-70.57843667,-33.46857833,Medium
-70.577795,-33.46881667,Medium
-70.57747833,-33.46918167,Medium
-70.57757333,-33.46951167,Medium
-70.57736833,-33.46993333,Medium
-70.57712167,-33.470125,Medium
-70.576765,-33.47027833,Medium
-70.57635167,-33.47030167,Medium
-70.57598167,-33.47017333,Medium
-70.57571,-33.46993,Medium
-70.57549667,-33.46956167,Medium
-70.57508,-33.46959167,Medium
-70.57465333,-33.46966833,Medium
-70.57416667,-33.469775,Medium
-70.57369333,-33.46989667,Medium
-70.57324167,-33.46995333,Medium
-70.57283,-33.47005,Medium
-70.57245333,-33.47013333,Medium
-70.57213167,-33.470195,Medium
-70.571755,-33.47027667,Medium
-70.571405,-33.47034667,Medium
-70.57101667,-33.470415,Medium
-70.57060833,-33.47049167,Medium
-70.57021667,-33.470575,Medium
-70.56987167,-33.47065167,Medium
-70.569565,-33.47070667,Medium
-70.569225,-33.47075833,Medium
-70.56865833,-33.470875,Medium
-70.56830667,-33.470945,Medium
-70.56790333,-33.47102333,Medium
-70.56744667,-33.47110667,Medium
-70.56700167,-33.47118833,Medium
-70.566595,-33.47126167,Medium
-70.56626833,-33.47132667,Medium
-70.56592,-33.47138667,Medium
-70.56557,-33.47147,Medium
-70.56519833,-33.47155,Medium
-70.56458167,-33.47167333,Medium
-70.56422,-33.47173833,Medium
-70.56380667,-33.471815,Medium
-70.56340333,-33.47189667,Medium
-70.563035,-33.47196833,Medium
-70.56261833,-33.472045,Medium
-70.562175,-33.47210333,Medium
-70.561705,-33.47219333,Medium
-70.56121,-33.47230333,Medium
-70.56071833,-33.472405,Medium
-70.56027333,-33.47249667,Medium
-70.55980333,-33.47259667,Medium
-70.55934167,-33.47270167,Medium
-70.55888333,-33.47280833,Medium
-70.55846333,-33.47287833,Medium
-70.55807833,-33.47295333,Medium
-70.55768333,-33.47303667,Medium
-70.55728,-33.473135,Medium
-70.55689,-33.47321167,Medium
-70.55653667,-33.47328833,Medium
-70.55623833,-33.47336333,Medium
-70.55553333,-33.4735,Medium
-70.55529167,-33.47371,Medium
-70.55544333,-33.47406667,Medium
-70.55557,-33.47439,Medium
-70.55570167,-33.47473333,Medium
-70.55586167,-33.47508833,Medium
-70.55601,-33.47544167,Medium
-70.55622,-33.475795,Medium
-70.55638833,-33.47617333,Medium
-70.55662,-33.476485,Low
-70.556825,-33.47680167,Low
-70.55702333,-33.47709667,Medium
-70.55719,-33.47737,Low
-70.55745333,-33.477765,Low
-70.55762833,-33.47801833,Low
-70.55780167,-33.47832,Medium
-70.55797,-33.47864333,Low
-70.558045,-33.47897667,Low
-70.55805333,-33.47927167,Medium
-70.558075,-33.47993167,Medium
-70.55809667,-33.48025333,Medium
-70.55811167,-33.48061333,Medium
-70.55814,-33.48097833,Medium
-70.55818,-33.48131167,Medium
-70.55821,-33.48162667,Medium
-70.55824333,-33.48189833,Medium
-70.558285,-33.48222667,Medium
-70.55829667,-33.482525,Medium
-70.55832,-33.482815,Medium
-70.55833667,-33.48315167,Medium
-70.55834667,-33.48350333,Medium
-70.558375,-33.48383833,Medium
-70.55840333,-33.48444333,Medium
-70.55842,-33.48471667,Medium
-70.55843667,-33.48497833,Medium
-70.55845167,-33.48543333,Medium
-70.55844667,-33.48576,Medium
-70.55829833,-33.486325,Medium
-70.557975,-33.48643,Medium
-70.55766167,-33.48652167,Medium
-70.55731667,-33.48663833,Medium
-70.55694333,-33.486755,Medium
-70.55652667,-33.48687833,Medium
-70.556135,-33.48700667,Medium
-70.555695,-33.487135,Medium
-70.55524,-33.48725667,Medium
-70.55478333,-33.48741333,Medium
-70.55434333,-33.48755333,Medium
-70.55388333,-33.48770333,Medium
-70.55344,-33.48782833,Medium
-70.55299667,-33.48795667,Medium
-70.55252667,-33.48810667,Medium
-70.55207833,-33.48826,Low
-70.551635,-33.48839833,Low
-70.55120833,-33.488525,Medium
-70.55079667,-33.48862167,Medium
-70.550415,-33.48874333,Medium
-70.54988833,-33.48894333,Medium
-70.54950333,-33.48887167,Medium
-70.54929333,-33.48865833,Medium
-70.549075,-33.48836333,Medium
-70.54895833,-33.48795667,Medium
-70.548885,-33.487525,Medium
-70.54878167,-33.48710167,Low
-70.548685,-33.48667833,Low
-70.548575,-33.486275,Medium
-70.548435,-33.48588833,Medium
-70.54821333,-33.48552833,Medium
-70.54797333,-33.48519,Medium
-70.54769333,-33.484845,Medium
-70.54743,-33.484525,Medium
-70.54717833,-33.484215,Medium
-70.546965,-33.48394833,Medium
-70.54673,-33.48367667,Medium
-70.54653,-33.48342,Medium
-70.54629833,-33.48313833,Medium
-70.546045,-33.48279333,Medium
-70.54584,-33.48242833,Medium
-70.545725,-33.48202833,Medium
-70.54560833,-33.48163167,Medium
-70.54551333,-33.48125,Medium
-70.54542333,-33.48086833,Medium
-70.54533167,-33.48049,Medium
-70.54524,-33.4801,Medium
-70.54511333,-33.47973,Medium
-70.54500667,-33.47941167,Medium
-70.54487333,-33.47913833,Low
-70.54473,-33.47883333,Low
-70.54455667,-33.47853,Low
-70.54437333,-33.47822167,Low
-70.54417167,-33.47791333,Low
-70.54397167,-33.47759,Low
-70.54377667,-33.477275,Low
-70.54358833,-33.476975,Low
-70.54339333,-33.47667167,Low
-70.54319833,-33.47636833,Medium
-70.54299667,-33.4761,Medium
-70.54260167,-33.476165,Medium
-70.54226167,-33.47623,Medium
-70.54188333,-33.476305,Low
-70.541485,-33.47638,Low
-70.54108333,-33.47646333,Low
-70.540685,-33.47655333,Low
-70.54029,-33.476645,Low
-70.539875,-33.47672333,Low
-70.53943167,-33.476785,Low
-70.53903333,-33.47687333,Low
-70.53865333,-33.476965,Low
-70.53823,-33.47704667,Low
-70.53783333,-33.47712833,Low
-70.53745833,-33.47720167,Low
-70.53712667,-33.477275,Low
-70.53682667,-33.47732167,Low
-70.53637833,-33.47742167,Low
-70.53591167,-33.47751333,Low
-70.53553833,-33.47759167,Low
-70.53509333,-33.47769333,Low
-70.53441,-33.477845,Low
-70.53406667,-33.47791667,Low
-70.53369333,-33.47799,Low
-70.53332667,-33.47805667,Low
-70.53299,-33.47811667,Low
-70.53264833,-33.47818167,Low
-70.53232667,-33.478255,Low
-70.53199333,-33.478315,Medium
-70.53164833,-33.478385,Medium
-70.53131,-33.47846,Medium
-70.53099667,-33.47851333,Medium
-70.530695,-33.47857833,Low
-70.53036,-33.478645,Low
-70.530005,-33.47871167,Low
-70.52968333,-33.47877667,Low
-70.52937167,-33.47884333,Low
-70.52907333,-33.47890667,Low
-70.528715,-33.47898,Low
-70.52834667,-33.47904167,Low
-70.528005,-33.47911333,Low
-70.52768333,-33.47919167,Low
-70.52738667,-33.47924667,Low
-70.52705167,-33.47930833,Low
-70.52673667,-33.479375,Low
-70.52644167,-33.47943167,Low
-70.526125,-33.47948833,Low
-70.52582167,-33.47954833,Low
-70.525535,-33.47960667,Low
-70.52524167,-33.47966333,Low
-70.52492833,-33.47973,Low
-70.52457667,-33.47981167,Low
-70.52424,-33.48002833,Low
-70.524125,-33.48029833,Low
-70.52397833,-33.48061833,Low
-70.52383,-33.48092333,Low
-70.52369333,-33.48120167,Low
-70.52356167,-33.48144,Low
-70.523405,-33.48175667,Low
-70.52323,-33.48212,Low
-70.52307333,-33.48244167,Low
-70.52291,-33.48276,Low
-70.52276833,-33.48305667,Low
-70.522625,-33.483345,Low
-70.52247167,-33.48364833,Low
-70.522315,-33.48398,Low
-70.52214,-33.48435,Low
-70.52195667,-33.48472833,Low
-70.52179167,-33.48509167,Low
-70.52160833,-33.48543,Low
-70.52145167,-33.48573333,Low
-70.52126333,-33.48598667,Low
-70.521055,-33.48624833,Low
-70.52093333,-33.48649833,Low
-70.52080833,-33.48676,Low
-70.52068667,-33.487015,Low
-70.52057333,-33.48725667,Low
-70.52045833,-33.48748833,Low
-70.52031167,-33.48778,Low
-70.52015833,-33.48810333,Low
-70.51999333,-33.48845,Low
-70.51986,-33.488715,Low
-70.51973333,-33.48898,Low
-70.51960167,-33.48925167,Low
-70.51947833,-33.48953,Low
-70.51937167,-33.48978667,Low
-70.51923833,-33.49008333,Low
-70.51907667,-33.49036,Low
-70.51892333,-33.49061833,Low
-70.51881167,-33.49086667,Low
-70.518695,-33.491135,Low
-70.51856833,-33.49142167,Low
-70.51848333,-33.49174333,Low
-70.518415,-33.49209167,Low
-70.51836667,-33.49244667,Low
-70.51833833,-33.49276667,Low
-70.51836167,-33.49304333,Low
-70.51842833,-33.49331333,Low
-70.51851333,-33.493595,Low
-70.51859833,-33.49390667,Low
-70.518715,-33.494265,Low
-70.518795,-33.49461833,Low
-70.518875,-33.494975,Low
-70.518945,-33.495335,Low
-70.51902,-33.495695,Low
-70.51907,-33.496015,Low
-70.51914167,-33.49631167,Low
-70.51920167,-33.49663167,Low
-70.51925833,-33.49695167,Low
-70.51928833,-33.49727167,Low
-70.519315,-33.49761833,Low
-70.51932333,-33.49793833,Low
-70.51943167,-33.49823833,Low
-70.51972667,-33.49831833,Low
-70.52008167,-33.49817333,Low
-70.52054,-33.49802667,Low
-70.52099167,-33.497875,Low
-70.52149167,-33.49772667,Low
-70.52198833,-33.49756833,Low
-70.52247333,-33.49740167,Low
-70.52292333,-33.49728333,Low
-70.52327667,-33.497155,Low
-70.52367167,-33.497045,Low
-70.52405833,-33.49693,Low
-70.52449,-33.49678167,Low
-70.52494833,-33.496655,Low
-70.52546667,-33.49649333,Low
-70.52599,-33.49633667,Low
-70.526435,-33.496205,Low
-70.52682833,-33.496075,Low
-70.52693667,-33.49624333,Low
-70.52680833,-33.49647167,Low
-70.52670667,-33.49673667,Low
-70.526585,-33.49701,Low
-70.526445,-33.4973,Low
-70.52633167,-33.49755833,Low
-70.52626,-33.49786167,Low
-70.526305,-33.49819167,Low
-70.52640333,-33.4985,Low
-70.52651,-33.498775,Low
-70.52661667,-33.49906333,Low
-70.526735,-33.49939,Low
-70.526845,-33.49972,Low
-70.52697833,-33.50003667,Low
-70.52712833,-33.50035,Low
-70.52726333,-33.50064667,Low
-70.527535,-33.50091167,Low
-70.52784167,-33.501065,Low
-70.52820333,-33.50126,Low
-70.52858,-33.50144667,Low
-70.528995,-33.50165167,Low
-70.52943667,-33.50184,Low
-70.52983167,-33.50200167,Low
-70.530215,-33.50218667,Low
-70.53053833,-33.50233833,Low
-70.53088833,-33.50243167,Low
-70.53132667,-33.502425,Low
-70.53176333,-33.50228667,Low
-70.53212167,-33.50216833,Low
-70.53245167,-33.50206833,Low
-70.53277833,-33.50197333,Low
-70.537455,-33.500635,Low
-70.53677833,-33.49873,Low
-70.53754833,-33.50069833,Low
-70.53274667,-33.50174667,Low
-70.53262833,-33.50141333,Low
-70.53248667,-33.50104667,Low
-70.53235167,-33.50068333,Low
-70.53221167,-33.50036,Low
-70.532045,-33.49996667,Low
-70.53195167,-33.49963167,Low
-70.53182333,-33.49933,Low
-70.53169,-33.49898667,Low
-70.53155,-33.49857667,Low
-70.53138,-33.49821167,Low
-70.53125333,-33.49789667,Low
-70.53113833,-33.4976,Low
-70.53102,-33.49721,Low
-70.53085333,-33.49682167,Low
-70.53073167,-33.49648667,Low
-70.53060833,-33.49619,Low
-70.53046333,-33.495855,Low
-70.530335,-33.49547667,Low
-70.53022333,-33.49518833,Low
-70.5303,-33.49501833,Low
-70.53065333,-33.49489167,Low
-70.53109333,-33.49474167,Low
-70.531555,-33.494595,Low
-70.53202333,-33.49444833,Low
-70.53240667,-33.49432167,Low
-70.53276,-33.49420667,Low
-70.53325167,-33.49406167,Low
-70.53375333,-33.493925,Low
-70.53428667,-33.49374333,Low
-70.53480667,-33.49358,Low
-70.53517833,-33.49346167,Low
-70.53554833,-33.49335167,Low
-70.53605167,-33.49321167,Low
-70.53660833,-33.49301333,Low
-70.53723333,-33.492835,Low
-70.53783833,-33.49264333,Low
-70.53820333,-33.49252167,Low
-70.53856667,-33.49236333,Low
-70.53904333,-33.49216,Low
-70.53965333,-33.49196333,Low
-70.540245,-33.49177833,Low
-70.54066167,-33.49165667,Low
-70.54100833,-33.49164333,Low
-70.54113167,-33.491985,Low
-70.54132,-33.49235333,Low
-70.54154833,-33.49280667,Low
-70.54174667,-33.49330333,Low
-70.54197667,-33.493805,Low
-70.542095,-33.49434833,Low
-70.54218333,-33.49491667,Low
-70.54224167,-33.495475,Low
-70.542345,-33.49598833,Low
-70.542465,-33.49637333,Low
-70.542545,-33.49663167,Low
-70.54264,-33.496905,Low
-70.54274,-33.49720667,Low
-70.54283667,-33.49759833,Low
-70.54296,-33.49806167,Low
-70.54308,-33.498555,Low
-70.543205,-33.49908833,Low
-70.54333167,-33.49967333,Low
-70.54336333,-33.50023167,Low
-70.543405,-33.50074,Low
-70.54348167,-33.5011,Low
-70.54376833,-33.501255,Low
-70.544125,-33.50120333,Low
-70.544505,-33.50114667,Low
-70.54489667,-33.50109167,Low
-70.54530167,-33.50102,Low
-70.54575333,-33.50095667,Low
-70.54614833,-33.50091833,Low
-70.54654,-33.50087333,Low
-70.546925,-33.50082667,Low
-70.547295,-33.50077833,Low
-70.54769333,-33.50072,Low
-70.54810167,-33.50066667,Low
-70.54848833,-33.50062167,Low
-70.54893833,-33.50058167,Low
-70.549395,-33.50049,Low
-70.54985167,-33.500445,Low
-70.55031667,-33.50039833,Low
-70.550795,-33.500305,Low
-70.551255,-33.50026333,Low
-70.551645,-33.50019667,Low
-70.55236167,-33.50008167,Low
-70.55275167,-33.499995,Low
-70.55324833,-33.49986833,Low
-70.55372,-33.49975667,Low
-70.554225,-33.49967,Low
-70.55467167,-33.49962833,Low
-70.55506833,-33.49958333,Low
-70.55554,-33.4995,Low
-70.55593167,-33.49944667,Low
-70.55643333,-33.49939167,Low
-70.55694833,-33.49931667,Low
-70.55748,-33.49925167,Low
-70.55798167,-33.499195,Low
-70.558495,-33.499115,Low
-70.55896333,-33.49906333,Medium
-70.55930167,-33.49901667,Medium
-70.55988333,-33.49893333,Medium
-70.56020667,-33.49893,Medium
-70.56054,-33.49893,Medium
-70.56094833,-33.49890167,Medium
-70.56139167,-33.49883667,Medium
-70.56183833,-33.49876167,Medium
-70.56227667,-33.49872333,Medium
-70.562725,-33.498665,Medium
-70.56316667,-33.49863833,Medium
-70.56355,-33.49859,Medium
-70.56400333,-33.49854167,Medium
-70.564405,-33.49848,Low
-70.56484167,-33.49842333,Low
-70.565305,-33.49835833,Low
-70.56575667,-33.49829667,Low
-70.56623833,-33.49824667,Low
-70.56670667,-33.498185,Low
-70.56719667,-33.49808667,Low
-70.56764167,-33.49793667,Low
-70.56808167,-33.497765,Medium
-70.56850333,-33.49760167,Medium
-70.56892333,-33.49743833,Medium
-70.56937333,-33.497295,Medium
-70.569815,-33.49713667,Medium
-70.57025333,-33.496975,Medium
-70.57064167,-33.49682667,Medium
-70.57106333,-33.49670833,Medium
-70.571375,-33.49654,Medium
-70.57164667,-33.49659,Medium
-70.57183833,-33.49682667,Medium
-70.57206167,-33.49712833,Medium
-70.57223667,-33.49738833,Low
-70.572605,-33.49742333,Low
-70.57300667,-33.49747,Low
-70.573215,-33.49772833,Low
-70.57344833,-33.49805,Medium
-70.573675,-33.49837333,Medium
-70.57387667,-33.49868167,Medium
-70.574065,-33.49899167,Medium
-70.574285,-33.49929167,Medium
-70.57447833,-33.49957667,Medium
-70.57481833,-33.49971333,Medium
-70.57515,-33.49965333,Medium
-70.57549,-33.49959667,Medium
-70.57582833,-33.49952,Medium
-70.57631667,-33.49944,Medium
-70.57674,-33.49936,Medium
-70.57705833,-33.499305,Medium
-70.57737167,-33.499255,Medium
-70.57769167,-33.49926667,Medium
-70.57785333,-33.49962667,Medium
-70.578015,-33.50001667,Medium
-70.5782,-33.50051667,Medium
-70.5783,-33.50081333,Medium
-70.57838167,-33.50108333,Medium
-70.57838333,-33.50153833,Medium
-70.57845333,-33.501815,Medium
-70.57886333,-33.50177167,Medium
-70.57926667,-33.50167333,Medium
-70.57964833,-33.501605,Medium
-70.58028667,-33.50149667,Medium
-70.58073333,-33.501405,Medium
-70.58120833,-33.50131833,Medium
-70.58166667,-33.50123,Medium
-70.58211667,-33.50114,Medium
-70.582645,-33.50102,Medium
-70.58299167,-33.50096167,Medium
-70.58340167,-33.50088167,Medium
-70.58378833,-33.50080667,Medium
-70.58413167,-33.50074167,Medium
-70.58457333,-33.50067167,Medium
-70.58493833,-33.5006,Medium
-70.58537833,-33.50052333,Medium
-70.58584833,-33.50042167,Medium
-70.58619333,-33.50025333,Medium
-70.58621333,-33.49992,Medium
-70.58636833,-33.49963833,Medium
-70.586315,-33.49928833,Medium
-70.58611333,-33.498955,Medium
-70.58587833,-33.49861667,Medium
-70.58562,-33.498275,Medium
-70.58538833,-33.49787833,Medium
-70.585145,-33.49746167,Medium
-70.584865,-33.49703333,Medium
-70.58462833,-33.49661833,Medium
-70.584385,-33.49623,Medium
-70.58412833,-33.49585,Medium
-70.58389,-33.49544667,Medium
-70.58365,-33.49506667,Medium
-70.58338167,-33.49468333,Medium
-70.58317,-33.49431167,Medium
-70.58294833,-33.49396,Medium
-70.58276333,-33.49366167,Medium
-70.58259667,-33.49337333,Medium
-70.58242167,-33.49306167,Medium
-70.5822,-33.49271667,Medium
-70.58198333,-33.49238,Medium
-70.58173667,-33.49200833,Medium
-70.58154333,-33.49166333,Medium
-70.58133333,-33.491335,Medium
-70.58111167,-33.49100167,Medium
-70.58092167,-33.490705,Medium
-70.58075333,-33.49044,Medium
-70.580415,-33.49018167,Medium
-70.58004833,-33.490065,Medium
-70.57968833,-33.48988833,Medium
-70.57937333,-33.4896,Medium
-70.57923333,-33.48922167,Medium
-70.57925833,-33.488825,Medium
-70.57942,-33.48843667,Medium
-70.57977167,-33.48815167,Medium
-70.58020667,-33.48799,Medium
-70.580655,-33.48796167,Medium
-70.58106667,-33.48809833,Medium
-70.58141333,-33.48831167,Medium
-70.58176333,-33.488465,Medium
-70.582165,-33.48835667,Medium
-70.58257667,-33.48820167,Medium
-70.58299,-33.48806833,Medium
-70.58342167,-33.48792167,Medium
-70.58386333,-33.48775333,Medium
-70.58432,-33.48759333,Medium
-70.58475333,-33.48743667,Medium
-70.58513,-33.48720667,Medium
-70.58545167,-33.48698,Medium
-70.58569167,-33.48673833,Medium
-70.58559333,-33.48643167,Medium
-70.58548833,-33.486155,Medium
-70.585405,-33.4859,Medium
-70.58529,-33.48555667,Medium
-70.58516,-33.48521,Medium
-70.585055,-33.484925,Medium
-70.58494833,-33.48463833,Medium
-70.58484,-33.48429667,Medium
-70.58472167,-33.48397,Medium
-70.58460667,-33.48366,Medium
-70.58449833,-33.48334667,Medium
-70.58439333,-33.48304,Medium
-70.58429167,-33.48274833,Medium
-70.58420167,-33.48247833,Medium
-70.58410833,-33.48219,Medium
-70.58398833,-33.48183333,Medium
-70.58388667,-33.48152,Medium
-70.58379,-33.481195,Medium
-70.58367667,-33.48087,Medium
-70.58355333,-33.48053333,Medium
-70.58343,-33.4802,Medium
-70.58332667,-33.47988333,Medium
-70.58324333,-33.47961833,Medium
-70.583155,-33.47909833,Medium
-70.58333667,-33.478865,Medium
-70.58356667,-33.478615,Medium
-70.58382,-33.47835667,Medium
-70.584075,-33.47810167,Medium
-70.58431,-33.47786333,Medium
-70.58450333,-33.47765833,Medium
-70.58473,-33.47743833,Medium
-70.58495333,-33.47720833,Medium
-70.58516,-33.47699333,Medium
-70.58534833,-33.476815,Medium
-70.58560833,-33.47657,Medium
-70.585885,-33.4763,Medium
-70.58613667,-33.476015,Medium
-70.58632833,-33.47578167,Medium
-70.58648833,-33.475535,Medium
-70.58662667,-33.47526167,Medium
-70.58681333,-33.47494167,Medium
-70.58701333,-33.47458,Medium
-70.58711333,-33.47426833,Medium
-70.5869,-33.47402,Medium
-70.58685,-33.47376333,Medium
-70.586965,-33.473465,Medium
-70.58726667,-33.47324333,Medium
-70.58767,-33.47314833,Medium
-70.58809833,-33.473165,Medium
-70.58848667,-33.47320667,Medium
-70.58880833,-33.47309333,Medium
-70.589055,-33.47282833,Medium
-70.58931167,-33.47254667,Medium
-70.58957833,-33.47224667,Medium
-70.58985167,-33.47190333,Medium
-70.59012333,-33.47160333,Medium
-70.59039,-33.471305,Medium
-70.59015833,-33.47106333,Medium
-70.58979167,-33.47085167,Medium
-70.58953667,-33.47062167,Medium
-70.58941,-33.47032,Medium
-70.58932167,-33.47001,Medium
-70.58925,-33.46974,Medium
-70.58917167,-33.46943,Medium
-70.58909833,-33.46913667,Medium
-70.53395417,-33.50161667,Low
-70.53363333,-33.50171167,Low
-70.53752167,-33.50102333,Low
-70.5552,-33.499555,Low
-70.55534,-33.499525,Low
-70.64829778,-33.47748972,Medium
-70.65008257,-33.48577556,Medium
-70.65730883,-33.49697917,Medium
-70.66633194,-33.50005333,Medium
-70.6588875,-33.51448333,Medium
-70.64947125,-33.51809542,Medium
-70.64955792,-33.51838,Medium
-70.65071333,-33.5223475,Medium
-70.65149958,-33.52516563,Medium
-70.66099642,-33.52654725,Medium
-70.66967806,-33.52354319,Medium
-70.69543472,-33.5196225,Medium
-70.69933933,-33.51201358,Medium
-70.70493875,-33.50974125,Medium
-70.70527333,-33.50961882,Medium
-70.704445,-33.50395542,High
-70.70180354,-33.50475792,Low
-70.69099333,-33.50352292,Medium
-70.68762458,-33.50470708,High
-70.6828725,-33.506275,High
-70.67966167,-33.50016375,Medium
-70.67858639,-33.49810736,Medium
-70.67237583,-33.48583188,Medium
-70.66907722,-33.47895889,High
-70.67572167,-33.47064875,Medium
-70.67315847,-33.47066097,Medium
-70.66803917,-33.47059625,High
-70.66006439,-33.47027083,Medium
-70.64930354,-33.47539708,Medium
-70.649265,-33.4759,Medium
-70.64922833,-33.47623167,Medium
-70.64923167,-33.47648333,Medium
-70.64909833,-33.47669667,Medium
-70.648635,-33.476745,Medium
-70.648325,-33.47686833,Medium
-70.64830833,-33.47729833,Medium
-70.64829667,-33.47783667,Medium
-70.648295,-33.47818833,Medium
-70.64828333,-33.47859333,Medium
-70.64828833,-33.47906167,Medium
-70.64831667,-33.47954333,Medium
-70.64844667,-33.480035,Medium
-70.64855833,-33.480505,Medium
-70.64873333,-33.48099333,Medium
-70.64887167,-33.48145,Medium
-70.648995,-33.481895,Medium
-70.64912333,-33.482345,Medium
-70.64924,-33.482785,Medium
-70.64936667,-33.48325167,Medium
-70.649505,-33.48373667,Medium
-70.64964167,-33.48423,Medium
-70.64978333,-33.48472167,Medium
-70.64988333,-33.48510333,Medium
-70.649965,-33.48537667,Medium
-70.65017833,-33.48610833,Medium
-70.65026833,-33.48644667,Medium
-70.65036,-33.48683,Medium
-70.65049,-33.487285,Medium
-70.65063,-33.487745,Medium
-70.65075833,-33.48821833,Medium
-70.65100333,-33.488665,Medium
-70.65098333,-33.48913,Medium
-70.65113833,-33.48958667,Medium
-70.65122333,-33.49003833,Medium
-70.65135167,-33.49049333,Medium
-70.65151667,-33.49097833,Medium
-70.651605,-33.49145167,Medium
-70.651715,-33.491895,Medium
-70.65181333,-33.49232,Medium
-70.65195,-33.49277833,Medium
-70.652095,-33.49325667,Medium
-70.65223667,-33.49369,Medium
-70.65235,-33.49409333,Medium
-70.65247333,-33.49455167,Medium
-70.652585,-33.495025,Medium
-70.65269,-33.49543333,Medium
-70.65281167,-33.49582,Medium
-70.65291,-33.496205,Medium
-70.65296667,-33.49654,Medium
-70.65305833,-33.49686833,Medium
-70.65318,-33.49721167,Medium
-70.65331167,-33.497495,Medium
-70.65336667,-33.49778833,Medium
-70.65347333,-33.49811167,Medium
-70.65381167,-33.49813667,Medium
-70.65418667,-33.49800833,Medium
-70.654635,-33.49784833,Medium
-70.65510333,-33.497695,Medium
-70.65543167,-33.49759,Medium
-70.65581167,-33.49746833,Medium
-70.656265,-33.49729667,Medium
-70.6567,-33.49716667,Medium
-70.65703667,-33.49706,Medium
-70.65753833,-33.49690333,Medium
-70.65793667,-33.49678833,Medium
-70.65836,-33.49661167,Medium
-70.65877667,-33.49646167,Medium
-70.65921,-33.49631667,Medium
-70.65953833,-33.49620667,Medium
-70.659945,-33.496085,Medium
-70.66029833,-33.49588333,Medium
-70.66082333,-33.495805,Medium
-70.66129167,-33.49568333,Medium
-70.66165167,-33.49557833,Medium
-70.66196833,-33.49549667,Medium
-70.66241,-33.495375,Medium
-70.66287167,-33.49522333,Medium
-70.66334167,-33.495055,Medium
-70.66371833,-33.49490833,Medium
-70.66394,-33.49513,Medium
-70.66411833,-33.49551333,Medium
-70.66432167,-33.495915,Medium
-70.66447167,-33.496215,Medium
-70.66465833,-33.49662167,Medium
-70.66488,-33.49708833,Medium
-70.66508167,-33.49756167,Medium
-70.66532833,-33.49806,Medium
-70.66554,-33.49855,Medium
-70.66577167,-33.499015,Medium
-70.66596833,-33.49939333,Medium
-70.666165,-33.49971833,Medium
-70.66627167,-33.49994333,Medium
-70.66647,-33.500345,Medium
-70.66662167,-33.50070333,Medium
-70.66674167,-33.50112167,Medium
-70.66695833,-33.50156167,Medium
-70.667165,-33.50198667,High
-70.66736,-33.502435,High
-70.66756333,-33.50285333,Medium
-70.66776167,-33.50327333,Medium
-70.667955,-33.50369,Medium
-70.66808667,-33.50393833,Medium
-70.66822667,-33.50425333,Medium
-70.66840167,-33.50464,Medium
-70.66860833,-33.505105,Medium
-70.66889167,-33.50562833,Medium
-70.66908333,-33.50610667,Medium
-70.66930667,-33.50657667,Medium
-70.66951833,-33.50706667,Medium
-70.66977167,-33.50751667,Medium
-70.66996667,-33.50793333,Medium
-70.67016667,-33.50835333,Medium
-70.670385,-33.50876,Medium
-70.67059667,-33.509205,Medium
-70.670775,-33.50962,Medium
-70.67093,-33.50996833,Medium
-70.671075,-33.51023667,Medium
-70.67116167,-33.51047167,Medium
-70.67110833,-33.51084833,Medium
-70.67074333,-33.51089667,Medium
-70.67036,-33.51099667,Medium
-70.66992667,-33.51112167,Medium
-70.66948833,-33.51125167,Medium
-70.66902167,-33.511405,Medium
-70.668555,-33.51153833,Medium
-70.66812167,-33.51167167,Medium
-70.66773333,-33.51178167,Medium
-70.66744,-33.51187333,Medium
-70.66705167,-33.51199667,Medium
-70.66672167,-33.51207833,Medium
-70.66630667,-33.51220833,Medium
-70.66587167,-33.51234167,Medium
-70.66547167,-33.51248333,Medium
-70.66506667,-33.512615,Medium
-70.664655,-33.512735,Medium
-70.66422,-33.51284,Medium
-70.66387,-33.51293833,Medium
-70.66359833,-33.51302,Medium
-70.66314833,-33.51315,Medium
-70.66272333,-33.51332167,Medium
-70.662365,-33.513435,Medium
-70.66197667,-33.51354167,Medium
-70.66153333,-33.51367667,Medium
-70.66112167,-33.51380167,Medium
-70.6607,-33.51391833,Medium
-70.66028,-33.51405333,Medium
-70.65994,-33.51415667,Medium
-70.65956,-33.51425167,Medium
-70.65922167,-33.51436167,Medium
-70.658715,-33.51455167,Medium
-70.65837,-33.51464667,Medium
-70.65805833,-33.514725,Medium
-70.657675,-33.51477833,Medium
-70.65722667,-33.51486167,Medium
-70.65673667,-33.51492833,Medium
-70.656265,-33.51503833,Medium
-70.65583667,-33.51516167,Medium
-70.65542833,-33.51525,Medium
-70.65487833,-33.515345,Medium
-70.65437667,-33.51544833,Medium
-70.65388333,-33.51556333,Medium
-70.65339833,-33.515635,Medium
-70.65288167,-33.51574667,Medium
-70.65237,-33.51584167,Medium
-70.65190833,-33.51591833,Medium
-70.65139,-33.51603,Medium
-70.65090167,-33.51614,Medium
-70.65035167,-33.51623667,Medium
-70.64984833,-33.51633333,Medium
-70.64939167,-33.516415,Medium
-70.649045,-33.51648,Medium
-70.64913167,-33.516885,Medium
-70.649225,-33.51718333,Medium
-70.649315,-33.51746667,Medium
-70.64938833,-33.51779667,Medium
-70.64963833,-33.51865833,Medium
-70.64971333,-33.51895667,Medium
-70.649795,-33.51924667,Medium
-70.649885,-33.51960167,Medium
-70.65000167,-33.519925,Medium
-70.65008833,-33.52025167,Medium
-70.65016833,-33.52053833,Medium
-70.65026833,-33.52086833,Medium
-70.650355,-33.52118333,Medium
-70.65046,-33.52153,Medium
-70.65054667,-33.521845,Medium
-70.65064167,-33.52215667,Medium
-70.65078333,-33.52264833,Medium
-70.65085833,-33.52290667,Medium
-70.650935,-33.52318167,Medium
-70.65101333,-33.52350667,Medium
-70.65111167,-33.52382667,Medium
-70.65119333,-33.52411,Medium
-70.65128667,-33.52443833,Medium
-70.65139667,-33.52484333,Medium
-70.651525,-33.52534667,Medium
-70.65167,-33.5257,Medium
-70.65177667,-33.52607833,Medium
-70.6519,-33.52647,Medium
-70.65198667,-33.52685667,Medium
-70.65208833,-33.52719167,Medium
-70.65218667,-33.52755333,Medium
-70.65226667,-33.52789333,Medium
-70.6527,-33.527895,Medium
-70.65319333,-33.527795,Medium
-70.65356333,-33.52775,Medium
-70.653965,-33.52769167,Medium
-70.65431,-33.52762333,Medium
-70.65471333,-33.52755833,Medium
-70.65509833,-33.52749667,Medium
-70.65549,-33.527445,Medium
-70.65598,-33.52736833,Medium
-70.656465,-33.52729167,Medium
-70.65678833,-33.52723167,Medium
-70.65714,-33.52716833,Medium
-70.65760667,-33.527095,Medium
-70.65805,-33.52703833,Medium
-70.65849333,-33.52697,Medium
-70.65896,-33.52689667,Medium
-70.65946333,-33.52683167,Medium
-70.65994667,-33.52673,Medium
-70.66038167,-33.52665667,Medium
-70.66071333,-33.52660333,Medium
-70.66132667,-33.526505,Medium
-70.66168,-33.526395,Medium
-70.66216833,-33.526235,Medium
-70.66269333,-33.52608333,Medium
-70.66319833,-33.52586833,Medium
-70.66365,-33.52570833,Medium
-70.66407,-33.525575,Medium
-70.664385,-33.525455,Medium
-70.66482,-33.52529833,Medium
-70.66516167,-33.52518333,Medium
-70.66550333,-33.52505333,Medium
-70.66589833,-33.52491333,Medium
-70.666265,-33.52476667,Medium
-70.66662333,-33.52464167,Medium
-70.66706833,-33.524505,Medium
-70.66753167,-33.52433333,Medium
-70.66802333,-33.524155,Medium
-70.66853667,-33.52395833,Medium
-70.66896833,-33.52381333,Medium
-70.669295,-33.52369333,Medium
-70.67003667,-33.52342333,Medium
-70.67034167,-33.52332333,Medium
-70.67083333,-33.52317667,Medium
-70.67129167,-33.523005,Medium
-70.67176167,-33.52282167,Medium
-70.67227,-33.522635,Medium
-70.67276167,-33.52247167,Medium
-70.67326167,-33.52228833,Medium
-70.67373833,-33.52215333,Low
-70.67412167,-33.52198833,Low
-70.674545,-33.52185,Medium
-70.67492167,-33.5217,Medium
-70.67527333,-33.52156,Medium
-70.67554833,-33.52144333,Medium
-70.675875,-33.52132167,Medium
-70.67621833,-33.52121667,Medium
-70.67644667,-33.52146167,Medium
-70.67660833,-33.52181333,Medium
-70.67678333,-33.52220833,Medium
-70.677005,-33.522625,Medium
-70.67723167,-33.523065,Medium
-70.677435,-33.52349167,Medium
-70.67762667,-33.52392,Medium
-70.67783667,-33.52435,Medium
-70.67801333,-33.52472667,Medium
-70.67816667,-33.52502333,Medium
-70.6785,-33.52497833,Medium
-70.6789,-33.52485667,Medium
-70.67935833,-33.52475167,Medium
-70.67982,-33.52463333,Medium
-70.68034333,-33.52451167,Medium
-70.68086167,-33.52438833,Medium
-70.68129333,-33.524285,Medium
-70.68167333,-33.52418333,Medium
-70.68202667,-33.52408833,High
-70.68243833,-33.523995,Medium
-70.68287833,-33.52386833,Medium
-70.68332,-33.52377667,Medium
-70.68369333,-33.52368833,Medium
-70.68407,-33.52359167,Medium
-70.684545,-33.52349167,Medium
-70.684925,-33.52338667,Medium
-70.68533333,-33.52327667,Medium
-70.68565667,-33.523205,Medium
-70.68606,-33.523165,High
-70.68655333,-33.52307167,Medium
-70.68713167,-33.52304167,Medium
-70.68771833,-33.52306167,Medium
-70.688385,-33.52292667,Medium
-70.68892,-33.52273833,Medium
-70.68938833,-33.52260833,Medium
-70.68971833,-33.52252,Medium
-70.69008667,-33.52239833,Medium
-70.690365,-33.52226333,Medium
-70.69073167,-33.52199333,Medium
-70.69114333,-33.52175167,Medium
-70.69155167,-33.52152667,Medium
-70.691965,-33.521325,Medium
-70.69234833,-33.52115333,Medium
-70.692715,-33.52095833,Medium
-70.693195,-33.52071333,Medium
-70.69358167,-33.52051167,Medium
-70.69388833,-33.52038667,Medium
-70.69427833,-33.52019167,Medium
-70.694725,-33.51996333,Medium
-70.69514333,-33.51977333,Medium
-70.69557,-33.519565,Medium
-70.69592833,-33.519405,Medium
-70.69633333,-33.51923667,Medium
-70.696675,-33.51906833,Medium
-70.69698333,-33.51891167,Medium
-70.69732667,-33.51873167,Medium
-70.69771833,-33.518535,Medium
-70.69809,-33.51834333,Medium
-70.69840667,-33.51819167,Medium
-70.69883167,-33.517995,Medium
-70.699245,-33.51778667,Medium
-70.69962333,-33.51761667,Medium
-70.69998667,-33.51743,Medium
-70.70041833,-33.51720667,Medium
-70.70085333,-33.51700333,Medium
-70.70121833,-33.516825,Medium
-70.70152167,-33.51667667,Medium
-70.70147833,-33.516355,Medium
-70.70132167,-33.516,Medium
-70.70109833,-33.51556833,High
-70.70090667,-33.51514,High
-70.70070667,-33.514725,Medium
-70.70049333,-33.51432167,Medium
-70.70029833,-33.513895,Medium
-70.70009167,-33.51349,Medium
-70.69990167,-33.51308833,Medium
-70.699705,-33.51275,Medium
-70.69958333,-33.51250667,Medium
-70.699445,-33.51223333,Medium
-70.69924667,-33.51177167,Medium
-70.69958667,-33.51158667,Medium
-70.69990167,-33.51148167,Medium
-70.700235,-33.51138,Medium
-70.70064833,-33.51123667,High
-70.70112833,-33.511065,High
-70.70163,-33.510885,Medium
-70.70216,-33.51071333,Medium
-70.70269667,-33.51055,Medium
-70.70322167,-33.51035333,Medium
-70.70367833,-33.51017,Medium
-70.70414,-33.51000833,Medium
-70.70457833,-33.509865,Medium
-70.70504833,-33.50969833,Medium
-70.70559,-33.50952833,Medium
-70.70596,-33.50941,Medium
-70.70638833,-33.50927167,Medium
-70.70670833,-33.50916333,Medium
-70.707115,-33.50903,Medium
-70.70761,-33.50883,Medium
-70.7081,-33.50863333,Medium
-70.708305,-33.50841,Medium
-70.708075,-33.50816,Medium
-70.70779333,-33.50785667,Medium
-70.70752833,-33.50754,Medium
-70.70718,-33.50715333,Medium
-70.70691667,-33.50685333,Medium
-70.706725,-33.50662333,Medium
-70.70651667,-33.50636667,Medium
-70.70624333,-33.50605667,High
-70.70593,-33.505695,Low
-70.70566167,-33.505385,Low
-70.70542,-33.50508667,High
-70.705175,-33.50478833,High
-70.70488667,-33.50443667,Low
-70.70462667,-33.50415333,High
-70.704065,-33.50405,High
-70.70364,-33.50423833,High
-70.70323833,-33.50443333,Low
-70.70280333,-33.50459,Low
-70.70242333,-33.50468833,Low
-70.70204667,-33.50474,Low
-70.701475,-33.504755,High
-70.70101,-33.504715,High
-70.70045,-33.50454167,High
-70.69987667,-33.5043,High
-70.699355,-33.50393167,High
-70.698925,-33.503475,High
-70.69852667,-33.50300333,High
-70.69814167,-33.502615,High
-70.69778667,-33.502245,Medium
-70.69731333,-33.50197333,Medium
-70.696765,-33.501815,Medium
-70.69619167,-33.50183167,Medium
-70.69568833,-33.50197333,Low
-70.69532,-33.50209833,Low
-70.69491833,-33.50225,Medium
-70.69452333,-33.50238333,Medium
-70.69402167,-33.50253,Medium
-70.69357,-33.50265667,Medium
-70.69314167,-33.50280667,Medium
-70.692745,-33.50291333,Medium
-70.69236167,-33.50304667,Medium
-70.69192667,-33.50320667,Medium
-70.69149333,-33.503355,Medium
-70.69117333,-33.503455,Medium
-70.690605,-33.50368,Medium
-70.69021833,-33.50381167,Medium
-70.68975333,-33.50395833,Medium
-70.68926333,-33.50414,Medium
-70.68879333,-33.504305,Medium
-70.68832833,-33.504485,Medium
-70.68793,-33.50462167,High
-70.687295,-33.50481833,High
-70.68687333,-33.50496,High
-70.68657167,-33.50505333,High
-70.686225,-33.50517667,High
-70.68588,-33.50531333,High
-70.68549667,-33.50544167,High
-70.68511,-33.505565,High
-70.684815,-33.50565833,High
-70.684455,-33.50576833,High
-70.68401167,-33.50587,High
-70.68352833,-33.50601167,High
-70.68313,-33.5062,High
-70.68261833,-33.50591667,Medium
-70.682465,-33.505615,Medium
-70.68231833,-33.50532,Medium
-70.68213833,-33.50494833,Medium
-70.681925,-33.504565,Medium
-70.68175167,-33.50421333,Medium
-70.68158333,-33.50390167,Medium
-70.68137833,-33.50350333,Medium
-70.68116333,-33.50306667,Medium
-70.68093833,-33.50266,Medium
-70.68073167,-33.502245,Medium
-70.68057833,-33.50196833,Medium
-70.68041333,-33.501665,Medium
-70.68022167,-33.501295,Medium
-70.68001667,-33.50088833,Medium
-70.679825,-33.50048667,Medium
-70.67955,-33.49997333,Medium
-70.6794,-33.499675,Medium
-70.67923333,-33.49935667,Medium
-70.679055,-33.499035,Medium
-70.67889167,-33.49869167,Medium
-70.67874,-33.49839,Medium
-70.67842833,-33.49783333,Medium
-70.67827833,-33.497545,Medium
-70.678115,-33.49725333,Medium
-70.67793,-33.49697167,Medium
-70.67776167,-33.49668,Medium
-70.67756667,-33.496345,Medium
-70.67739,-33.49597833,Medium
-70.67721833,-33.49563333,Medium
-70.67706,-33.495305,Medium
-70.67690167,-33.494985,Medium
-70.67674833,-33.49468667,Medium
-70.67657167,-33.49436667,Medium
-70.67639,-33.49400167,Medium
-70.67623833,-33.49366667,Medium
-70.67606,-33.49331167,Medium
-70.675885,-33.49292333,Medium
-70.675725,-33.49256,Medium
-70.67557333,-33.49226333,Medium
-70.67536,-33.49193667,High
-70.67516833,-33.49151,Medium
-70.675015,-33.49118833,Medium
-70.67488833,-33.49092,Medium
-70.674745,-33.49061833,Medium
-70.67458,-33.49025333,High
-70.67441,-33.48997667,High
-70.67425333,-33.48967833,High
-70.67406167,-33.48924167,Medium
-70.67382333,-33.48879,Medium
-70.67361,-33.48836333,Medium
-70.673465,-33.488045,Medium
-70.67332667,-33.487775,Medium
-70.67317333,-33.48743333,Medium
-70.67302167,-33.48711,Medium
-70.672825,-33.48673667,High
-70.672615,-33.48631333,Medium
-70.67244667,-33.48596,Medium
-70.67221,-33.48549833,Medium
-70.67208333,-33.4852,Medium
-70.67188833,-33.48485833,High
-70.67172167,-33.484525,Medium
-70.67158333,-33.484165,Medium
-70.67137667,-33.48374333,Medium
-70.67117167,-33.48328667,Medium
-70.670955,-33.48281667,High
-70.67069333,-33.48233833,High
-70.67047833,-33.48188,High
-70.67024667,-33.48141667,Medium
-70.67004167,-33.480985,Medium
-70.66983,-33.48054833,Medium
-70.66966667,-33.48022,Medium
-70.66951167,-33.47993,High
-70.66939167,-33.479675,High
-70.66926833,-33.47939333,High
-70.66929,-33.47865667,High
-70.66964667,-33.47864167,High
-70.670075,-33.47860333,High
-70.67050833,-33.47857333,High
-70.67084333,-33.47855333,High
-70.67120333,-33.47852167,High
-70.67161667,-33.47851833,High
-70.672115,-33.47852833,High
-70.672645,-33.47853333,High
-70.67321,-33.47848833,High
-70.67373167,-33.478495,High
-70.674285,-33.478485,High
-70.67485333,-33.47846667,High
-70.67543167,-33.47846,Medium
-70.676005,-33.47845667,Medium
-70.6766,-33.47845667,High
-70.67720833,-33.478445,High
-70.67781833,-33.47843,High
-70.67844167,-33.47841,High
-70.67905333,-33.478415,High
-70.67964,-33.47841833,Medium
-70.680205,-33.47833167,Medium
-70.68079,-33.47827833,Medium
-70.68140667,-33.4783,Medium
-70.68195667,-33.47832333,Medium
-70.68247833,-33.47834,Medium
-70.68301167,-33.47831167,Medium
-70.68352,-33.47823833,Medium
-70.683925,-33.47810833,High
-70.6842,-33.47778,High
-70.68421,-33.47734667,Medium
-70.68405167,-33.47688667,Medium
-70.68394,-33.476455,Medium
-70.68381,-33.47608667,Medium
-70.68366833,-33.47569833,Medium
-70.68354167,-33.47546,Medium
-70.68336833,-33.47518833,Medium
-70.68311667,-33.474825,Medium
-70.68279167,-33.47442333,High
-70.68247,-33.473965,Medium
-70.68217333,-33.47353333,Medium
-70.682005,-33.47330333,Medium
-70.68181833,-33.47302833,Medium
-70.68153,-33.47267,Medium
-70.68127333,-33.47225667,Medium
-70.68109667,-33.47199333,Medium
-70.68093,-33.471765,High
-70.68069,-33.47142167,Medium
-70.68052,-33.47101167,Medium
-70.680435,-33.47067167,Medium
-70.67997833,-33.47063833,Medium
-70.679435,-33.470695,Medium
-70.678825,-33.47067167,Medium
-70.67836167,-33.47068333,Medium
-70.67802333,-33.47066333,Medium
-70.67761333,-33.47064833,Medium
-70.677065,-33.47063667,Medium
-70.676495,-33.47062833,Medium
-70.676055,-33.470635,Medium
-70.67546167,-33.47064333,Medium
-70.675055,-33.47063833,Medium
-70.67455667,-33.47061,High
-70.674015,-33.47062667,High
-70.67356667,-33.47064833,Medium
-70.67274167,-33.47063667,Medium
-70.67232833,-33.47062,Medium
-70.67182333,-33.47065167,Medium
-70.67137333,-33.47060833,Medium
-70.670965,-33.47062,Medium
-70.67059167,-33.47060167,Medium
-70.67013167,-33.47058333,High
-70.669665,-33.47058833,High
-70.66920167,-33.47058333,Medium
-70.66871833,-33.47059333,Medium
-70.66833833,-33.47058667,High
-70.66780833,-33.47057167,High
-70.667445,-33.47055167,High
-70.66699333,-33.47054,High
-70.666455,-33.47055,High
-70.66582667,-33.47055167,High
-70.66520667,-33.47054667,Medium
-70.66456667,-33.470505,Medium
-70.66392667,-33.47046667,Medium
-70.66328833,-33.47044667,High
-70.66269667,-33.47040333,Medium
-70.66207167,-33.470385,Medium
-70.661465,-33.47033,Medium
-70.66084833,-33.47032167,Medium
-70.66033333,-33.47026667,Medium
-70.65971167,-33.470265,Medium
-70.65932833,-33.47023333,Medium
-70.658875,-33.47021333,Medium
-70.65838667,-33.47018833,Medium
-70.65779167,-33.47013833,Medium
-70.65716833,-33.47011667,Medium
-70.65661333,-33.47008833,Medium
-70.65604333,-33.47011667,Medium
-70.65563,-33.47022333,Medium
-70.65523,-33.470395,Medium
-70.65490333,-33.47044333,Medium
-70.65453667,-33.47042833,Medium
-70.65419833,-33.4704,Medium
-70.653805,-33.47036333,High
-70.653425,-33.47033167,High
-70.65294333,-33.47025833,Medium
-70.65250833,-33.470225,High
-70.65209167,-33.47017,High
-70.65160667,-33.47013167,High
-70.65116667,-33.47009,High
-70.65085833,-33.47005167,High
-70.650365,-33.47002167,High
-70.65005667,-33.47018333,High
-70.65000167,-33.47052,High
-70.64996,-33.47085333,High
-70.64990667,-33.47120667,Medium
-70.64981167,-33.47162667,Medium
-70.64978,-33.47213333,Medium
-70.649695,-33.472575,Medium
-70.64955167,-33.47334333,Medium
-70.64953,-33.47363,Medium
-70.64948667,-33.47390833,Medium
-70.649445,-33.47419667,High
-70.64941667,-33.47459833,High
-70.64937167,-33.47487833,Medium
-70.64934667,-33.47515833,Medium
-70.64962778,-33.47296944,Medium
-70.64931333,-33.47572333,Medium
-70.64923833,-33.476105,Medium
-70.649235,-33.47635833,Medium
-70.64920833,-33.47661833,Medium
-70.64885667,-33.47672833,Medium
-70.64847667,-33.47676,Medium
-70.648315,-33.47709333,Medium
-70.64828833,-33.47769667,Medium
-70.64829667,-33.478005,Medium
-70.64828333,-33.478385,Medium
-70.64828333,-33.47881833,Medium
-70.64829333,-33.479305,Medium
-70.64836833,-33.47978833,Medium
-70.64849667,-33.48026667,Medium
-70.64863833,-33.48075667,Medium
-70.64881,-33.48122833,Medium
-70.64893667,-33.481675,Medium
-70.64906167,-33.48212,Medium
-70.64918,-33.48256167,Medium
-70.64930167,-33.483015,Medium
-70.64943333,-33.48349167,Medium
-70.64957167,-33.48398333,Medium
-70.64970833,-33.48447833,Medium
-70.64984333,-33.48493333,Medium
-70.64992667,-33.48524833,Medium
-70.65001167,-33.48553833,Medium
-70.65013,-33.48592833,Medium
-70.65022,-33.48626833,Medium
-70.6503,-33.48664,Medium
-70.65044,-33.48704667,Medium
-70.65056167,-33.48750667,Medium
-70.65071167,-33.48798667,Medium
-70.65084,-33.48844333,Medium
-70.65094667,-33.48891333,Medium
-70.65107,-33.48936667,Medium
-70.65117667,-33.48981167,Medium
-70.65129167,-33.49026833,Medium
-70.65143833,-33.490735,Medium
-70.65156167,-33.49122167,Medium
-70.651655,-33.49167,Medium
-70.651745,-33.492105,Medium
-70.65188,-33.49255,Medium
-70.65199333,-33.492995,Medium
-70.65216,-33.493495,Medium
-70.65227833,-33.4939,Medium
-70.65241,-33.49432,Medium
-70.65253167,-33.494795,Medium
-70.65263333,-33.49524667,Medium
-70.65274667,-33.495645,Medium
-70.65286,-33.49602,Medium
-70.652925,-33.496375,Medium
-70.65301333,-33.49670333,Medium
-70.65312333,-33.497045,Medium
-70.65324,-33.49736167,Medium
-70.65334167,-33.49764,Medium
-70.65341333,-33.49793667,Medium
-70.65362667,-33.49819167,Medium
-70.65398333,-33.498075,Medium
-70.65441167,-33.49793167,Medium
-70.6549,-33.49776667,Medium
-70.65528,-33.49763333,Medium
-70.65559667,-33.49754833,Medium
-70.656045,-33.49737833,Medium
-70.65650833,-33.49723333,Medium
-70.65687833,-33.49711667,Medium
-70.65774833,-33.496845,Medium
-70.65815667,-33.49670833,Medium
-70.658585,-33.49655,Medium
-70.65901833,-33.49638167,Medium
-70.65936167,-33.49626,Medium
-70.65974,-33.49615,Medium
-70.66014333,-33.496005,Medium
-70.66057,-33.49586833,Medium
-70.661065,-33.49575333,Medium
-70.6615,-33.49562167,Medium
-70.66179833,-33.495545,Medium
-70.66215667,-33.49542667,Medium
-70.66263833,-33.4953,Medium
-70.66311167,-33.495145,Medium
-70.663545,-33.494975,Medium
-70.663875,-33.49493333,Medium
-70.664035,-33.49533167,Medium
-70.66421667,-33.49572,Medium
-70.66439,-33.49604833,Medium
-70.66454,-33.49641833,Medium
-70.66475833,-33.496855,Medium
-70.665,-33.49733333,Medium
-70.66521667,-33.497815,Medium
-70.66544833,-33.49831,Medium
-70.66566,-33.49878167,Medium
-70.66588167,-33.49922333,Medium
-70.66607,-33.49956667,Medium
-70.66621667,-33.49983,Medium
-70.66640667,-33.50021667,Medium
-70.66654167,-33.50050333,Medium
-70.66668667,-33.50089667,Medium
-70.66684667,-33.50135,Medium
-70.66705,-33.50177,High
-70.66725,-33.502215,High
-70.66747833,-33.50264,Medium
-70.66767,-33.50305667,Medium
-70.667865,-33.5035,Medium
-70.66803333,-33.50382833,Medium
-70.66816667,-33.504125,Medium
-70.668305,-33.50442167,Medium
-70.668505,-33.50485,Medium
-70.66876167,-33.50537167,Medium
-70.66898333,-33.50588167,Medium
-70.66918667,-33.50635333,Medium
-70.66942333,-33.50682167,Medium
-70.66964667,-33.50729833,Medium
-70.66985667,-33.50773,Medium
-70.67007833,-33.50813833,Medium
-70.67028,-33.50855667,Medium
-70.6705,-33.508985,Medium
-70.67070333,-33.50941667,Medium
-70.67085667,-33.50980667,Medium
-70.67101,-33.51011167,Medium
-70.67111667,-33.51035667,Medium
-70.67124,-33.51068167,Medium
-70.670915,-33.510865,Medium
-70.67055833,-33.51094667,Medium
-70.67014167,-33.51106167,Medium
-70.669715,-33.51119333,Medium
-70.66924833,-33.51133,Medium
-70.66878167,-33.51148333,Medium
-70.66833167,-33.51162167,Medium
-70.66790333,-33.51173167,Medium
-70.66757833,-33.51183333,Medium
-70.66719167,-33.51196,Medium
-70.66689833,-33.51203667,Medium
-70.666515,-33.512125,Medium
-70.66609167,-33.51225833,Medium
-70.66567833,-33.512415,Medium
-70.66525667,-33.51255333,Medium
-70.66486167,-33.51267667,Medium
-70.66444333,-33.51279833,Medium
-70.66403333,-33.51289,Medium
-70.66372333,-33.51297833,Medium
-70.66336667,-33.51310333,Medium
-70.66290833,-33.51325833,Medium
-70.662535,-33.51336833,Medium
-70.66218,-33.51348333,Medium
-70.66175833,-33.51361833,Medium
-70.66131667,-33.51372833,Medium
-70.66090833,-33.51385333,Medium
-70.66047667,-33.51398667,Medium
-70.66010667,-33.5141,Medium
-70.65977167,-33.51422,Medium
-70.659385,-33.51430833,Medium
-70.65908333,-33.51440833,Medium
-70.65857,-33.51459167,Medium
-70.65822,-33.51469,Medium
-70.657915,-33.51472,Medium
-70.657445,-33.51482,Medium
-70.65699,-33.51488833,Medium
-70.6565,-33.51496667,Medium
-70.65603667,-33.51511333,Medium
-70.65562,-33.51519333,Medium
-70.65516667,-33.515315,Medium
-70.654645,-33.51541333,Medium
-70.65415833,-33.51551167,Medium
-70.65362833,-33.51560167,Medium
-70.65315,-33.515685,Medium
-70.65261167,-33.51578167,Medium
-70.65214,-33.51587333,Medium
-70.65164833,-33.51597333,Medium
-70.651145,-33.51608,Medium
-70.65064833,-33.51618833,Medium
-70.65010667,-33.51626667,Medium
-70.64961167,-33.51637833,Medium
-70.64920333,-33.51644167,Medium
-70.64909667,-33.51675333,Medium
-70.64917333,-33.51703333,Medium
-70.64927,-33.51733667,Medium
-70.64935667,-33.51765333,Medium
-70.64942,-33.51794167,Medium
-70.64967667,-33.51880167,Medium
-70.64975333,-33.51910833,Medium
-70.64983667,-33.519385,Medium
-70.64995333,-33.51977833,Medium
-70.65003667,-33.52008667,Medium
-70.65014,-33.520405,Medium
-70.65021667,-33.52069833,Medium
-70.65031167,-33.52102833,Medium
-70.65042167,-33.521395,Medium
-70.65049833,-33.52168167,Medium
-70.65059167,-33.521995,Medium
-70.65075,-33.522525,Medium
-70.65081833,-33.52278,Medium
-70.65089333,-33.52303167,Medium
-70.650975,-33.52334,Medium
-70.65106333,-33.52367167,Medium
-70.65115,-33.52397333,Medium
-70.65125333,-33.52430167,Medium
-70.65134833,-33.52465,Medium
-70.65142833,-33.52499,Medium
-70.65160833,-33.52554167,Medium
-70.65172667,-33.5259,Medium
-70.65183,-33.526255,Medium
-70.65193167,-33.526655,Medium
-70.65204333,-33.52702333,Medium
-70.65212833,-33.52735333,Medium
-70.65223,-33.52776,Medium
-70.65248667,-33.52793667,Medium
-70.65297167,-33.52783333,Medium
-70.653365,-33.52777333,Medium
-70.65377833,-33.527715,Medium
-70.65414667,-33.52766,Medium
-70.65450833,-33.52758833,Medium
-70.65496,-33.52751667,Medium
-70.65528,-33.52747333,Medium
-70.65571167,-33.52741333,Medium
-70.65625167,-33.52732167,Medium
-70.65663833,-33.52725833,Medium
-70.65693667,-33.52720667,Medium
-70.657385,-33.52714,Medium
-70.65783333,-33.52704833,Medium
-70.65827333,-33.527,Medium
-70.65871333,-33.526925,Medium
-70.65918333,-33.526855,Medium
-70.659705,-33.52677333,Medium
-70.66017833,-33.52667667,Medium
-70.66055333,-33.526625,Medium
-70.66148667,-33.52645667,Medium
-70.66191,-33.52633667,Medium
-70.66241667,-33.52616333,Medium
-70.66293833,-33.525965,Medium
-70.66343167,-33.52577667,Medium
-70.66382,-33.52564333,Medium
-70.66420667,-33.52551833,Medium
-70.66459667,-33.52538667,Medium
-70.66502667,-33.52523833,Medium
-70.66534833,-33.52511,Medium
-70.6657,-33.52497667,Medium
-70.66608333,-33.52484,Medium
-70.66643333,-33.52470833,Medium
-70.66684333,-33.52456333,Medium
-70.66731167,-33.524425,Medium
-70.66777,-33.52423667,Medium
-70.668285,-33.52406167,Medium
-70.66876167,-33.523885,Medium
-70.66913333,-33.52375,Medium
-70.66944667,-33.523635,Medium
-70.669895,-33.52346667,Medium
-70.67017,-33.52338333,Medium
-70.67055167,-33.52325667,Medium
-70.671055,-33.523085,Medium
-70.671515,-33.52290833,Medium
-70.672015,-33.52273667,Medium
-70.67252667,-33.52254333,Medium
-70.67301,-33.522375,Medium
-70.67350667,-33.52220833,Low
-70.67393333,-33.52205833,Medium
-70.67432833,-33.52191,Medium
-70.67474167,-33.521775,Medium
-70.675085,-33.52163167,Medium
-70.67541833,-33.5215,Medium
-70.67566333,-33.521395,Medium
-70.67603,-33.52127,Medium
-70.67637833,-33.52131667,Medium
-70.67651833,-33.52162667,Medium
-70.676685,-33.52200167,Medium
-70.67689333,-33.52241,Medium
-70.67710333,-33.522855,Medium
-70.67732833,-33.52327833,Medium
-70.67753667,-33.52370167,Medium
-70.67772833,-33.52413,Medium
-70.67793333,-33.52455667,Medium
-70.67808167,-33.52487167,Medium
-70.67836,-33.52501833,Medium
-70.67868167,-33.524925,Medium
-70.67912167,-33.52481,Medium
-70.67958,-33.52468333,Medium
-70.68009167,-33.52458833,Medium
-70.68061833,-33.52446333,Medium
-70.68110833,-33.52433,Medium
-70.68147333,-33.52423,Medium
-70.68184167,-33.52413667,High
-70.68222833,-33.52404,Medium
-70.68267,-33.52394833,Medium
-70.68311833,-33.52381167,Medium
-70.68349167,-33.52374167,Medium
-70.68385833,-33.52364333,Medium
-70.68428833,-33.52355167,Medium
-70.68476,-33.52343333,Medium
-70.685095,-33.52333333,Medium
-70.68547,-33.52324667,Medium
-70.68584333,-33.523185,Medium
-70.68630833,-33.52314833,High
-70.686835,-33.52304167,Medium
-70.68741333,-33.52306,Medium
-70.68805833,-33.52303333,Medium
-70.68866333,-33.52276833,Medium
-70.68916,-33.52268167,Medium
-70.689575,-33.52256,Medium
-70.68987667,-33.52246333,Medium
-70.69020833,-33.522345,Medium
-70.69054333,-33.52212833,Medium
-70.69093667,-33.52188333,Medium
-70.691355,-33.52163667,Medium
-70.69176,-33.52142,Medium
-70.69216167,-33.52123833,Medium
-70.69251333,-33.52106333,Medium
-70.69295333,-33.52083167,Medium
-70.693415,-33.5206,Medium
-70.69375833,-33.520445,Medium
-70.694065,-33.520305,Medium
-70.69449833,-33.52009,Medium
-70.69494667,-33.519865,Medium
-70.69528833,-33.51970333,Medium
-70.69576333,-33.51948333,Medium
-70.69612667,-33.51931667,Medium
-70.69651333,-33.51914833,Medium
-70.69682667,-33.51899,Medium
-70.69715833,-33.51882,Medium
-70.697515,-33.518645,Medium
-70.69789,-33.51844667,Medium
-70.69825333,-33.51826167,Medium
-70.69860667,-33.51810167,Medium
-70.699045,-33.517885,Medium
-70.699435,-33.51770333,Medium
-70.69979167,-33.51752833,Medium
-70.70019333,-33.51733,Medium
-70.700645,-33.51710667,Medium
-70.70105333,-33.51689667,Medium
-70.70135667,-33.51675667,Medium
-70.70156167,-33.51653167,Medium
-70.701405,-33.51619167,Medium
-70.70119833,-33.515775,High
-70.70101833,-33.51536,High
-70.70080667,-33.514935,Medium
-70.700595,-33.51452667,Medium
-70.700415,-33.51410833,Medium
-70.70017833,-33.51368833,Medium
-70.70000833,-33.513285,Medium
-70.699805,-33.51290333,Medium
-70.69963833,-33.51262333,Medium
-70.69951667,-33.51237167,Medium
-70.69943833,-33.51164333,Medium
-70.69975333,-33.51153167,Medium
-70.70007,-33.51144667,Medium
-70.70043167,-33.51131167,High
-70.70088667,-33.51115667,High
-70.70138,-33.51096833,High
-70.701885,-33.51079833,Medium
-70.70242,-33.51063333,Medium
-70.702955,-33.510445,Medium
-70.703445,-33.51025167,Medium
-70.70391,-33.510085,Medium
-70.70436833,-33.50993667,Medium
-70.704745,-33.509805,High
-70.70544667,-33.50956333,Medium
-70.705765,-33.50947833,Medium
-70.70622167,-33.50933833,Medium
-70.70656833,-33.50920833,Medium
-70.706895,-33.50910167,Medium
-70.70736,-33.50893167,Medium
-70.70788,-33.50872667,Medium
-70.70824667,-33.50856,Medium
-70.70819667,-33.508295,Medium
-70.70789667,-33.50797333,Medium
-70.70767167,-33.50771167,Medium
-70.70735833,-33.507335,Medium
-70.70707167,-33.50701,Medium
-70.70682167,-33.50673667,Medium
-70.70661667,-33.50648833,Medium
-70.70638167,-33.50621833,Medium
-70.7061,-33.50587333,High
-70.70577333,-33.505525,Low
-70.705555,-33.50524833,Low
-70.70530833,-33.50495333,High
-70.70502167,-33.504615,High
-70.70475,-33.504285,High
-70.70423833,-33.50397167,High
-70.70385167,-33.50413833,High
-70.70343667,-33.50433833,Low
-70.70302167,-33.50452333,Low
-70.70262,-33.504645,Low
-70.702225,-33.50472,Low
-70.70127667,-33.50474167,High
-70.700735,-33.50464833,High
-70.70016333,-33.50443167,High
-70.69960167,-33.50414333,High
-70.69913333,-33.50371833,High
-70.69872833,-33.50322333,High
-70.69833333,-33.502805,High
-70.69797833,-33.50242667,Medium
-70.69757667,-33.50209167,Medium
-70.69703333,-33.50188167,Medium
-70.696475,-33.50180167,Medium
-70.69592667,-33.50189,Low
-70.695495,-33.50203667,Low
-70.69512833,-33.50217,Medium
-70.694715,-33.50231,Medium
-70.694285,-33.50246833,Medium
-70.69378333,-33.50259,Medium
-70.69335333,-33.50273333,Medium
-70.69297,-33.50286,Medium
-70.69253,-33.50298667,Medium
-70.69215833,-33.50312,Medium
-70.691705,-33.503275,Medium
-70.691315,-33.50341333,Medium
-70.690755,-33.503625,Medium
-70.690415,-33.50374167,Medium
-70.69000333,-33.50388333,Medium
-70.68952167,-33.504045,Medium
-70.68903,-33.50421667,Medium
-70.68857667,-33.50439833,Medium
-70.68811667,-33.504565,Medium
-70.68778167,-33.50465667,High
-70.68706167,-33.50490167,High
-70.68672667,-33.505,High
-70.68640333,-33.50511167,High
-70.68605333,-33.50524833,High
-70.68569667,-33.505375,High
-70.68529167,-33.505495,High
-70.68495333,-33.50561333,High
-70.68465333,-33.505705,High
-70.68423,-33.50586167,High
-70.68377833,-33.505925,High
-70.683315,-33.50612,High
-70.68269667,-33.50608833,Medium
-70.682545,-33.50577167,Medium
-70.68238833,-33.50546333,Medium
-70.68223,-33.50513833,Medium
-70.68203333,-33.50474833,Medium
-70.68185,-33.504395,Medium
-70.68168167,-33.50407833,Medium
-70.68148333,-33.503705,Medium
-70.68126833,-33.503275,Medium
-70.681075,-33.50285333,Medium
-70.68082833,-33.50245167,Medium
-70.68064167,-33.50208333,Medium
-70.68048667,-33.50180833,Medium
-70.680325,-33.50149667,Medium
-70.68012333,-33.50109333,Medium
-70.679905,-33.50068833,Medium
-70.67975167,-33.50032333,Medium
-70.67947667,-33.49983167,Medium
-70.67931833,-33.499515,Medium
-70.679145,-33.49919833,Medium
-70.67897167,-33.49886333,Medium
-70.67882,-33.49855,Medium
-70.67863833,-33.4982,Medium
-70.67849,-33.49795333,Medium
-70.678355,-33.497695,Medium
-70.6782,-33.497395,Medium
-70.67803167,-33.49711167,Medium
-70.67784,-33.49682167,Medium
-70.67766,-33.49650833,Medium
-70.677475,-33.49616667,Medium
-70.67730333,-33.49581,Medium
-70.67715333,-33.495465,Medium
-70.67697833,-33.49513667,Medium
-70.67683,-33.49483667,Medium
-70.67666667,-33.49452667,Medium
-70.67647667,-33.49418667,Medium
-70.67632833,-33.49383833,Medium
-70.67615833,-33.493485,Medium
-70.67597667,-33.49312333,Medium
-70.67580833,-33.49275333,Medium
-70.67565,-33.4924,Medium
-70.67547667,-33.49209667,High
-70.67526,-33.491735,Medium
-70.67508,-33.491325,Medium
-70.67494167,-33.49103,Medium
-70.674825,-33.49078333,Medium
-70.67465667,-33.49045333,Medium
-70.67451167,-33.49012667,High
-70.67433667,-33.48984333,High
-70.67417167,-33.48947833,High
-70.67393,-33.48901,Medium
-70.67372833,-33.48857333,Medium
-70.67353167,-33.48817667,Medium
-70.67340667,-33.48792833,Medium
-70.67323333,-33.48758833,Medium
-70.67309833,-33.48726,Medium
-70.67292833,-33.48693833,Medium
-70.67272333,-33.48652167,High
-70.67252833,-33.486135,Medium
-70.67227333,-33.48563333,Medium
-70.67215167,-33.48535833,Medium
-70.67199333,-33.485035,Medium
-70.67179833,-33.48469,High
-70.67165,-33.48436167,Medium
-70.67149667,-33.48396,Medium
-70.67128,-33.48351333,Medium
-70.671065,-33.48306667,Medium
-70.67081667,-33.48257667,High
-70.67057167,-33.48210333,High
-70.67035667,-33.48165167,Medium
-70.67015333,-33.481175,Medium
-70.66994333,-33.48074333,Medium
-70.66974167,-33.48037833,Medium
-70.66959333,-33.48008333,Medium
-70.669455,-33.47981167,High
-70.66932333,-33.47952333,High
-70.66917,-33.47917667,High
-70.66908667,-33.47877333,High
-70.66945667,-33.47865,High
-70.669855,-33.47862833,High
-70.67031167,-33.47858833,High
-70.67068,-33.478565,High
-70.67101167,-33.47853833,High
-70.671405,-33.47851167,High
-70.67184833,-33.47851,High
-70.672375,-33.47854333,High
-70.67292333,-33.47850833,High
-70.673465,-33.47848833,High
-70.67400167,-33.47848333,High
-70.67456833,-33.47846333,High
-70.675135,-33.47845167,Medium
-70.67571833,-33.47846833,Medium
-70.67630167,-33.478465,Medium
-70.676905,-33.47843667,High
-70.67751333,-33.47844167,High
-70.67814,-33.478405,High
-70.67875667,-33.47841333,High
-70.67933667,-33.47840333,Medium
-70.67992333,-33.47838333,Medium
-70.680495,-33.47830833,Medium
-70.68107833,-33.47828,Medium
-70.681695,-33.478305,Medium
-70.68221667,-33.47833167,Medium
-70.682755,-33.47833167,Medium
-70.68325167,-33.47828333,Medium
-70.683735,-33.47818,High
-70.68408333,-33.47797667,High
-70.68426,-33.477575,Medium
-70.68413167,-33.47711667,Medium
-70.68398333,-33.47666167,Medium
-70.68387167,-33.47627333,Medium
-70.68372667,-33.47589667,Medium
-70.68362333,-33.47559,Medium
-70.68346667,-33.47533833,Medium
-70.68325667,-33.47500667,Medium
-70.68295,-33.47462833,High
-70.68263833,-33.47419833,Medium
-70.682305,-33.473765,Medium
-70.68208167,-33.473405,Medium
-70.68193,-33.47317667,Medium
-70.68168,-33.47286833,Medium
-70.68138167,-33.472475,Medium
-70.68117,-33.472095,Medium
-70.68102,-33.47189667,High
-70.68081833,-33.47160833,Medium
-70.68061833,-33.47122667,Medium
-70.6805,-33.47084167,Medium
-70.680255,-33.47061,Medium
-70.67970833,-33.47066,Medium
-70.67912,-33.47065667,Medium
-70.67853667,-33.47068333,Medium
-70.67822667,-33.470685,Medium
-70.677845,-33.470655,Medium
-70.67735667,-33.47064833,Medium
-70.67677,-33.470635,Medium
-70.67625167,-33.47063,Medium
-70.67585,-33.47064167,Medium
-70.67527,-33.47064167,Medium
-70.67480667,-33.47062167,Medium
-70.674285,-33.47060833,High
-70.67377167,-33.47063167,High
-70.67336,-33.47065167,Medium
-70.672925,-33.470645,Medium
-70.67254667,-33.47063,Medium
-70.67206333,-33.47061,Medium
-70.671605,-33.470665,Medium
-70.67116,-33.47062167,Medium
-70.670785,-33.47061667,Medium
-70.67033,-33.47058833,Medium
-70.66989667,-33.47058,High
-70.66942833,-33.470575,High
-70.66896,-33.47060833,Medium
-70.66851667,-33.47059167,Medium
-70.66819833,-33.47058,High
-70.66763667,-33.47056,High
-70.66723,-33.47054667,High
-70.66674,-33.47054833,High
-70.66614833,-33.47054333,High
-70.66552167,-33.47053333,Medium
-70.66487833,-33.47053167,Medium
-70.66425167,-33.470485,Medium
-70.663595,-33.47046333,High
-70.66298167,-33.470445,High
-70.66238667,-33.47039,Medium
-70.66176667,-33.47036,Medium
-70.66115833,-33.47031,Medium
-70.660565,-33.47029833,Medium
-70.65952833,-33.47025333,Medium
-70.65912333,-33.470215,Medium
-70.658635,-33.47020667,Medium
-70.6581,-33.470165,Medium
-70.65746,-33.47011333,Medium
-70.65687833,-33.47009,Medium
-70.65632333,-33.47010667,Medium
-70.65582833,-33.47015667,Medium
-70.65542,-33.47031667,Medium
-70.65505667,-33.47043833,Medium
-70.654735,-33.47044,Medium
-70.65437667,-33.470415,Medium
-70.65400833,-33.47038333,Medium
-70.65361167,-33.47034,High
-70.65319833,-33.470305,High
-70.65272833,-33.470245,Medium
-70.65226167,-33.470195,High
-70.65187333,-33.47016,High
-70.65136167,-33.47010333,High
-70.65100667,-33.470065,High
-70.650665,-33.47005333,High
-70.65021167,-33.47,High
-70.65002833,-33.47033833,High
-70.649995,-33.47073,High
-70.64994333,-33.471015,High
-70.64987333,-33.471395,Medium
-70.64977833,-33.47189167,Medium
-70.64974833,-33.47236833,Medium
-70.64967,-33.47273833,Medium
-70.64957167,-33.47320167,Medium
-70.64953833,-33.47348833,Medium
-70.64951333,-33.47377,Medium
-70.64946333,-33.47404167,High
-70.64943167,-33.47445833,High
-70.64939,-33.47474167,Medium
-70.64937,-33.475025,Medium
-70.649315,-33.47527667,Medium
-70.64965,-33.47290167,Medium
-70.64961167,-33.47303167,Medium
-70.61102625,-33.43841125,Medium
-70.61328125,-33.43894958,Medium
-70.61793812,-33.43964667,Medium
-70.61944083,-33.43989292,Medium
-70.620968,-33.44024767,Medium
-70.61962458,-33.44466083,Medium
-70.61778375,-33.45237167,Medium
-70.61785306,-33.45400528,Medium
-70.61804542,-33.45547604,Low
-70.61502769,-33.46146506,Medium
-70.61814917,-33.46595833,Medium
-70.62606106,-33.46719376,Medium
-70.62701278,-33.46501611,Medium
-70.62836778,-33.46509583,Medium
-70.63438097,-33.46576403,Medium
-70.63532042,-33.4634625,Medium
-70.63682688,-33.45729792,Medium
-70.64029583,-33.44548542,Medium
-70.64334438,-33.43667813,Low
-70.63976991,-33.42811646,Medium
-70.63999458,-33.42731583,Medium
-70.64046639,-33.42118361,Low
-70.63913875,-33.41775208,Medium
-70.63506444,-33.40848361,High
-70.63486917,-33.408175,High
-70.63227208,-33.40440354,High
-70.63038266,-33.40179802,High
-70.62506,-33.39451258,High
-70.61190694,-33.41573125,Medium
-70.61098542,-33.41731083,Low
-70.61218167,-33.416335,Medium
-70.61338,-33.41725354,Medium
-70.61864028,-33.42178889,Low
-70.61818056,-33.42260528,Low
-70.61634783,-33.42699833,Low
-70.61998483,-33.42934561,Low
-70.61671944,-33.43466722,Medium
-70.61535083,-33.43456292,Medium
-70.61462769,-33.43443296,Medium
-70.61424,-33.43434333,Medium
-70.61390667,-33.43427333,Medium
-70.61355,-33.434195,Medium
-70.613215,-33.43411833,Medium
-70.612825,-33.43404167,Medium
-70.61244667,-33.43395333,Medium
-70.61203333,-33.43388,Medium
-70.611625,-33.43381167,Medium
-70.61122667,-33.43374167,Medium
-70.61080833,-33.43355833,Medium
-70.610435,-33.43348167,Medium
-70.61005167,-33.43341667,Medium
-70.60968333,-33.43334167,Medium
-70.60933,-33.43325167,Medium
-70.60898833,-33.43317667,Medium
-70.60886833,-33.433445,Medium
-70.60876333,-33.433745,Medium
-70.608645,-33.43411333,Medium
-70.60854833,-33.43451833,Medium
-70.60843833,-33.43491833,Medium
-70.60832,-33.43534167,Medium
-70.60823833,-33.43577333,Medium
-70.60814833,-33.436185,Medium
-70.60802,-33.43658833,Medium
-70.60792,-33.437005,Medium
-70.60781333,-33.437385,Medium
-70.607705,-33.43775833,Medium
-70.60755,-33.43814667,Medium
-70.60768667,-33.43842,Medium
-70.60810333,-33.43843,Medium
-70.60863333,-33.43842167,Medium
-70.60914333,-33.43844667,Medium
-70.60968833,-33.43843333,Medium
-70.61023167,-33.43833833,Medium
-70.61069167,-33.43833,Medium
-70.61123,-33.43847,Medium
-70.61157667,-33.43856333,Medium
-70.61203667,-33.43866,Medium
-70.61249833,-33.43877167,Medium
-70.6129,-33.43886167,Medium
-70.61351667,-33.43898333,Medium
-70.61383333,-33.43904,Medium
-70.61427333,-33.43912,Medium
-70.614765,-33.43920833,Medium
-70.61528333,-33.43928667,Medium
-70.61582,-33.43938667,Medium
-70.61634667,-33.43943833,Medium
-70.616895,-33.43950167,Medium
-70.61740333,-33.43956167,Medium
-70.61774833,-33.43961833,Medium
-70.61839667,-33.43972667,Medium
-70.61882167,-33.43981667,Medium
-70.61924667,-33.43987667,Medium
-70.61985333,-33.43997667,Medium
-70.62020667,-33.44007167,Medium
-70.620585,-33.44019333,Medium
-70.621095,-33.44036,Medium
-70.620975,-33.44073333,Medium
-70.620865,-33.4411,Medium
-70.62073167,-33.44150667,Medium
-70.62054167,-33.44186833,Medium
-70.620435,-33.44231167,Medium
-70.62028333,-33.44270167,Medium
-70.62016167,-33.44309833,Medium
-70.62003333,-33.44349833,Medium
-70.61986667,-33.443875,Medium
-70.61975333,-33.44421667,Medium
-70.61968,-33.44454,Medium
-70.619545,-33.44493,Medium
-70.619445,-33.44520833,Medium
-70.61934,-33.445535,Medium
-70.61922833,-33.44585,Medium
-70.61912333,-33.44618667,Medium
-70.61896333,-33.44654667,Medium
-70.61887,-33.44689167,Medium
-70.61880167,-33.44725167,Medium
-70.61870667,-33.44762,Medium
-70.61864667,-33.44794167,Medium
-70.61854333,-33.44820667,Medium
-70.61844167,-33.44848667,Medium
-70.618405,-33.44882167,Medium
-70.618275,-33.44920333,Medium
-70.61826,-33.44961167,Medium
-70.618205,-33.449975,Medium
-70.61813167,-33.45030833,Medium
-70.61809,-33.45062,Medium
-70.61805333,-33.45096333,Medium
-70.618005,-33.45131667,Medium
-70.61793833,-33.45168167,Medium
-70.61787167,-33.45198,Medium
-70.61775167,-33.45266667,Medium
-70.61775,-33.45305167,Medium
-70.61778333,-33.45343,Medium
-70.61781833,-33.45370167,Medium
-70.61789167,-33.45435333,Low
-70.61792,-33.45465333,Low
-70.61795833,-33.45497833,Medium
-70.61801167,-33.45527333,Medium
-70.618095,-33.45582,Medium
-70.617665,-33.45608,Medium
-70.6176,-33.45637167,Medium
-70.617435,-33.45667667,Medium
-70.61727167,-33.456975,Medium
-70.617175,-33.45721167,Medium
-70.61701333,-33.45751333,Medium
-70.61685,-33.45782333,Medium
-70.61666,-33.45816833,Medium
-70.61652667,-33.45842833,Medium
-70.61635,-33.45874333,Medium
-70.61617333,-33.45909333,Medium
-70.61599833,-33.45943,Medium
-70.61582833,-33.459775,Medium
-70.61565667,-33.46014667,Medium
-70.61544667,-33.46051333,Medium
-70.615255,-33.46090167,Medium
-70.61505833,-33.46124,Medium
-70.61507667,-33.46183833,Medium
-70.61512333,-33.46219167,Medium
-70.61517,-33.462585,Medium
-70.61516,-33.46302667,Medium
-70.61513167,-33.46349333,Medium
-70.61508167,-33.46392667,High
-70.615085,-33.46436167,High
-70.61504167,-33.46477,High
-70.61506333,-33.46512333,High
-70.615065,-33.46540667,High
-70.61529667,-33.46564333,High
-70.61571833,-33.465685,Medium
-70.61620333,-33.46573833,Medium
-70.61672,-33.465815,Medium
-70.61721167,-33.46586833,Medium
-70.61767,-33.465915,Medium
-70.61801833,-33.46595333,Medium
-70.61839,-33.46598833,Medium
-70.61882333,-33.46605333,Medium
-70.61930667,-33.466105,Medium
-70.61984833,-33.46619167,Medium
-70.62035167,-33.46625667,Medium
-70.62085,-33.46632167,Medium
-70.621325,-33.46637833,Medium
-70.6217,-33.466415,Medium
-70.62209,-33.46647,Medium
-70.62243833,-33.46654333,Medium
-70.62287167,-33.46665333,Medium
-70.623325,-33.46675833,Medium
-70.62383167,-33.46684,Medium
-70.62439333,-33.466955,Medium
-70.62499167,-33.46712167,Medium
-70.625535,-33.467185,Medium
-70.62638333,-33.46718167,Medium
-70.62650167,-33.46681333,Medium
-70.62659167,-33.46642667,Medium
-70.62670167,-33.46602833,Medium
-70.62678833,-33.465625,Medium
-70.62691167,-33.46527833,Medium
-70.62712167,-33.46484833,Medium
-70.62755167,-33.464905,Medium
-70.62791,-33.46497833,Medium
-70.628875,-33.46516333,High
-70.62923,-33.465195,High
-70.62967667,-33.46525,High
-70.63016333,-33.46532333,High
-70.63061833,-33.46536667,High
-70.631095,-33.46543167,High
-70.63152167,-33.46547167,Medium
-70.63189,-33.46551333,High
-70.63237,-33.46553167,High
-70.63278667,-33.46557833,Medium
-70.63319167,-33.46563167,Medium
-70.63361167,-33.46569333,Medium
-70.63408,-33.465745,Medium
-70.63471333,-33.46561167,Medium
-70.634815,-33.46526167,Medium
-70.63493833,-33.464855,Medium
-70.63502167,-33.46448,Medium
-70.63513667,-33.46410333,Medium
-70.63522,-33.46380667,Medium
-70.63535333,-33.46331833,Medium
-70.63543667,-33.46300167,Medium
-70.63554,-33.46257167,Medium
-70.635685,-33.46212833,Medium
-70.63582,-33.46167167,Medium
-70.63594667,-33.461205,Medium
-70.63607333,-33.46075667,Medium
-70.63617333,-33.46034,Medium
-70.63627833,-33.45991,Medium
-70.63637333,-33.45948667,Medium
-70.63645833,-33.45905833,Medium
-70.63655833,-33.458625,Medium
-70.636635,-33.4582,Medium
-70.636735,-33.45782667,Medium
-70.63679167,-33.45752667,Medium
-70.63691,-33.45698167,Medium
-70.636995,-33.45662667,Medium
-70.63710667,-33.45620833,Medium
-70.63720167,-33.45579,Medium
-70.637295,-33.45536333,Medium
-70.637375,-33.45499,Medium
-70.63744167,-33.45464,Medium
-70.63751167,-33.45433,Medium
-70.637585,-33.45404,Medium
-70.637655,-33.45371333,Medium
-70.63773,-33.45338667,Medium
-70.637815,-33.45303333,High
-70.637895,-33.452685,High
-70.63799333,-33.45234667,High
-70.63809833,-33.45202167,High
-70.63821667,-33.45163333,High
-70.638335,-33.45126833,Medium
-70.63844167,-33.450945,Medium
-70.638545,-33.45070667,Medium
-70.63865167,-33.45039167,Medium
-70.63875833,-33.45007167,Medium
-70.63885333,-33.44972833,Medium
-70.63896,-33.44940667,Medium
-70.63901333,-33.44911667,Medium
-70.63912833,-33.44876333,Medium
-70.63923833,-33.44841833,Low
-70.63934167,-33.44805167,Low
-70.639445,-33.44768333,Medium
-70.63953167,-33.447375,Medium
-70.63968833,-33.44708,Medium
-70.639775,-33.44674167,Medium
-70.63988,-33.44644333,Medium
-70.64008333,-33.44604833,Medium
-70.640165,-33.44572667,Medium
-70.64032333,-33.44538667,Medium
-70.64047,-33.44505,Medium
-70.64056333,-33.44470667,Medium
-70.64074167,-33.44438833,Medium
-70.64085833,-33.44412167,Medium
-70.64092667,-33.44386667,Medium
-70.64099667,-33.44361167,Medium
-70.64104333,-33.44334333,Medium
-70.64113167,-33.44301667,Low
-70.64121667,-33.44265833,Low
-70.641405,-33.44231,Low
-70.64150167,-33.44190667,Low
-70.64164833,-33.44148667,Low
-70.64186833,-33.44108167,Low
-70.64231667,-33.44008,Low
-70.64222833,-33.43957333,Low
-70.64241167,-33.43913667,Low
-70.64250667,-33.43873667,Low
-70.64268333,-33.43836167,Low
-70.642965,-33.43805333,Low
-70.64322333,-33.43773833,Low
-70.643345,-33.4374,Low
-70.64337667,-33.43706,Low
-70.64323667,-33.43630333,Low
-70.643155,-33.43599833,Low
-70.64306,-33.43570333,Low
-70.64295333,-33.43539,Low
-70.64285333,-33.435065,Medium
-70.64274333,-33.43475167,Medium
-70.64266667,-33.434435,Medium
-70.642565,-33.43409833,Medium
-70.64245,-33.43377333,Medium
-70.64238333,-33.43343,Medium
-70.642335,-33.43312667,Medium
-70.64228833,-33.43285667,Medium
-70.64223833,-33.43244333,Medium
-70.64219,-33.43212167,Medium
-70.64213333,-33.43168,Medium
-70.64210167,-33.431415,Medium
-70.64210167,-33.43114333,Medium
-70.64207,-33.43088167,Medium
-70.64201833,-33.43059833,Medium
-70.64195333,-33.43030333,Medium
-70.641905,-33.42997333,Medium
-70.64187,-33.42960167,Medium
-70.64176833,-33.42925333,Medium
-70.641615,-33.428955,Medium
-70.64132,-33.42878833,Medium
-70.64093,-33.42861167,Medium
-70.64046,-33.42842667,Medium
-70.640095,-33.428245,Medium
-70.63970833,-33.42781667,Medium
-70.639925,-33.42756667,Medium
-70.63990833,-33.42704667,Medium
-70.63980667,-33.42664833,Medium
-70.63970167,-33.42623833,Medium
-70.63965167,-33.425925,Medium
-70.63968333,-33.425605,Medium
-70.63975333,-33.42525333,Medium
-70.63982167,-33.42489167,Medium
-70.63986,-33.424545,Medium
-70.6399,-33.42422833,Medium
-70.63995333,-33.42388167,Medium
-70.64006333,-33.423455,Low
-70.64013167,-33.423015,Low
-70.6402,-33.42257833,Low
-70.64030333,-33.42215833,Low
-70.640355,-33.42172333,Low
-70.64043,-33.421335,Low
-70.64050833,-33.42097167,Medium
-70.64061333,-33.420635,Medium
-70.64068167,-33.420265,Medium
-70.64061167,-33.41987167,Medium
-70.6404,-33.419595,Low
-70.64021667,-33.41932833,Low
-70.64,-33.41904,Low
-70.63982667,-33.41875667,Medium
-70.63965,-33.41849,Medium
-70.63946167,-33.41820333,Low
-70.63926833,-33.4179,Medium
-70.63903833,-33.417495,Medium
-70.638865,-33.417185,Medium
-70.63866167,-33.41680667,Medium
-70.63855667,-33.41641667,Medium
-70.63848667,-33.41601333,Medium
-70.63842667,-33.415595,Medium
-70.63845,-33.41519,Medium
-70.638485,-33.41477333,Medium
-70.63850333,-33.41437,Medium
-70.63854333,-33.41404833,Medium
-70.63856833,-33.41376333,Medium
-70.638565,-33.41339333,High
-70.63841833,-33.41314167,High
-70.63820667,-33.41287833,High
-70.638005,-33.41263833,High
-70.63779667,-33.41239,High
-70.63757333,-33.41212833,High
-70.63736667,-33.41187333,High
-70.63715,-33.41158,High
-70.63691833,-33.41128833,High
-70.63665167,-33.410945,High
-70.63639333,-33.41060333,High
-70.63621833,-33.410285,High
-70.63605667,-33.410025,High
-70.635895,-33.40977333,High
-70.63570833,-33.40947833,High
-70.63550167,-33.40912833,High
-70.63527167,-33.40880333,High
-70.634715,-33.407945,High
-70.634475,-33.40755333,High
-70.634215,-33.40715667,High
-70.63392333,-33.406755,High
-70.63366167,-33.40639167,High
-70.63340333,-33.40602667,High
-70.63318,-33.40568333,High
-70.63293,-33.405305,High
-70.63267667,-33.40492333,High
-70.63242667,-33.40457167,High
-70.63209167,-33.40416333,High
-70.63191,-33.40390833,High
-70.63171167,-33.40364167,High
-70.63149167,-33.40335333,High
-70.63127167,-33.40301333,High
-70.631015,-33.402685,High
-70.63079167,-33.40236,High
-70.63056167,-33.40203667,High
-70.63020833,-33.40158,High
-70.62994833,-33.40127,High
-70.62974667,-33.40100833,High
-70.62956,-33.40076167,High
-70.62936333,-33.40048833,High
-70.629145,-33.40017333,High
-70.628885,-33.39985333,High
-70.628655,-33.39946667,High
-70.62842167,-33.39908167,High
-70.628125,-33.39874833,High
-70.62788167,-33.39836667,High
-70.62763833,-33.39804667,High
-70.62744333,-33.397795,High
-70.62723,-33.39751333,High
-70.62702167,-33.39721167,High
-70.62684333,-33.396945,High
-70.62667,-33.39671167,High
-70.62646833,-33.39644667,High
-70.62625,-33.39614667,High
-70.62602333,-33.39582333,High
-70.62580167,-33.39549167,High
-70.625585,-33.39518667,High
-70.62539667,-33.39495333,High
-70.62520167,-33.39468833,High
-70.62477333,-33.3945,High
-70.62439667,-33.39464,High
-70.62392667,-33.39482667,Medium
-70.62350167,-33.39499333,High
-70.62302833,-33.39520167,High
-70.62252167,-33.395385,High
-70.62204333,-33.39553333,High
-70.62157667,-33.39573667,High
-70.621125,-33.39595,High
-70.62066167,-33.39617,High
-70.62020833,-33.396385,High
-70.61972,-33.39666,High
-70.619205,-33.39684167,Medium
-70.61863,-33.39697167,Medium
-70.61805667,-33.39709667,Medium
-70.61752167,-33.397215,Medium
-70.61707,-33.39744333,High
-70.616655,-33.397765,High
-70.616295,-33.39812167,Medium
-70.61589167,-33.39848167,Medium
-70.61546667,-33.39884333,Medium
-70.61507333,-33.39924,Medium
-70.61471333,-33.39965167,Medium
-70.61363667,-33.41476167,Medium
-70.613225,-33.41515667,Medium
-70.61273833,-33.41545833,Medium
-70.61227167,-33.41565667,Medium
-70.61176833,-33.41573667,Medium
-70.61138,-33.41581167,Medium
-70.61097333,-33.41589833,Medium
-70.61053667,-33.41598833,Medium
-70.61013667,-33.41607,Medium
-70.61022333,-33.41641833,Medium
-70.61037333,-33.41671,Medium
-70.61060667,-33.41699667,Medium
-70.61085167,-33.417265,Low
-70.61128833,-33.41705167,Medium
-70.61154333,-33.41684667,Medium
-70.61178167,-33.416645,Medium
-70.61207667,-33.41642333,Medium
-70.61235667,-33.416385,Medium
-70.61266,-33.41661667,Medium
-70.61302167,-33.4169,Medium
-70.613295,-33.41716,Medium
-70.61369667,-33.41756167,Medium
-70.6141,-33.41788667,Medium
-70.61447333,-33.41817667,Medium
-70.61481167,-33.41847667,Medium
-70.61504167,-33.41873333,Medium
-70.61529667,-33.41894833,Medium
-70.61551833,-33.41917667,Medium
-70.61581333,-33.41945833,Medium
-70.61615667,-33.41975833,Medium
-70.61657333,-33.42007833,Medium
-70.616935,-33.42035,Medium
-70.61719333,-33.42060833,Medium
-70.61746167,-33.42086333,Medium
-70.61778167,-33.42112167,Medium
-70.61813167,-33.42139833,Medium
-70.61847167,-33.42162333,Medium
-70.61868,-33.42191833,Low
-70.61858833,-33.42226167,Low
-70.61827167,-33.42253333,Low
-70.61806167,-33.42270833,Low
-70.617745,-33.42295,Low
-70.61746667,-33.42317833,Low
-70.617195,-33.42345,Low
-70.61686,-33.42371833,Low
-70.61653167,-33.42396833,Low
-70.61625333,-33.42427167,Low
-70.61594333,-33.424575,Low
-70.615635,-33.424795,Low
-70.615335,-33.42503333,Low
-70.61512333,-33.42523833,Low
-70.61486167,-33.42552833,Low
-70.6151,-33.42589333,Low
-70.61542667,-33.42614333,Low
-70.61575167,-33.42641833,Low
-70.61604833,-33.42664,Low
-70.61649,-33.42727833,Low
-70.61688333,-33.427445,Low
-70.61731167,-33.42762167,Low
-70.617785,-33.42779167,Low
-70.61825667,-33.42793833,Low
-70.61867,-33.42813333,Low
-70.61911833,-33.42827333,Low
-70.61947167,-33.42850167,Low
-70.61979,-33.42865,Low
-70.62008333,-33.42876333,Low
-70.620245,-33.42897,Low
-70.61977167,-33.42966167,Low
-70.619535,-33.42993,Medium
-70.619285,-33.43030667,Medium
-70.61907333,-33.43066333,Medium
-70.61889333,-33.43093833,Medium
-70.61868167,-33.431245,Medium
-70.61847833,-33.43157833,Medium
-70.61824667,-33.43192,Medium
-70.61805333,-33.43224667,Medium
-70.61787167,-33.43255,Medium
-70.61770167,-33.43279,Medium
-70.61754167,-33.43302667,Medium
-70.61737167,-33.43329333,Medium
-70.61721167,-33.43360667,Medium
-70.61702833,-33.43394667,Medium
-70.61689167,-33.43428833,Medium
-70.61628667,-33.43474833,Medium
-70.61592333,-33.43467333,Medium
-70.61555667,-33.434585,Medium
-70.614865,-33.43445167,Medium
-70.61450667,-33.43440167,Medium
-70.61408,-33.43431333,Medium
-70.61372667,-33.43423333,Medium
-70.613395,-33.43416167,Medium
-70.61301,-33.43407667,Medium
-70.61263833,-33.43399667,Medium
-70.61224,-33.43392,Medium
-70.61182167,-33.43385,Medium
-70.611435,-33.43378,Medium
-70.611025,-33.43362833,Medium
-70.61062667,-33.43352333,Medium
-70.61024667,-33.43343833,Medium
-70.609865,-33.43338333,Medium
-70.60950667,-33.433295,Medium
-70.60916333,-33.433215,Medium
-70.6089,-33.43326167,Medium
-70.60882667,-33.43358833,Medium
-70.60870333,-33.43392333,Medium
-70.60860167,-33.43430833,Medium
-70.60849,-33.43472167,Medium
-70.60838167,-33.43512667,Medium
-70.60826667,-33.435555,Medium
-70.60820833,-33.43598667,Medium
-70.60807833,-33.436385,Medium
-70.607975,-33.43679667,Medium
-70.60786833,-33.43721,Medium
-70.60777167,-33.43753,Medium
-70.60762167,-33.43797667,Medium
-70.60751167,-33.43831167,Medium
-70.60787667,-33.438425,Medium
-70.60836,-33.43840833,Medium
-70.60889167,-33.43843167,Medium
-70.60942333,-33.43843667,Medium
-70.60996,-33.43839833,Medium
-70.61047333,-33.43833833,Medium
-70.61084833,-33.438365,Medium
-70.61138833,-33.438515,Medium
-70.61180333,-33.43861833,Medium
-70.612275,-33.43872,Medium
-70.61272167,-33.438805,Medium
-70.61306167,-33.43889667,Medium
-70.61366167,-33.43901,Medium
-70.61403833,-33.43907333,Medium
-70.61451667,-33.43916333,Medium
-70.61503,-33.439235,Medium
-70.61555333,-33.43932167,Medium
-70.61608167,-33.43940833,Medium
-70.616625,-33.43946333,Medium
-70.617175,-33.43951167,Medium
-70.61758833,-33.43959,Medium
-70.61820333,-33.43970167,Medium
-70.61860167,-33.439765,Medium
-70.61901667,-33.43984167,Medium
-70.619675,-33.43993667,Medium
-70.62003333,-33.44002,Medium
-70.62038333,-33.44014,Medium
-70.62078667,-33.44023,Medium
-70.621035,-33.44055833,Medium
-70.62092,-33.44091833,Medium
-70.62081,-33.44130667,Medium
-70.62064167,-33.44168,Medium
-70.62047833,-33.44208167,Medium
-70.62037333,-33.44251667,Medium
-70.62024,-33.44290667,Medium
-70.620095,-33.44327833,Medium
-70.61993833,-33.44369333,Medium
-70.61978833,-33.44404,Medium
-70.61972167,-33.444395,Medium
-70.6196,-33.44477167,Medium
-70.61949667,-33.445065,Medium
-70.61939667,-33.44536667,Medium
-70.61928833,-33.44569667,Medium
-70.61917833,-33.44601333,Medium
-70.61906167,-33.44637667,Medium
-70.61891333,-33.44671333,Medium
-70.61887667,-33.44706833,Medium
-70.61873,-33.447425,Medium
-70.61868167,-33.44779,Medium
-70.61860667,-33.44807333,Medium
-70.61848667,-33.44836667,Medium
-70.61842333,-33.44864333,Medium
-70.61835167,-33.44901,Medium
-70.61825833,-33.44940667,Medium
-70.61823167,-33.44979167,Medium
-70.61815,-33.45013833,Medium
-70.61810667,-33.45046167,Medium
-70.61806833,-33.45078333,Medium
-70.61802833,-33.45114,Medium
-70.61797333,-33.451505,Medium
-70.617915,-33.45185833,Medium
-70.61780667,-33.452205,Medium
-70.61770833,-33.45285,Medium
-70.617765,-33.45329333,Medium
-70.61779833,-33.453565,Medium
-70.61782833,-33.45382333,Medium
-70.61789833,-33.45415333,Low
-70.6179,-33.45449667,Low
-70.617935,-33.45481333,Low
-70.61798333,-33.45513,Medium
-70.61809667,-33.45561667,Low
-70.61788833,-33.45593167,Medium
-70.617625,-33.45621167,Medium
-70.61753167,-33.45653,Medium
-70.61735667,-33.45681833,Medium
-70.61723,-33.45707667,Medium
-70.61709833,-33.45736,Medium
-70.61693,-33.45766833,Medium
-70.61674833,-33.45799667,Medium
-70.61658833,-33.458305,Medium
-70.61644667,-33.45858,Medium
-70.61625,-33.45892,Medium
-70.61609667,-33.45926833,Medium
-70.61591167,-33.45959167,Medium
-70.61575667,-33.45995833,Medium
-70.61554833,-33.46031333,Medium
-70.615355,-33.46071333,Medium
-70.61515167,-33.46108667,Medium
-70.61506167,-33.46168333,Medium
-70.615095,-33.46200667,Medium
-70.61515833,-33.462365,Medium
-70.61518833,-33.46280167,Medium
-70.61515167,-33.46326667,Medium
-70.61510167,-33.463715,Medium
-70.61508,-33.46413,High
-70.61506833,-33.46458167,High
-70.61505,-33.464965,High
-70.615065,-33.46527167,High
-70.615085,-33.46555333,High
-70.61549,-33.46566667,Medium
-70.61596,-33.46572,Medium
-70.61648,-33.46577333,Medium
-70.61697,-33.46584333,Medium
-70.61744167,-33.46589333,Medium
-70.61787,-33.46593833,Medium
-70.61858333,-33.46602167,Medium
-70.61906833,-33.46607667,Medium
-70.61957833,-33.46615167,Medium
-70.62010333,-33.46621167,Medium
-70.62061,-33.466295,Medium
-70.62109833,-33.46636,Medium
-70.62151833,-33.46639667,Medium
-70.62187667,-33.46643333,Medium
-70.62225667,-33.46650333,Medium
-70.62264167,-33.466595,Medium
-70.62308333,-33.46671333,Medium
-70.62357,-33.4668,Medium
-70.62410667,-33.46688333,Medium
-70.62469667,-33.467045,Medium
-70.62526667,-33.46716333,Medium
-70.62577,-33.46721833,Medium
-70.62623667,-33.46720833,Medium
-70.62646,-33.46697833,Medium
-70.62654167,-33.46662833,Medium
-70.62663833,-33.466245,Medium
-70.62673333,-33.46582833,Medium
-70.626865,-33.46543667,Medium
-70.62694833,-33.46516333,Medium
-70.62738167,-33.46486833,Medium
-70.627735,-33.464945,Medium
-70.62807,-33.465015,Medium
-70.62867167,-33.46514833,Medium
-70.62903667,-33.465175,High
-70.62944167,-33.46522,High
-70.62990833,-33.46526333,High
-70.63038667,-33.46533167,High
-70.63084667,-33.46540333,High
-70.63127667,-33.46545167,High
-70.63168667,-33.46549,Medium
-70.63212333,-33.46552,High
-70.63259,-33.46555167,Medium
-70.63297667,-33.46561167,Medium
-70.63341167,-33.46566167,Medium
-70.633865,-33.46572333,Medium
-70.63423,-33.46576667,Medium
-70.63463167,-33.46576833,Medium
-70.634755,-33.46544667,Medium
-70.63488167,-33.46504833,Medium
-70.634985,-33.464645,Medium
-70.63508667,-33.46428667,Medium
-70.63517667,-33.46395333,Medium
-70.63526333,-33.46366,Medium
-70.635385,-33.46317833,Medium
-70.63548,-33.46278333,Medium
-70.63560833,-33.46234833,Medium
-70.63574833,-33.46190167,Medium
-70.63588167,-33.46143833,Medium
-70.63601333,-33.46097833,Medium
-70.63612167,-33.46054833,Medium
-70.63623,-33.46012833,Medium
-70.636325,-33.45969833,Medium
-70.63642167,-33.45927167,Medium
-70.63651,-33.45885,Medium
-70.63659167,-33.45841333,Medium
-70.636675,-33.45799833,Medium
-70.63676833,-33.457665,Medium
-70.63687667,-33.45711333,Medium
-70.63694833,-33.45681333,Medium
-70.63705333,-33.45642167,Medium
-70.63717,-33.45598333,Medium
-70.63723667,-33.45557667,Medium
-70.63731167,-33.45515667,Medium
-70.63740667,-33.45483,Medium
-70.63748,-33.45446667,Medium
-70.63755333,-33.45418833,Medium
-70.63762167,-33.45388,Medium
-70.63768833,-33.45355,Medium
-70.63777333,-33.45321,Medium
-70.637855,-33.45285667,High
-70.63794167,-33.45251333,High
-70.63804167,-33.45218667,High
-70.638145,-33.451835,High
-70.63829167,-33.45144333,High
-70.63839333,-33.45109333,Medium
-70.63849,-33.45082167,Medium
-70.63860167,-33.450525,Medium
-70.6387,-33.45024167,Medium
-70.63880833,-33.44990167,Medium
-70.63891333,-33.449565,Medium
-70.63896333,-33.449255,Medium
-70.63908333,-33.44894167,Medium
-70.639175,-33.44858833,Low
-70.63929,-33.448245,Low
-70.63940833,-33.44787167,Low
-70.63947667,-33.447525,Medium
-70.639615,-33.447235,Medium
-70.63972667,-33.44690167,Medium
-70.63982,-33.4466,Medium
-70.63995667,-33.44622833,Medium
-70.64012,-33.44589,Medium
-70.64019167,-33.44562667,Medium
-70.64040833,-33.44518167,Medium
-70.640525,-33.44490833,Medium
-70.640655,-33.44452333,Medium
-70.640805,-33.44425,Medium
-70.64089833,-33.44400333,Medium
-70.64096667,-33.44374333,Medium
-70.64102833,-33.44347833,Medium
-70.64107667,-33.44318167,Low
-70.64119,-33.44284167,Low
-70.6413,-33.44248667,Low
-70.641455,-33.442105,Low
-70.64153833,-33.4417,Low
-70.64175833,-33.441285,Low
-70.64255333,-33.44029667,Low
-70.64224667,-33.439805,Low
-70.64225833,-33.439385,Low
-70.64247833,-33.43893833,Low
-70.64256,-33.43854167,Low
-70.64279667,-33.43820667,Low
-70.64311167,-33.43789667,Low
-70.64331167,-33.43757,Low
-70.64337667,-33.43724833,Low
-70.64335,-33.43684833,Low
-70.64328667,-33.436445,Low
-70.64319667,-33.43614667,Low
-70.64311167,-33.43585333,Low
-70.64300333,-33.43555,Low
-70.64290333,-33.43523,Low
-70.64279833,-33.43490667,Medium
-70.6427,-33.43459,Medium
-70.64261667,-33.43426833,Medium
-70.64251167,-33.433945,Medium
-70.64241167,-33.4336,Medium
-70.64236,-33.433275,Medium
-70.64231333,-33.432985,Medium
-70.642265,-33.43265667,Medium
-70.64220833,-33.43224833,Medium
-70.64214833,-33.431815,Medium
-70.64212,-33.43155,Medium
-70.64208833,-33.43127833,Medium
-70.64208833,-33.43101,Medium
-70.642045,-33.43074167,Medium
-70.64198167,-33.43046,Medium
-70.64193,-33.43014,Medium
-70.64188667,-33.42979333,Medium
-70.64181667,-33.42942667,Medium
-70.64170333,-33.42909833,Medium
-70.64148667,-33.42885667,Medium
-70.64115167,-33.42870667,Medium
-70.64071,-33.42853667,Medium
-70.64029,-33.42833167,Medium
-70.63994333,-33.428175,Medium
-70.63963833,-33.42800667,Medium
-70.63981833,-33.42768,Medium
-70.64000667,-33.42743667,Medium
-70.63985833,-33.42686167,Medium
-70.63974,-33.42643833,Medium
-70.63966333,-33.42607667,Medium
-70.63965333,-33.42575833,Medium
-70.63972333,-33.42543,Medium
-70.639795,-33.42507167,Medium
-70.63984667,-33.424725,Medium
-70.63987667,-33.42437167,Medium
-70.63993167,-33.42406,Medium
-70.639965,-33.42369167,Medium
-70.64011667,-33.423235,Low
-70.64015,-33.422785,Low
-70.64026,-33.4224,Low
-70.640325,-33.42193667,Low
-70.640415,-33.42151167,Low
-70.64056,-33.42081,Medium
-70.64066167,-33.42043333,Medium
-70.64066833,-33.42007333,Medium
-70.64050167,-33.41972,Low
-70.64031,-33.41946333,Low
-70.640115,-33.41918333,Low
-70.63990667,-33.41887833,Medium
-70.63975333,-33.41862833,Medium
-70.63956,-33.41833667,Low
-70.639385,-33.41801667,Medium
-70.63909833,-33.417615,Medium
-70.63895333,-33.41735167,Medium
-70.63877,-33.41700833,Medium
-70.63861167,-33.4166,Medium
-70.638505,-33.41622,Medium
-70.638445,-33.415805,Medium
-70.638445,-33.41538333,Medium
-70.63846833,-33.41497167,Medium
-70.63848333,-33.41456,Medium
-70.63852,-33.41418333,Medium
-70.63855333,-33.413935,Medium
-70.638585,-33.41359667,Medium
-70.63850667,-33.41327167,High
-70.63831,-33.41301167,High
-70.63810167,-33.41275333,High
-70.63792167,-33.41253833,High
-70.63766833,-33.41223167,High
-70.637475,-33.41200333,High
-70.637265,-33.41173333,High
-70.63704,-33.41144333,High
-70.63678667,-33.41112167,High
-70.636525,-33.41078,High
-70.63629,-33.41042,High
-70.63614833,-33.41018667,High
-70.63598667,-33.40991,High
-70.63580667,-33.40962833,High
-70.63561167,-33.40930833,High
-70.635385,-33.40897,High
-70.63518333,-33.40867167,High
-70.634985,-33.40837333,High
-70.63481,-33.40808333,High
-70.63460167,-33.40776,High
-70.63433167,-33.40736667,High
-70.634065,-33.40696667,High
-70.63379167,-33.40657,High
-70.633535,-33.40621,High
-70.63332167,-33.40585667,High
-70.63304,-33.405505,High
-70.63279833,-33.40513667,High
-70.63251833,-33.404755,High
-70.63217667,-33.40429833,High
-70.63199667,-33.404035,High
-70.631815,-33.40377833,High
-70.63160333,-33.40350167,High
-70.63137333,-33.40319333,High
-70.631135,-33.40286333,High
-70.630915,-33.40251833,High
-70.63067833,-33.402195,High
-70.63006167,-33.40140833,High
-70.62983833,-33.401125,High
-70.62965167,-33.400885,High
-70.62944333,-33.40061,High
-70.62923833,-33.4003,High
-70.62903333,-33.40003,High
-70.62877,-33.39968167,High
-70.62851833,-33.3993,High
-70.62827167,-33.398925,High
-70.62801,-33.39854333,High
-70.62775167,-33.39819667,High
-70.62754833,-33.39792667,High
-70.62733833,-33.39765167,High
-70.62713333,-33.39737333,High
-70.62695167,-33.39709333,High
-70.62676,-33.39683167,High
-70.62657333,-33.396585,High
-70.62636167,-33.39629833,High
-70.626125,-33.39600167,High
-70.62592,-33.39565,High
-70.62569667,-33.39533,High
-70.62549,-33.39507167,High
-70.62530167,-33.39482167,High
-70.62460333,-33.39456167,High
-70.62417667,-33.39472333,High
-70.623695,-33.39491167,High
-70.62327333,-33.39510667,High
-70.62277667,-33.39529,High
-70.62228,-33.39545833,High
-70.62182667,-33.39561167,High
-70.62134667,-33.39581833,High
-70.62092833,-33.39607333,High
-70.62045833,-33.39625667,High
-70.61995,-33.39653167,Medium
-70.61945833,-33.39677167,High
-70.61893,-33.39692833,Medium
-70.618325,-33.39703167,Medium
-70.61777667,-33.397145,Medium
-70.617275,-33.39733167,Medium
-70.61684,-33.39757667,High
-70.61647,-33.39794167,Medium
-70.61609833,-33.39830333,High
-70.615685,-33.39867167,Medium
-70.61525833,-33.399045,Medium
-70.61489333,-33.39945833,Medium
-70.61458667,-33.39987,Medium
-70.6135,-33.41495167,Medium
-70.61298167,-33.41531833,Medium
-70.61250333,-33.41556833,Medium
-70.61208167,-33.41571,Medium
-70.61155667,-33.41577333,Medium
-70.61118167,-33.415855,Medium
-70.61076167,-33.41594167,Medium
-70.610325,-33.41602333,Medium
-70.61015833,-33.41628833,Medium
-70.61029333,-33.41655667,Medium
-70.61048833,-33.41685667,Medium
-70.61072167,-33.41713667,Medium
-70.611165,-33.417155,Medium
-70.61142,-33.41695167,Medium
-70.611665,-33.41674167,Medium
-70.61191,-33.41655,Medium
-70.61251167,-33.41649333,Medium
-70.61282167,-33.416755,Medium
-70.613145,-33.41707333,Medium
-70.61355,-33.41743333,Medium
-70.61392333,-33.41772333,Medium
-70.6143,-33.41800167,Medium
-70.61463333,-33.41833167,Medium
-70.61491167,-33.41860667,Medium
-70.61514,-33.41881667,Medium
-70.61540833,-33.41907,Medium
-70.61565,-33.41930167,Medium
-70.615975,-33.41958333,Medium
-70.61637,-33.41991333,Medium
-70.61674667,-33.42026,Medium
-70.61707667,-33.42047167,Medium
-70.61732667,-33.420725,Medium
-70.61762833,-33.42099667,Medium
-70.61795167,-33.42125,Medium
-70.61831667,-33.42149833,Medium
-70.618655,-33.42211833,Low
-70.61846333,-33.422395,Low
-70.61786833,-33.42285833,Low
-70.617605,-33.42306,Low
-70.61731667,-33.42329667,Low
-70.617025,-33.42359333,Low
-70.616705,-33.42385333,Low
-70.61640667,-33.42412833,Low
-70.61609833,-33.4244,Low
-70.61579,-33.42469333,Low
-70.61548667,-33.42491333,Low
-70.61522333,-33.425145,Low
-70.61498833,-33.42537167,Low
-70.61494333,-33.425795,Low
-70.615245,-33.426015,Low
-70.61559,-33.42628333,Low
-70.61592667,-33.42652667,Low
-70.61616167,-33.42674667,Low
-70.61638833,-33.42718167,Low
-70.61666667,-33.42736667,Low
-70.61710333,-33.42752833,Low
-70.617595,-33.42768833,Low
-70.618025,-33.42784833,Low
-70.61846833,-33.42803667,Low
-70.61891833,-33.42818667,Low
-70.61929333,-33.4284,Low
-70.61964667,-33.42858,Low
-70.61992333,-33.42870167,Low
-70.62020667,-33.42880167,Low
-70.62012333,-33.429135,Low
-70.619855,-33.429545,Low
-70.61966167,-33.42977667,Medium
-70.61941833,-33.43011833,Medium
-70.61918167,-33.43050833,Medium
-70.61898333,-33.4308,Medium
-70.61879667,-33.431085,Medium
-70.618565,-33.431405,Medium
-70.61836833,-33.431735,Medium
-70.61815333,-33.43208,Medium
-70.61797667,-33.43240333,Medium
-70.617775,-33.43267333,Medium
-70.61762167,-33.43290667,Medium
-70.61744667,-33.43315333,Medium
-70.617295,-33.43344667,Medium
-70.61712167,-33.433775,Medium
-70.61695,-33.43412,Medium
-70.616835,-33.434435,Medium
-70.61653167,-33.43478167,Medium
-70.61609667,-33.43472,Medium
-70.61577167,-33.43463167,Medium
-70.61509333,-33.43450833,Medium
-70.63510833,-33.40855333,High
-70.616755,-33.43459667,Medium
-70.67805967,-33.35269672,High
-70.674415,-33.34345,High
-70.67070083,-33.34618833,High
-70.66246708,-33.35505667,High
-70.63991861,-33.36848083,Medium
-70.63827542,-33.37770167,High
-70.63925972,-33.37999056,High
-70.64046089,-33.38280639,High
-70.66071417,-33.38408167,High
-70.66726417,-33.38356583,High
-70.67168771,-33.38413854,High
-70.6719075,-33.38417167,High
-70.67465694,-33.39129639,High
-70.674935,-33.39094917,High
-70.679855,-33.38495333,High
-70.68833125,-33.36959792,High
-70.68917181,-33.36689875,High
-70.689335,-33.36382875,High
-70.68904833,-33.36381167,High
-70.68249688,-33.35940979,High
-70.68308,-33.35621,High
-70.683155,-33.35593333,High
-70.68322167,-33.35564833,High
-70.683305,-33.355335,High
-70.68338333,-33.35501167,High
-70.68343833,-33.35468667,High
-70.68349667,-33.35437333,High
-70.68323667,-33.35414333,High
-70.68286167,-33.35420167,High
-70.682495,-33.35423833,High
-70.68212667,-33.35428,High
-70.68173,-33.354335,High
-70.68138333,-33.35436833,High
-70.68101667,-33.35440333,High
-70.680645,-33.35445167,High
-70.68029167,-33.35448833,High
-70.67993167,-33.35452333,High
-70.67957167,-33.354565,High
-70.679085,-33.354595,High
-70.67875333,-33.354635,High
-70.67836833,-33.35469,High
-70.67799833,-33.35473667,High
-70.67767,-33.354765,High
-70.67739167,-33.354685,High
-70.67746833,-33.35435333,High
-70.67755,-33.354065,High
-70.67763333,-33.35380667,High
-70.67781833,-33.35350167,High
-70.67791167,-33.35318833,High
-70.67799667,-33.35288833,High
-70.678125,-33.35237833,High
-70.678215,-33.35206167,High
-70.678275,-33.351735,High
-70.678235,-33.35142333,High
-70.67816167,-33.35113833,High
-70.67814,-33.35086,High
-70.678195,-33.35058,High
-70.67831,-33.35029167,High
-70.67847833,-33.35001,High
-70.67867,-33.34975833,High
-70.67877667,-33.34946833,High
-70.67869,-33.34912667,High
-70.67858333,-33.348865,High
-70.67849333,-33.3485,High
-70.67845333,-33.34822167,High
-70.67842833,-33.34794333,High
-70.678425,-33.34766833,High
-70.67844333,-33.3474,High
-70.6785,-33.34706833,High
-70.67860333,-33.34681167,High
-70.67861333,-33.34640667,High
-70.67810833,-33.34632333,High
-70.67754,-33.34626167,High
-70.67707333,-33.346215,High
-70.676715,-33.34613,High
-70.676715,-33.345675,High
-70.67668333,-33.34532667,High
-70.67663,-33.344995,High
-70.67647,-33.34472833,High
-70.67624,-33.34449667,High
-70.675995,-33.34428,High
-70.67577167,-33.34408333,High
-70.67551333,-33.34393,High
-70.675155,-33.34378,High
-70.67483667,-33.34366833,High
-70.674565,-33.34348,High
-70.67414667,-33.34364,High
-70.673865,-33.343885,High
-70.673575,-33.34414,High
-70.67329333,-33.34437667,High
-70.67296,-33.34462167,High
-70.67267833,-33.344815,High
-70.67238833,-33.34500333,High
-70.67208833,-33.34520667,High
-70.671805,-33.34540167,High
-70.67153,-33.34560167,High
-70.67123,-33.34580667,High
-70.67085667,-33.34606,High
-70.67038,-33.346455,High
-70.66998333,-33.34653,High
-70.66972667,-33.34672167,High
-70.66953333,-33.34692667,High
-70.66932,-33.34711333,High
-70.66904333,-33.34729833,High
-70.66876167,-33.34749667,High
-70.66847667,-33.3477,High
-70.66818667,-33.34790167,High
-70.66788833,-33.34810333,High
-70.66758667,-33.34831333,High
-70.66733333,-33.348505,High
-70.66703333,-33.34871,High
-70.66671833,-33.34892333,High
-70.6664,-33.34914167,High
-70.66607167,-33.34937833,High
-70.66576,-33.34959,High
-70.665505,-33.34978333,High
-70.66532333,-33.34996833,High
-70.66518333,-33.35021167,High
-70.66504167,-33.35048333,High
-70.66488333,-33.35076,High
-70.664735,-33.35106333,High
-70.66457333,-33.35137667,High
-70.66441,-33.35168333,High
-70.66424667,-33.35198167,High
-70.66407333,-33.35228,High
-70.66388333,-33.35259333,High
-70.66373167,-33.35291167,High
-70.66357833,-33.35321833,High
-70.66344833,-33.35350667,High
-70.663295,-33.35377833,High
-70.66315167,-33.35405667,High
-70.66302,-33.35431167,High
-70.66283333,-33.35456333,High
-70.66266333,-33.35488667,High
-70.66208667,-33.35519667,High
-70.66179333,-33.35530167,High
-70.66148,-33.35540833,High
-70.66118,-33.355525,High
-70.660905,-33.35563,High
-70.660555,-33.355765,High
-70.660155,-33.35592167,High
-70.659975,-33.35623167,High
-70.66017167,-33.35648333,High
-70.66042167,-33.35671167,High
-70.660655,-33.35695167,High
-70.66098,-33.357105,High
-70.66138167,-33.35725833,High
-70.66124833,-33.3576,High
-70.66107833,-33.357875,High
-70.66093167,-33.35817167,High
-70.66079833,-33.35842833,High
-70.66106333,-33.358485,High
-70.66145833,-33.35840833,High
-70.661845,-33.35832833,High
-70.66222,-33.35824,High
-70.66259,-33.35816833,High
-70.66295167,-33.35809333,High
-70.66330667,-33.35802667,High
-70.66365,-33.35796167,High
-70.663955,-33.3581,High
-70.66399333,-33.35837,High
-70.66403833,-33.35872333,High
-70.66408167,-33.359045,High
-70.664135,-33.359355,High
-70.66417667,-33.35965333,High
-70.66422833,-33.359975,High
-70.66426833,-33.36027667,High
-70.66431333,-33.360635,High
-70.66435833,-33.36096833,High
-70.66442333,-33.36131167,High
-70.664455,-33.36164167,High
-70.66448667,-33.36197167,High
-70.66452,-33.36230167,High
-70.66454667,-33.36261667,High
-70.664575,-33.362915,High
-70.66462,-33.36322,High
-70.66465667,-33.36357167,High
-70.66470833,-33.36388833,High
-70.66474167,-33.36420833,High
-70.664775,-33.364535,High
-70.66481667,-33.36484833,High
-70.66486167,-33.36512333,High
-70.66492167,-33.36549833,High
-70.664965,-33.3658,High
-70.66501333,-33.36611833,Medium
-70.66505333,-33.36643333,Medium
-70.66510833,-33.36681,Medium
-70.665155,-33.36709333,Medium
-70.66519167,-33.367415,Medium
-70.66523667,-33.36773667,Medium
-70.66527667,-33.36801167,Medium
-70.665315,-33.36832667,Medium
-70.665015,-33.36850167,Medium
-70.66462167,-33.36852333,Medium
-70.66429167,-33.36860167,Medium
-70.66393333,-33.36870667,High
-70.66359167,-33.36881167,High
-70.663255,-33.36892167,High
-70.66290833,-33.36902667,High
-70.66256333,-33.36912833,High
-70.66220167,-33.36925167,High
-70.66185833,-33.369345,High
-70.6615,-33.36939167,High
-70.66112,-33.36942667,High
-70.660745,-33.36946,High
-70.660365,-33.369495,High
-70.65992833,-33.36956167,High
-70.65994167,-33.369885,High
-70.65998667,-33.37019833,High
-70.66002,-33.37051167,High
-70.66003667,-33.37081333,High
-70.65999333,-33.37110333,High
-70.65988833,-33.37139,High
-70.659715,-33.37165833,High
-70.65949167,-33.37188,High
-70.659235,-33.37204,High
-70.658885,-33.37217833,High
-70.65854667,-33.372315,High
-70.658245,-33.37245333,High
-70.65795833,-33.372595,High
-70.65757167,-33.37282667,High
-70.65724333,-33.37293833,High
-70.656965,-33.37283333,High
-70.65664,-33.37257667,High
-70.65628833,-33.37238833,High
-70.65594333,-33.37220333,High
-70.65559333,-33.37201833,High
-70.65526667,-33.37182833,High
-70.65500667,-33.37160333,High
-70.65476667,-33.37136167,High
-70.65447667,-33.37113833,High
-70.65414333,-33.37096667,High
-70.65381667,-33.37080333,High
-70.65352667,-33.37067333,High
-70.653095,-33.37076833,High
-70.65281333,-33.37096167,High
-70.65257667,-33.37113667,High
-70.65232833,-33.37132833,High
-70.65207,-33.37153833,High
-70.65181,-33.37173333,Medium
-70.65156167,-33.37190333,Medium
-70.65128667,-33.37209333,Medium
-70.65100667,-33.372285,Medium
-70.65072333,-33.37248,Medium
-70.65047167,-33.37265667,Medium
-70.65019167,-33.37285167,Medium
-70.6499,-33.373045,Medium
-70.64961,-33.37325667,High
-70.64931833,-33.37346,High
-70.64903333,-33.37366333,High
-70.64873667,-33.37388167,High
-70.64844,-33.37409333,High
-70.64813667,-33.37430833,High
-70.64784167,-33.374515,High
-70.64754167,-33.37472167,High
-70.647245,-33.37493333,High
-70.646955,-33.37513167,High
-70.64664833,-33.37531833,High
-70.64637833,-33.37547167,High
-70.6461,-33.375155,High
-70.64597167,-33.37485667,High
-70.64584667,-33.37456167,High
-70.64573833,-33.37429667,High
-70.64563667,-33.37405333,High
-70.64552,-33.373795,High
-70.6454,-33.37351667,High
-70.64526167,-33.37322167,High
-70.64517167,-33.37296333,High
-70.64506833,-33.37271167,High
-70.64498,-33.37246667,High
-70.64484833,-33.37215167,High
-70.64444,-33.37215167,High
-70.64390167,-33.37222667,High
-70.64344,-33.372285,High
-70.64308,-33.37232833,High
-70.64257833,-33.3724,High
-70.64212833,-33.37246333,High
-70.641765,-33.37223,High
-70.64168667,-33.37197833,High
-70.64158667,-33.37165833,High
-70.64141333,-33.37123667,High
-70.64126833,-33.370845,High
-70.641165,-33.37053833,High
-70.64108167,-33.37023333,High
-70.64098833,-33.36995,High
-70.64088333,-33.36965667,High
-70.64077,-33.36933167,Medium
-70.64063333,-33.36908833,Medium
-70.64038667,-33.36887667,Medium
-70.64012667,-33.36866667,Medium
-70.639815,-33.36820667,Medium
-70.639685,-33.36789833,Medium
-70.63953333,-33.36750167,Medium
-70.639435,-33.36724333,Medium
-70.63933667,-33.36695,Medium
-70.639175,-33.36656333,Medium
-70.63916333,-33.36617167,Medium
-70.639065,-33.36592333,Medium
-70.63894,-33.36555,Medium
-70.63878333,-33.36527667,Medium
-70.63849833,-33.365015,Medium
-70.63827333,-33.36482167,Medium
-70.638025,-33.36462333,Medium
-70.63774667,-33.36438833,Medium
-70.63731333,-33.36401333,Medium
-70.63700833,-33.36376,Medium
-70.63678333,-33.36358667,High
-70.63655333,-33.36340167,High
-70.636315,-33.36320167,High
-70.63609833,-33.36301667,High
-70.63573333,-33.36302833,High
-70.63552167,-33.363215,High
-70.63526,-33.36344333,High
-70.63502167,-33.36365167,High
-70.63477667,-33.36386333,High
-70.63449333,-33.36410667,High
-70.634225,-33.36433833,High
-70.633965,-33.364565,High
-70.63371833,-33.36478167,High
-70.63339333,-33.36495667,High
-70.63308833,-33.36511167,High
-70.63321333,-33.36540333,High
-70.63333333,-33.36566333,High
-70.63345167,-33.365935,High
-70.63356833,-33.366205,Medium
-70.63369,-33.36649,Medium
-70.63381833,-33.36678333,Medium
-70.63395667,-33.36709667,Medium
-70.634105,-33.36741667,Medium
-70.634245,-33.36774833,Medium
-70.63437,-33.368085,Medium
-70.63450333,-33.36840167,Medium
-70.63463833,-33.36872333,Medium
-70.63477,-33.36904833,High
-70.63490333,-33.36937,High
-70.63503,-33.36968833,High
-70.635145,-33.369975,High
-70.635265,-33.370265,High
-70.63538,-33.37055167,High
-70.63547833,-33.37080667,High
-70.63558333,-33.37106333,High
-70.63568833,-33.37132333,High
-70.6358,-33.37159833,High
-70.635915,-33.37189667,High
-70.63603,-33.37220167,High
-70.636155,-33.3725,High
-70.63627167,-33.37278667,High
-70.63641,-33.37314667,High
-70.63650333,-33.37338,High
-70.63661333,-33.37367,High
-70.63674167,-33.37397,High
-70.63688667,-33.37428167,Medium
-70.63701,-33.37458667,Medium
-70.637145,-33.37490667,Medium
-70.63728833,-33.375215,Medium
-70.63739333,-33.37548333,Medium
-70.63750833,-33.37580833,Medium
-70.637645,-33.37614333,High
-70.637765,-33.37647833,High
-70.637895,-33.37680167,High
-70.63802167,-33.37712,High
-70.63813167,-33.37738667,High
-70.63846167,-33.37809,High
-70.63859667,-33.37840833,High
-70.63872333,-33.37869333,High
-70.63885167,-33.37898667,High
-70.638975,-33.379275,High
-70.63912,-33.37963,High
-70.639375,-33.38030333,High
-70.63947167,-33.38055833,High
-70.63957333,-33.38083333,High
-70.63968833,-33.38112167,High
-70.63980333,-33.38139833,High
-70.63990833,-33.381675,High
-70.64001667,-33.38197167,High
-70.64012833,-33.38226833,High
-70.64024667,-33.38253333,High
-70.64061,-33.38311833,High
-70.64069,-33.383435,High
-70.640735,-33.38373333,High
-70.64082167,-33.38403667,High
-70.640955,-33.38435667,High
-70.641095,-33.38467333,High
-70.64122333,-33.38495667,Medium
-70.64134667,-33.38522167,Medium
-70.641465,-33.38550167,Medium
-70.64158833,-33.38579667,High
-70.641715,-33.3861,High
-70.64184667,-33.38641,High
-70.64197167,-33.386725,High
-70.64209333,-33.387035,High
-70.64220167,-33.38728333,High
-70.64230667,-33.38759167,High
-70.64232167,-33.38786667,High
-70.642325,-33.38820833,High
-70.64237333,-33.38854167,High
-70.64275667,-33.38839833,High
-70.64304167,-33.38824667,High
-70.64334167,-33.38807667,High
-70.64362667,-33.38793333,High
-70.64390167,-33.38781167,High
-70.64417333,-33.38767333,High
-70.64446667,-33.38751833,High
-70.64477833,-33.38735833,High
-70.64511,-33.38719667,High
-70.645435,-33.38703333,High
-70.64575,-33.38687167,High
-70.64606167,-33.38669833,High
-70.64637833,-33.38654,High
-70.64669833,-33.38637333,High
-70.64699833,-33.38621333,High
-70.64730167,-33.38605,High
-70.64760333,-33.38589,High
-70.64786667,-33.38575167,High
-70.64817,-33.38561,High
-70.64849167,-33.385445,High
-70.64880667,-33.385285,High
-70.649125,-33.38512667,High
-70.649445,-33.38496,High
-70.64973333,-33.3848,High
-70.65015667,-33.384635,High
-70.650465,-33.38462,High
-70.65077667,-33.38460333,High
-70.65110667,-33.38457167,High
-70.651435,-33.38454167,High
-70.65174833,-33.38451667,High
-70.65217833,-33.38448167,High
-70.65251667,-33.38447167,High
-70.65286667,-33.384455,High
-70.65322833,-33.38443167,High
-70.65358667,-33.38441833,High
-70.65396,-33.38440667,High
-70.65432667,-33.38438333,High
-70.65472167,-33.3844,High
-70.65506833,-33.38446,High
-70.65541667,-33.38444,High
-70.65577667,-33.384415,High
-70.656135,-33.384395,High
-70.65648,-33.384365,High
-70.65683167,-33.384345,High
-70.65717,-33.38431667,High
-70.65749833,-33.38430333,High
-70.657855,-33.38427,High
-70.65821333,-33.38425,High
-70.6586,-33.38423333,High
-70.65892167,-33.38420667,High
-70.65925667,-33.38418167,High
-70.65963833,-33.38415833,High
-70.66000333,-33.38413667,High
-70.660355,-33.38411,High
-70.66112167,-33.38406833,High
-70.66151667,-33.38403,High
-70.66190333,-33.38401,High
-70.662245,-33.38398,High
-70.66262,-33.38395667,High
-70.66299,-33.38392167,High
-70.66336667,-33.38391167,High
-70.66373833,-33.38389167,High
-70.66411833,-33.38387333,High
-70.66452833,-33.38382833,High
-70.66486,-33.38381167,High
-70.66518333,-33.38381833,High
-70.66550167,-33.38380667,High
-70.66582333,-33.38377667,High
-70.66615667,-33.38375333,High
-70.66649,-33.383735,High
-70.66684167,-33.38370333,High
-70.66755333,-33.38346833,High
-70.668065,-33.38353667,High
-70.66848833,-33.383615,High
-70.66880333,-33.38367167,High
-70.66911833,-33.38372333,High
-70.669425,-33.38377667,High
-70.66971833,-33.383825,High
-70.67003333,-33.38387333,High
-70.67034333,-33.38392167,High
-70.67067167,-33.38396667,High
-70.67098333,-33.38402833,High
-70.67132,-33.38408833,High
-70.67194167,-33.38435,High
-70.67187333,-33.384655,High
-70.67182333,-33.38491,High
-70.67177,-33.38516167,High
-70.67169333,-33.385425,High
-70.671625,-33.38568333,High
-70.67155833,-33.38594,High
-70.67149333,-33.38622,High
-70.67141667,-33.38655667,High
-70.67134833,-33.38681667,High
-70.671285,-33.38708,High
-70.671215,-33.38734333,High
-70.67114667,-33.38760667,High
-70.67108,-33.38789167,High
-70.671005,-33.38819667,High
-70.67093667,-33.38849833,High
-70.67086,-33.38881667,High
-70.670805,-33.38907833,High
-70.670725,-33.38937333,High
-70.67063667,-33.389665,High
-70.67066333,-33.39004,High
-70.671065,-33.39011667,High
-70.67137,-33.39016833,High
-70.67169167,-33.39022333,High
-70.67200167,-33.39027833,High
-70.67230833,-33.39034167,High
-70.67264167,-33.39045333,High
-70.67296667,-33.390575,High
-70.673275,-33.39071,High
-70.67358833,-33.390835,High
-70.67388,-33.39096167,High
-70.67417833,-33.39109167,High
-70.67449333,-33.39122667,High
-70.674825,-33.39115667,High
-70.675165,-33.39070333,High
-70.67538667,-33.39046667,High
-70.67558333,-33.39021,High
-70.67579833,-33.38995,High
-70.67601167,-33.38969667,High
-70.67621333,-33.38944667,High
-70.67641667,-33.38918833,High
-70.67662667,-33.38893,High
-70.67683833,-33.38867,High
-70.67704333,-33.388405,High
-70.67725333,-33.38814333,High
-70.67746667,-33.38788667,High
-70.677675,-33.38763167,High
-70.67787667,-33.38738667,High
-70.67809333,-33.38712667,High
-70.67827833,-33.38689333,High
-70.67847667,-33.38664667,High
-70.678665,-33.38640833,High
-70.67885667,-33.38619,High
-70.67903833,-33.38598333,High
-70.679215,-33.38576,High
-70.67939333,-33.38553,High
-70.679575,-33.38530167,High
-70.67978167,-33.38504667,High
-70.67994833,-33.38483667,High
-70.68023,-33.38453833,High
-70.68046,-33.38428167,High
-70.68069167,-33.38401167,High
-70.68095167,-33.383725,High
-70.68123667,-33.383425,High
-70.68152167,-33.38312333,High
-70.68177667,-33.382815,High
-70.68199167,-33.38251833,High
-70.68220667,-33.38221833,High
-70.68239833,-33.38192667,High
-70.68256833,-33.38161833,High
-70.68272333,-33.38130167,High
-70.68286167,-33.38097667,High
-70.68297833,-33.380655,High
-70.68309667,-33.38035333,High
-70.68319667,-33.38006667,High
-70.683285,-33.37975833,High
-70.68336167,-33.379455,High
-70.683455,-33.37916833,High
-70.683525,-33.378885,High
-70.68358667,-33.37863167,High
-70.68366,-33.37837167,High
-70.68373,-33.37810833,High
-70.68379,-33.37779,High
-70.68387833,-33.37748833,High
-70.68400667,-33.37721,High
-70.68418833,-33.37693833,High
-70.68438333,-33.376665,High
-70.68458333,-33.37638833,High
-70.68477333,-33.37612333,High
-70.68495833,-33.375855,High
-70.68514667,-33.37558,High
-70.685345,-33.375295,High
-70.68554333,-33.37501333,High
-70.685725,-33.37473,High
-70.68588167,-33.37445167,High
-70.68602167,-33.37420333,High
-70.6862,-33.37388667,High
-70.68633667,-33.37364333,High
-70.686505,-33.37337833,High
-70.686655,-33.373125,High
-70.68679833,-33.37285667,High
-70.68695,-33.37258167,High
-70.687095,-33.37230833,High
-70.68724,-33.37202333,High
-70.68739667,-33.37175833,High
-70.68758833,-33.37140667,High
-70.68773667,-33.37115,High
-70.687875,-33.37085667,High
-70.68799833,-33.370545,High
-70.68810167,-33.37023333,High
-70.68821667,-33.36994,High
-70.68841,-33.36938167,High
-70.68851,-33.36909833,High
-70.68862,-33.36878667,High
-70.68873333,-33.368465,High
-70.68883833,-33.36814,High
-70.68895667,-33.367825,High
-70.68907167,-33.36752333,High
-70.68912833,-33.36725167,High
-70.68913833,-33.36666167,High
-70.689085,-33.36622333,High
-70.68901333,-33.36586333,High
-70.68897,-33.36551,High
-70.68902833,-33.36521167,High
-70.68916,-33.36492,High
-70.68924333,-33.36460333,High
-70.68931667,-33.364285,High
-70.68937167,-33.36399833,High
-70.68896833,-33.36342833,High
-70.689055,-33.36314833,High
-70.68916667,-33.362865,High
-70.68928667,-33.362575,High
-70.68940833,-33.362275,High
-70.68953,-33.36197833,High
-70.68965333,-33.36168,High
-70.68977167,-33.36138333,High
-70.68987667,-33.36109333,High
-70.68998167,-33.36080667,High
-70.69008667,-33.360525,High
-70.69018333,-33.36025833,High
-70.69030667,-33.359885,High
-70.68993167,-33.35977333,High
-70.68949667,-33.35980333,High
-70.68913667,-33.35984667,High
-70.6888,-33.35987833,High
-70.68845333,-33.35991667,High
-70.68812667,-33.35994833,High
-70.68774,-33.359985,High
-70.68744333,-33.36001,High
-70.68710667,-33.36004167,High
-70.686715,-33.36008333,High
-70.68635667,-33.360105,High
-70.68595833,-33.360125,High
-70.68560667,-33.36015333,High
-70.68539,-33.359905,High
-70.68536667,-33.359605,High
-70.68525833,-33.35918,High
-70.68479167,-33.35921833,High
-70.68434167,-33.35927,High
-70.684,-33.3593,High
-70.68366,-33.35933333,High
-70.68333333,-33.35936333,High
-70.68304333,-33.35938667,High
-70.68266833,-33.35938833,High
-70.68224,-33.35939,High
-70.68230167,-33.35905667,High
-70.68236167,-33.35878333,High
-70.68242167,-33.35851667,High
-70.68257667,-33.3582,High
-70.68303,-33.356405,High
-70.683115,-33.35606833,High
-70.68318667,-33.35579333,High
-70.68326,-33.355495,High
-70.68334667,-33.35517667,High
-70.68341667,-33.35484667,High
-70.68346333,-33.354525,High
-70.68345333,-33.354115,High
-70.68304833,-33.35417167,High
-70.68268167,-33.35422,High
-70.68230333,-33.35426,High
-70.68192,-33.35430667,High
-70.68156333,-33.35435167,High
-70.6812,-33.35438833,High
-70.68082833,-33.354425,High
-70.68047167,-33.35446833,High
-70.68011167,-33.35450333,High
-70.679755,-33.35454167,High
-70.67934333,-33.35457167,High
-70.67893333,-33.35460833,High
-70.67855833,-33.354665,High
-70.67818,-33.354715,High
-70.67782667,-33.35474833,High
-70.67749,-33.35478833,High
-70.67742833,-33.35447667,High
-70.67751,-33.35421333,High
-70.67759167,-33.35392333,High
-70.67776333,-33.35363167,High
-70.67786833,-33.35335,High
-70.67795667,-33.35303333,High
-70.6781,-33.35251,High
-70.67816667,-33.35222667,High
-70.67825667,-33.35189833,High
-70.67826,-33.351575,High
-70.67819667,-33.351275,High
-70.67814,-33.35100167,High
-70.67815833,-33.350725,High
-70.67824833,-33.350435,High
-70.67838833,-33.35015,High
-70.678575,-33.34987667,High
-70.67874833,-33.34965667,High
-70.678765,-33.34925,High
-70.67862833,-33.34899667,High
-70.67851833,-33.348625,High
-70.67847167,-33.34836167,High
-70.67843833,-33.34808167,High
-70.678425,-33.34780667,High
-70.67842667,-33.34752833,High
-70.67846667,-33.347235,High
-70.67855833,-33.34693833,High
-70.678605,-33.34662667,High
-70.67837333,-33.34635167,High
-70.67780167,-33.346285,High
-70.67735833,-33.34624,High
-70.67690333,-33.34619667,High
-70.67670667,-33.34585833,High
-70.676705,-33.345505,High
-70.676665,-33.34515333,High
-70.67657333,-33.34485833,High
-70.67636333,-33.34461333,High
-70.67611333,-33.34438333,High
-70.67586667,-33.34416833,High
-70.675655,-33.344005,High
-70.67536167,-33.34386833,High
-70.675015,-33.34373,High
-70.67469167,-33.34358167,High
-70.674285,-33.34353667,High
-70.67400667,-33.34375667,High
-70.67372167,-33.344015,High
-70.67343333,-33.34426333,High
-70.67317,-33.34447667,High
-70.67281833,-33.34472,High
-70.67254,-33.34490833,High
-70.67223833,-33.345105,High
-70.67195833,-33.34529667,High
-70.671675,-33.345495,High
-70.67137667,-33.34570333,High
-70.67105333,-33.34592333,High
-70.67062333,-33.34641,High
-70.670165,-33.34644167,High
-70.66984833,-33.34662,High
-70.66961833,-33.346825,High
-70.669445,-33.34703,High
-70.66918333,-33.3472,High
-70.66890167,-33.34739667,High
-70.66861833,-33.3476,High
-70.66833333,-33.3478,High
-70.66804,-33.34800333,High
-70.66773333,-33.34820833,High
-70.66746167,-33.34841,High
-70.66717,-33.34862167,High
-70.66687333,-33.348815,High
-70.66655833,-33.34903333,High
-70.66624167,-33.34925167,High
-70.66590833,-33.34948833,High
-70.66562333,-33.34969,High
-70.665425,-33.34988333,High
-70.66524167,-33.35007333,High
-70.66512,-33.35034833,High
-70.66495667,-33.35062167,High
-70.66481333,-33.35090667,High
-70.66465667,-33.35122,High
-70.664495,-33.35152333,High
-70.66432167,-33.351845,High
-70.66416333,-33.35212667,High
-70.663975,-33.352435,High
-70.66380333,-33.35274833,High
-70.66365333,-33.35306667,High
-70.66351333,-33.353365,High
-70.66337,-33.35364333,High
-70.663225,-33.35392167,High
-70.66308667,-33.35419,High
-70.66293833,-33.35443,High
-70.66271667,-33.35477333,High
-70.66228667,-33.35512,High
-70.66194167,-33.35525167,High
-70.66163667,-33.355355,High
-70.66132833,-33.35546667,High
-70.66104,-33.35557833,High
-70.66073167,-33.355695,High
-70.660355,-33.35584333,High
-70.659955,-33.35603,High
-70.66005667,-33.35636167,High
-70.66029833,-33.35659667,High
-70.660535,-33.35683333,High
-70.66080333,-33.35703833,High
-70.661155,-33.35716167,High
-70.66134833,-33.35739,High
-70.66116833,-33.35772667,High
-70.66100167,-33.35802333,High
-70.66086,-33.35831333,High
-70.66091833,-33.35852,High
-70.66128,-33.35844333,High
-70.66165167,-33.35837,High
-70.66203333,-33.358285,High
-70.66240667,-33.35820333,High
-70.66277333,-33.35813167,High
-70.66313333,-33.35806,High
-70.66346833,-33.35799167,High
-70.663805,-33.35793667,High
-70.66397333,-33.35822667,High
-70.66401833,-33.35856833,High
-70.66405833,-33.35888333,High
-70.664105,-33.35920333,High
-70.66415333,-33.35950667,High
-70.66419667,-33.35979833,High
-70.66424833,-33.36010667,High
-70.664295,-33.360455,High
-70.66434,-33.36081167,High
-70.6644,-33.36113833,High
-70.66444667,-33.36148,High
-70.66446667,-33.36180333,High
-70.66450167,-33.36214,High
-70.66453667,-33.36246167,High
-70.66455833,-33.36276667,High
-70.66459667,-33.36306833,High
-70.66464167,-33.36343833,High
-70.664685,-33.363725,High
-70.66472333,-33.36405,High
-70.66475833,-33.36437167,High
-70.66479667,-33.36469333,High
-70.66484167,-33.36500167,High
-70.664895,-33.36531667,High
-70.66493833,-33.365645,High
-70.66499,-33.36595833,High
-70.66503167,-33.36627833,Medium
-70.66507333,-33.36661167,Medium
-70.66513167,-33.36694833,Medium
-70.66517,-33.36725333,Medium
-70.665215,-33.36758167,Medium
-70.66526,-33.367885,Medium
-70.66530333,-33.36820833,Medium
-70.66525,-33.36850667,Medium
-70.66476667,-33.36850833,Medium
-70.664465,-33.36855333,Medium
-70.66410833,-33.36865833,Medium
-70.66376167,-33.368755,High
-70.66342833,-33.36887,High
-70.66307833,-33.36898,High
-70.662735,-33.36908,High
-70.66237833,-33.3692,High
-70.66202667,-33.3693,High
-70.66168333,-33.36937,High
-70.66130833,-33.36941167,High
-70.66093333,-33.36944167,High
-70.66055667,-33.36947833,High
-70.660195,-33.36951167,High
-70.65992,-33.36974167,High
-70.659965,-33.37003833,High
-70.66000667,-33.370355,High
-70.660035,-33.370665,High
-70.66002167,-33.37096,High
-70.65994833,-33.37124667,High
-70.65981167,-33.37152833,High
-70.65960833,-33.371775,High
-70.65936833,-33.37197,High
-70.659105,-33.37209833,High
-70.65869333,-33.37225333,High
-70.65839833,-33.37238333,High
-70.65809833,-33.37252167,High
-70.65779333,-33.37270833,High
-70.657465,-33.37287,High
-70.65700833,-33.37295833,High
-70.65679833,-33.37266167,High
-70.65646333,-33.37248333,High
-70.65611667,-33.372295,High
-70.65576667,-33.37211167,High
-70.655425,-33.371925,High
-70.65513,-33.37171833,High
-70.65488833,-33.37148333,High
-70.65463167,-33.37124333,High
-70.65431,-33.37105333,High
-70.65398333,-33.37088333,High
-70.65366,-33.37072667,High
-70.65332333,-33.37067333,High
-70.65293,-33.37087667,High
-70.65269667,-33.37104667,High
-70.65245333,-33.37123167,High
-70.65220167,-33.371435,High
-70.65193667,-33.37163667,Medium
-70.65168667,-33.37181667,Medium
-70.65142333,-33.37199667,Medium
-70.65114667,-33.37218667,High
-70.65086667,-33.372385,Medium
-70.65059667,-33.37256833,Medium
-70.650315,-33.37276,Medium
-70.65004833,-33.37295,Medium
-70.64975,-33.37315,Medium
-70.64946167,-33.37336167,High
-70.64917833,-33.37356,High
-70.64888333,-33.37377333,High
-70.64858833,-33.37398667,High
-70.64828667,-33.37420333,High
-70.64799167,-33.37441,High
-70.64769333,-33.37462,High
-70.64739667,-33.37483,High
-70.64710167,-33.37503667,High
-70.64680167,-33.37522333,High
-70.64651333,-33.37540667,High
-70.64620333,-33.37536333,High
-70.64603667,-33.37501,High
-70.64591,-33.37470667,High
-70.64579167,-33.374425,High
-70.645685,-33.374175,High
-70.64558,-33.37393,High
-70.64546,-33.37365333,High
-70.64531333,-33.37334167,High
-70.64522,-33.37308833,High
-70.64511667,-33.37284167,High
-70.64502833,-33.37259,High
-70.64493667,-33.37234833,High
-70.64465833,-33.37211333,High
-70.644065,-33.37220667,High
-70.643605,-33.37227,High
-70.64325667,-33.37230833,High
-70.64291,-33.37235,High
-70.64243167,-33.37241833,High
-70.64189833,-33.37243167,High
-70.64172667,-33.37210333,High
-70.64165333,-33.37185333,High
-70.641505,-33.37145167,High
-70.64133333,-33.37103667,High
-70.64122333,-33.37072833,High
-70.64113333,-33.37041667,High
-70.64103833,-33.37009,High
-70.64093667,-33.36980667,High
-70.640835,-33.36951333,Medium
-70.64072167,-33.36920333,Medium
-70.64050833,-33.36897667,Medium
-70.64025333,-33.36876667,Medium
-70.63973333,-33.36802333,Medium
-70.63959833,-33.367675,Medium
-70.63948833,-33.36737333,Medium
-70.63939167,-33.36712,Medium
-70.63925,-33.36674,Medium
-70.63921333,-33.36634833,Medium
-70.63911,-33.36604333,Medium
-70.63901167,-33.36574833,Medium
-70.63888333,-33.365425,Medium
-70.63863167,-33.365135,Medium
-70.63838833,-33.36491833,Medium
-70.638155,-33.36472833,Medium
-70.63789,-33.36450667,Medium
-70.637535,-33.36419333,Medium
-70.63716667,-33.363885,Medium
-70.63689667,-33.36367333,High
-70.63667,-33.3635,High
-70.63643,-33.3633,High
-70.63620833,-33.36310833,High
-70.63592667,-33.36291,High
-70.635625,-33.36312,High
-70.63539167,-33.36332833,High
-70.63514333,-33.36354667,High
-70.634895,-33.36376167,High
-70.63465167,-33.36397167,High
-70.63435667,-33.364225,High
-70.6341,-33.36444667,High
-70.63384167,-33.36467333,High
-70.63358,-33.36488333,High
-70.63325833,-33.36498667,High
-70.63315167,-33.36527833,High
-70.633275,-33.36553167,High
-70.63339167,-33.36579833,High
-70.63350833,-33.36607,Medium
-70.63362833,-33.36634333,Medium
-70.63375333,-33.366635,Medium
-70.63388667,-33.36693667,Medium
-70.63402833,-33.36725667,Medium
-70.634175,-33.36758167,Medium
-70.63431167,-33.36791667,Medium
-70.63444333,-33.36824833,Medium
-70.63456833,-33.36855833,Medium
-70.634705,-33.36888667,Medium
-70.63483167,-33.36920833,High
-70.63497,-33.36953333,High
-70.63508833,-33.36982833,High
-70.63520167,-33.37012,High
-70.63532333,-33.37041167,High
-70.63543,-33.37068,High
-70.63552833,-33.370935,High
-70.63563667,-33.37119167,High
-70.63574167,-33.37146,High
-70.63585833,-33.371745,High
-70.63596833,-33.37205,High
-70.63608833,-33.37235333,High
-70.63621833,-33.37264833,High
-70.63633833,-33.37295833,High
-70.636455,-33.37326,High
-70.636555,-33.37352,High
-70.63667667,-33.37382,High
-70.63681833,-33.374125,Medium
-70.63694667,-33.374435,Medium
-70.637075,-33.37474667,Medium
-70.63722167,-33.37506,Medium
-70.63734,-33.37535,Medium
-70.637455,-33.37564,Medium
-70.63756833,-33.37597667,High
-70.637705,-33.37631,High
-70.63783,-33.37664167,High
-70.63795833,-33.37696167,High
-70.63808167,-33.37726,High
-70.63820667,-33.37757333,High
-70.63837,-33.377895,High
-70.63854,-33.37828,High
-70.63865833,-33.378545,High
-70.63878333,-33.37884167,High
-70.638915,-33.37913167,High
-70.63903167,-33.379415,High
-70.63920667,-33.37983833,High
-70.63930167,-33.38012167,High
-70.63942333,-33.38042667,High
-70.63952167,-33.38069167,High
-70.63962667,-33.380975,High
-70.63974667,-33.38126167,High
-70.639855,-33.38153333,High
-70.63996333,-33.38182333,High
-70.64007,-33.38212333,High
-70.64018833,-33.382405,High
-70.64032167,-33.38263833,High
-70.64055667,-33.38299167,High
-70.640665,-33.38330167,High
-70.64071,-33.38357833,High
-70.64077333,-33.383885,High
-70.640875,-33.38419333,High
-70.64103,-33.38451833,High
-70.64115833,-33.38481667,High
-70.64128667,-33.38509167,Medium
-70.6414,-33.38536,High
-70.64152,-33.385645,Medium
-70.641655,-33.385945,High
-70.641785,-33.38625333,High
-70.64190833,-33.38656667,High
-70.64203333,-33.38688333,High
-70.64215333,-33.387175,High
-70.64227833,-33.38746833,High
-70.642325,-33.38772167,High
-70.642315,-33.38799833,High
-70.64235333,-33.38837333,High
-70.64261833,-33.38847667,High
-70.642895,-33.38832667,High
-70.64319167,-33.38815667,High
-70.643485,-33.38800167,High
-70.643765,-33.38787333,High
-70.64403667,-33.38774833,High
-70.64432,-33.38759833,High
-70.64462,-33.38744167,High
-70.64494167,-33.38727667,High
-70.64527,-33.38711167,High
-70.64559333,-33.386955,High
-70.64590833,-33.38678333,High
-70.646215,-33.38662,High
-70.64654333,-33.38645333,High
-70.646845,-33.38629333,High
-70.64715167,-33.38613333,High
-70.64745667,-33.38596667,High
-70.64774,-33.38581667,High
-70.648015,-33.38568,High
-70.64833167,-33.38553,High
-70.64864667,-33.38536667,High
-70.64897,-33.38520333,High
-70.64927167,-33.38505667,High
-70.64960667,-33.38486833,High
-70.649895,-33.38471,High
-70.65030833,-33.38463,High
-70.650615,-33.38461,High
-70.65094167,-33.38458667,High
-70.65127167,-33.38455333,High
-70.65159333,-33.38453167,High
-70.65201167,-33.38449667,High
-70.65234667,-33.384475,High
-70.65269,-33.38446167,High
-70.65304667,-33.38444167,High
-70.65340833,-33.38442,High
-70.65377167,-33.38441667,High
-70.65414333,-33.38439833,High
-70.65449,-33.38436333,High
-70.65485667,-33.38448167,High
-70.65524333,-33.38444833,High
-70.65559167,-33.38442667,High
-70.65595667,-33.38440333,High
-70.65631,-33.38438167,High
-70.656655,-33.384355,High
-70.657005,-33.38432667,High
-70.65732667,-33.38431333,High
-70.65766833,-33.38428667,High
-70.65803667,-33.38425667,High
-70.65838,-33.38424167,High
-70.65876167,-33.38421667,High
-70.659085,-33.38419167,High
-70.65944667,-33.38417333,High
-70.65982333,-33.38414667,High
-70.66018,-33.384125,High
-70.66051333,-33.38409333,High
-70.660935,-33.38408,High
-70.66131667,-33.38405167,High
-70.66171167,-33.38401333,High
-70.66208667,-33.384,High
-70.66245167,-33.38396667,High
-70.662805,-33.383935,High
-70.66317667,-33.38391667,High
-70.66355167,-33.383905,High
-70.66396667,-33.383885,High
-70.66434667,-33.38385,High
-70.66469333,-33.38382,High
-70.66502,-33.38381333,High
-70.665345,-33.38381,High
-70.66566333,-33.38379667,High
-70.66598833,-33.383765,High
-70.66632,-33.38374167,High
-70.66667333,-33.38371833,High
-70.66700667,-33.38367333,High
-70.66779667,-33.38348667,High
-70.66833667,-33.38358833,High
-70.66864833,-33.383645,High
-70.66896,-33.383695,High
-70.66926833,-33.38375333,High
-70.66957333,-33.3838,High
-70.66987333,-33.38385,High
-70.67018833,-33.38389833,High
-70.67050667,-33.38394,High
-70.67082833,-33.38399333,High
-70.67115167,-33.38406,High
-70.67147667,-33.38410667,High
-70.67190333,-33.38452667,High
-70.67185,-33.38478167,High
-70.67179833,-33.385035,High
-70.67173167,-33.38529333,High
-70.67166,-33.38555333,High
-70.67159333,-33.38581167,High
-70.67152,-33.38606833,High
-70.67145167,-33.38642333,High
-70.671385,-33.38668833,High
-70.67131833,-33.38694833,High
-70.67124667,-33.387215,High
-70.67118,-33.387475,High
-70.67111333,-33.387745,High
-70.67104667,-33.38804333,High
-70.67097,-33.38835,High
-70.67091,-33.38862833,High
-70.67083167,-33.38894667,High
-70.67077167,-33.38920333,High
-70.67067833,-33.38953667,High
-70.67058333,-33.38985333,High
-70.67088,-33.39008,High
-70.67121667,-33.39014333,High
-70.67152833,-33.390195,High
-70.67185167,-33.39025,High
-70.672155,-33.390305,High
-70.67246333,-33.39039,High
-70.672815,-33.39052,High
-70.67312167,-33.39063833,High
-70.67343333,-33.390775,High
-70.67373167,-33.39089667,High
-70.67403333,-33.39102833,High
-70.674315,-33.39115333,High
-70.67506,-33.39080667,High
-70.675275,-33.39058833,High
-70.67548667,-33.39034,High
-70.67568833,-33.39007833,High
-70.67590333,-33.38982333,High
-70.676115,-33.38957,High
-70.67631333,-33.38931833,High
-70.67652333,-33.38905833,High
-70.67673167,-33.3888,High
-70.67694,-33.38853667,High
-70.67714667,-33.38827667,High
-70.67735833,-33.388015,High
-70.67757167,-33.38775833,High
-70.677775,-33.38751167,High
-70.677985,-33.387255,High
-70.67819,-33.38700167,High
-70.678375,-33.38677167,High
-70.67857167,-33.386525,High
-70.67876333,-33.38629833,High
-70.67894667,-33.38608667,High
-70.679125,-33.38587667,High
-70.6793,-33.38564667,High
-70.67948333,-33.38541333,High
-70.679665,-33.38519167,High
-70.68012,-33.38464833,High
-70.68034333,-33.38441333,High
-70.68057167,-33.38414667,High
-70.68082,-33.383875,High
-70.68109333,-33.383565,High
-70.68138167,-33.38326667,High
-70.68164833,-33.38297167,High
-70.68189,-33.38267,High
-70.68209833,-33.38236667,High
-70.68230833,-33.38207,High
-70.682485,-33.381775,High
-70.68264667,-33.38145833,High
-70.68279167,-33.38114333,High
-70.682935,-33.38081833,High
-70.68303667,-33.38050333,High
-70.68315167,-33.38021667,High
-70.683245,-33.37991167,High
-70.68332333,-33.379605,High
-70.68340833,-33.37931167,High
-70.68349167,-33.379025,High
-70.68355667,-33.37875,High
-70.68362833,-33.37849,High
-70.683695,-33.37825333,High
-70.68376167,-33.37795167,High
-70.683825,-33.37763833,High
-70.68393833,-33.37734667,High
-70.68408833,-33.377075,High
-70.68429,-33.37680667,High
-70.684485,-33.37652667,High
-70.68468,-33.37625667,High
-70.68486333,-33.37599,High
-70.68505167,-33.37572,High
-70.685245,-33.37543667,High
-70.685445,-33.37515333,High
-70.68564,-33.37487167,High
-70.68580333,-33.37459,High
-70.685955,-33.37432,High
-70.686085,-33.37409333,High
-70.68626167,-33.373775,High
-70.68642167,-33.37351167,High
-70.68658333,-33.37325333,High
-70.686725,-33.37299,High
-70.68687333,-33.37272,High
-70.68702667,-33.37244833,High
-70.68716167,-33.37216667,High
-70.68731833,-33.37188667,High
-70.68748167,-33.37161167,High
-70.68766,-33.37128333,High
-70.68781,-33.37100667,High
-70.687935,-33.37070167,High
-70.68805333,-33.37038667,High
-70.68816333,-33.37008333,High
-70.68826667,-33.369795,High
-70.688455,-33.36924333,High
-70.688565,-33.368945,High
-70.68867333,-33.36862667,High
-70.68879,-33.36830333,High
-70.688895,-33.36797833,High
-70.68902,-33.36767333,High
-70.689105,-33.36738,High
-70.68915167,-33.36708167,High
-70.68911,-33.36644333,High
-70.68905,-33.36605667,High
-70.68899,-33.36567667,High
-70.68897833,-33.36536167,High
-70.6891,-33.36506667,High
-70.68920333,-33.36476333,High
-70.68928167,-33.36444167,High
-70.68934833,-33.36413667,High
-70.68894833,-33.36355833,High
-70.689005,-33.36329167,High
-70.68911167,-33.363005,High
-70.68922667,-33.36272167,High
-70.68934667,-33.362425,High
-70.68946833,-33.36212667,High
-70.68959167,-33.36182833,High
-70.68971667,-33.36152833,High
-70.689825,-33.36123833,High
-70.68993,-33.36094833,High
-70.69003333,-33.360665,High
-70.69014,-33.36039,High
-70.69024833,-33.360075,High
-70.69008333,-33.35979833,High
-70.68964167,-33.35977833,High
-70.68928333,-33.35983333,High
-70.68897333,-33.35985833,High
-70.688625,-33.35989833,High
-70.68829167,-33.35993667,High
-70.68796833,-33.35996333,High
-70.68759667,-33.36000333,High
-70.68728,-33.36002833,High
-70.68687,-33.36006667,High
-70.68653167,-33.36010667,High
-70.68611167,-33.360105,High
-70.68581667,-33.36014,High
-70.68544167,-33.36007333,High
-70.68538333,-33.35978167,High
-70.685345,-33.35933333,High
-70.68504333,-33.359185,High
-70.68462,-33.35924333,High
-70.68417333,-33.35928667,High
-70.68383167,-33.35931667,High
-70.68349167,-33.35934833,High
-70.68318167,-33.35937667,High
-70.68285667,-33.35939833,High
-70.68227167,-33.35918333,High
-70.68233333,-33.35892167,High
-70.68238833,-33.35864667,High
-70.68246333,-33.358395,High
-70.682685,-33.35819667,High
-70.66718,-33.38361833,High
-70.76745917,-33.436495,High
-70.75187167,-33.42233417,High
-70.75311389,-33.41691694,High
-70.75390271,-33.41365542,High
-70.75417208,-33.41365333,High
-70.75433708,-33.41364583,High
-70.75456042,-33.41365792,High
-70.75480458,-33.41364167,High
-70.75986222,-33.41376069,High
-70.76512175,-33.41466925,High
-70.76518333,-33.418055,High
-70.76016729,-33.41394479,High
-70.74573336,-33.41151411,High
-70.74546583,-33.40592778,High
-70.7466825,-33.39998375,High
-70.74672646,-33.39977396,High
-70.72800944,-33.40637389,High
-70.72384292,-33.41028083,High
-70.72371264,-33.4104766,High
-70.72187986,-33.41229681,High
-70.71619819,-33.41509681,High
-70.71629778,-33.41574609,High
-70.71795458,-33.42160889,High
-70.7189775,-33.42553583,High
-70.72025542,-33.43047528,High
-70.71973208,-33.43690417,Medium
-70.71964874,-33.43745531,Medium
-70.7195875,-33.43795,Medium
-70.71954571,-33.44371313,High
-70.72296208,-33.44421208,Medium
-70.73854312,-33.4446075,Medium
-70.73734063,-33.44598938,High
-70.72819375,-33.45058208,Medium
-70.72318167,-33.45183833,High
-70.76815333,-33.439525,High
-70.76808667,-33.439195,High
-70.768015,-33.43888667,High
-70.76794667,-33.43859,High
-70.767855,-33.43825167,High
-70.767765,-33.43788667,High
-70.76768,-33.4375,High
-70.76758833,-33.43712167,High
-70.767515,-33.43677833,High
-70.76741667,-33.43628,High
-70.76733,-33.43597,High
-70.76725167,-33.43561167,High
-70.76714167,-33.435285,High
-70.767065,-33.43498833,High
-70.76699833,-33.43467167,High
-70.76692833,-33.434355,High
-70.76684167,-33.43404667,High
-70.76672,-33.4337,High
-70.76662667,-33.43340167,High
-70.76654667,-33.43316833,High
-70.76640833,-33.43291167,High
-70.76623667,-33.43252167,High
-70.76607833,-33.43218333,High
-70.76594833,-33.43189333,High
-70.76578,-33.431545,High
-70.76562333,-33.43119667,High
-70.76549333,-33.43090333,High
-70.76540167,-33.43052833,High
-70.765305,-33.43021167,High
-70.76521333,-33.429905,High
-70.765085,-33.42964167,High
-70.76484167,-33.429245,High
-70.764755,-33.42901,High
-70.76464333,-33.42866667,High
-70.76454833,-33.428315,High
-70.76445667,-33.42803833,High
-70.76435833,-33.42771,High
-70.76427333,-33.42739167,High
-70.764025,-33.427275,High
-70.763625,-33.42743833,High
-70.76318667,-33.42764833,High
-70.76262833,-33.42777333,High
-70.762075,-33.4278,High
-70.76157667,-33.42780667,High
-70.76111333,-33.427765,High
-70.76057833,-33.427655,High
-70.76005167,-33.42754667,High
-70.75951333,-33.42751,High
-70.75893167,-33.42750333,High
-70.75857833,-33.42749167,High
-70.75818333,-33.42746333,High
-70.75769833,-33.427425,High
-70.75722333,-33.42740333,High
-70.75674333,-33.42742667,High
-70.75629667,-33.42746667,High
-70.755855,-33.427515,High
-70.755455,-33.42759667,High
-70.75507333,-33.427775,High
-70.75475667,-33.42793667,High
-70.754445,-33.42804667,High
-70.754065,-33.4281,High
-70.75364167,-33.42816333,High
-70.75321,-33.428205,High
-70.75273833,-33.42824833,High
-70.75232333,-33.42831167,High
-70.75199833,-33.428515,High
-70.75165,-33.42871333,High
-70.75127833,-33.42888,High
-70.75082,-33.42905333,High
-70.750585,-33.42897167,High
-70.750625,-33.42865,High
-70.75067,-33.428225,High
-70.75077833,-33.427855,High
-70.75087333,-33.427495,High
-70.75090833,-33.42712667,High
-70.75097333,-33.426785,High
-70.751085,-33.42645,High
-70.751195,-33.42608833,High
-70.75129333,-33.425775,High
-70.75133667,-33.42546667,High
-70.7514,-33.425105,High
-70.7514,-33.42485667,High
-70.75138167,-33.42456,High
-70.75147667,-33.424175,High
-70.751575,-33.42377167,High
-70.751655,-33.423365,High
-70.75173333,-33.42294333,High
-70.75183167,-33.42258667,High
-70.75191,-33.42216667,High
-70.751975,-33.42187833,High
-70.75202167,-33.421515,High
-70.75212833,-33.42105667,High
-70.75226,-33.42060167,High
-70.75237833,-33.4201,High
-70.752485,-33.41961833,High
-70.75261,-33.419175,High
-70.752685,-33.41876833,High
-70.75276833,-33.41836,High
-70.75288167,-33.41793,High
-70.75298833,-33.41752333,High
-70.75303333,-33.41716833,High
-70.75319667,-33.41653,High
-70.75326833,-33.41618667,High
-70.75332333,-33.41586333,High
-70.753405,-33.41553167,High
-70.75347167,-33.41522167,High
-70.75356333,-33.41486667,High
-70.753645,-33.41452667,High
-70.75374667,-33.41412167,High
-70.75381333,-33.41379333,High
-70.75541333,-33.413565,High
-70.75605333,-33.4136,High
-70.75671333,-33.41362833,Medium
-70.75739667,-33.41366333,Medium
-70.75799833,-33.41368167,Medium
-70.75857,-33.41371167,Medium
-70.75910667,-33.41373167,High
-70.75957333,-33.41376333,High
-70.760075,-33.41377167,High
-70.76043167,-33.4138,High
-70.76082833,-33.41384833,High
-70.76129833,-33.41389833,High
-70.761825,-33.41403667,High
-70.76228,-33.41415667,High
-70.76274667,-33.41426667,High
-70.76316333,-33.41435833,High
-70.76362833,-33.414445,High
-70.764105,-33.41450833,High
-70.76456,-33.41458333,High
-70.76495,-33.41466167,High
-70.76518833,-33.41476833,High
-70.76520167,-33.415045,High
-70.76519,-33.41533167,High
-70.76517333,-33.415615,High
-70.765175,-33.41588667,High
-70.765195,-33.41615167,High
-70.76517667,-33.41640667,High
-70.765155,-33.41676833,High
-70.76515667,-33.41706333,High
-70.76517167,-33.417345,High
-70.76518333,-33.41765167,High
-70.76496833,-33.41812333,High
-70.76444167,-33.41813,High
-70.764315,-33.41779167,High
-70.76432167,-33.41747333,High
-70.76432333,-33.41713833,High
-70.764315,-33.416845,High
-70.764315,-33.41651,High
-70.76430333,-33.41617667,High
-70.763985,-33.41607333,High
-70.76398333,-33.41575167,High
-70.76397167,-33.41543333,High
-70.76396833,-33.41511833,High
-70.76396667,-33.41479667,High
-70.763675,-33.41459,High
-70.76327,-33.41452,High
-70.762785,-33.41442167,High
-70.76224833,-33.41428333,High
-70.76169167,-33.41413167,High
-70.761125,-33.41403167,High
-70.76058333,-33.41397667,High
-70.75985667,-33.41391667,High
-70.75942,-33.41386833,High
-70.75886333,-33.413865,Medium
-70.75830667,-33.41385167,Medium
-70.757735,-33.41382,Medium
-70.75716,-33.41378167,Medium
-70.75666667,-33.41376667,Medium
-70.75613667,-33.41375167,High
-70.75559167,-33.41371333,High
-70.75504167,-33.41370167,High
-70.75349833,-33.41362667,High
-70.753075,-33.41360333,High
-70.752625,-33.41358667,High
-70.75213667,-33.41355333,High
-70.75161667,-33.41352167,High
-70.75115,-33.413505,High
-70.750645,-33.41347333,High
-70.75014667,-33.413435,High
-70.749655,-33.41341667,High
-70.74910833,-33.41340333,High
-70.74861333,-33.413355,High
-70.74816,-33.413345,High
-70.74774167,-33.41334333,High
-70.74737,-33.41333167,High
-70.74704667,-33.413325,High
-70.746695,-33.41330167,High
-70.74635,-33.4133,High
-70.74600833,-33.41330167,High
-70.745715,-33.41329,High
-70.74539667,-33.413285,High
-70.74509667,-33.41316,High
-70.74518333,-33.41285,High
-70.74533667,-33.41250667,High
-70.74553,-33.41213667,High
-70.74563833,-33.41181,High
-70.74589,-33.41118333,High
-70.74602167,-33.41091333,High
-70.74612667,-33.41055667,High
-70.74616167,-33.41021,High
-70.74614833,-33.40988667,High
-70.74612833,-33.40950667,High
-70.74610167,-33.40919833,High
-70.746075,-33.40891167,High
-70.74604167,-33.40854333,High
-70.74601,-33.40811,High
-70.74597833,-33.40778167,High
-70.74589167,-33.40741167,High
-70.745805,-33.40711333,High
-70.74571333,-33.40679167,High
-70.74562167,-33.40650667,High
-70.74553667,-33.406145,High
-70.74541,-33.4058,High
-70.74529167,-33.405525,High
-70.74515667,-33.405245,High
-70.74500667,-33.40492833,High
-70.74485,-33.40457167,High
-70.74475,-33.40423167,High
-70.74475167,-33.40393667,High
-70.74485,-33.40368833,High
-70.74497333,-33.40342333,High
-70.745095,-33.40315667,High
-70.74523667,-33.40287,High
-70.74539333,-33.40257667,High
-70.74556833,-33.40228833,High
-70.74571833,-33.40200333,High
-70.74585833,-33.40174,High
-70.74603167,-33.40143167,High
-70.746245,-33.401095,High
-70.74642167,-33.40079333,High
-70.74655,-33.40051333,High
-70.74662333,-33.40024833,High
-70.74655833,-33.39973,High
-70.746165,-33.39989,High
-70.74585667,-33.39999167,High
-70.74553167,-33.40013,High
-70.74518667,-33.400275,High
-70.74486167,-33.400415,High
-70.74456167,-33.40054833,High
-70.744235,-33.400695,High
-70.74389833,-33.40081667,High
-70.74354333,-33.400845,High
-70.74319667,-33.40076833,High
-70.74288833,-33.40064667,High
-70.74254833,-33.40051167,High
-70.74225667,-33.40040833,High
-70.7419,-33.40025833,High
-70.74151833,-33.40008,High
-70.74112167,-33.39989667,High
-70.74074333,-33.39974833,High
-70.74044333,-33.39961333,High
-70.74007333,-33.39952167,High
-70.73969,-33.39955,High
-70.73940667,-33.39965333,High
-70.73907667,-33.39978667,Medium
-70.73870833,-33.39992,Medium
-70.738315,-33.40008167,Medium
-70.737915,-33.40019833,High
-70.73752167,-33.40032667,High
-70.73715667,-33.40042,High
-70.73678833,-33.40051333,High
-70.73643333,-33.40059667,High
-70.73603833,-33.40068167,High
-70.73568167,-33.40066333,High
-70.73547,-33.400355,High
-70.73524167,-33.40012333,High
-70.734805,-33.40021,High
-70.73442667,-33.400275,High
-70.73395,-33.40037,High
-70.73360167,-33.40058333,High
-70.73335333,-33.40093,High
-70.73304667,-33.40126833,High
-70.73271833,-33.40155833,High
-70.73243667,-33.40173667,High
-70.732105,-33.40181667,High
-70.7317,-33.40191,High
-70.731405,-33.40211167,High
-70.73111833,-33.40236,High
-70.73087667,-33.40264333,High
-70.73065667,-33.40292,High
-70.730445,-33.40318667,High
-70.73024,-33.40346833,High
-70.730005,-33.40376167,High
-70.72983333,-33.40398833,High
-70.72966,-33.404235,High
-70.729455,-33.40449667,High
-70.72921167,-33.404815,High
-70.72903167,-33.405055,High
-70.72882667,-33.405315,High
-70.728635,-33.40556333,High
-70.72843833,-33.405805,High
-70.72824833,-33.40603333,High
-70.72792833,-33.40646833,High
-70.72763,-33.40674,High
-70.72734667,-33.406985,High
-70.72711,-33.407165,High
-70.72686833,-33.40735333,High
-70.72664167,-33.40754167,High
-70.72634167,-33.40777,High
-70.72592667,-33.40809,High
-70.72570667,-33.40827,High
-70.72544167,-33.40847667,High
-70.72517167,-33.40869167,High
-70.724895,-33.40889833,High
-70.724635,-33.40911833,High
-70.72440333,-33.40936167,High
-70.72425167,-33.40961833,High
-70.72405667,-33.40992,High
-70.72343333,-33.41085167,High
-70.72325167,-33.411045,High
-70.72295333,-33.41127333,High
-70.72271667,-33.41151,High
-70.72252167,-33.41172,High
-70.72225,-33.41197667,High
-70.72197333,-33.41222167,High
-70.72161833,-33.41242167,High
-70.72124333,-33.41256833,High
-70.72096333,-33.41267,High
-70.72068833,-33.41278333,High
-70.720405,-33.4129,High
-70.720125,-33.41300333,High
-70.71984,-33.41310667,High
-70.719565,-33.41322,High
-70.71930167,-33.41334833,High
-70.71904,-33.41351667,High
-70.71877833,-33.41368833,High
-70.71849167,-33.41387333,High
-70.71824833,-33.41403167,High
-70.71798333,-33.41419,High
-70.71773,-33.41435333,High
-70.71745,-33.41454167,High
-70.717195,-33.41469167,High
-70.716945,-33.41480667,High
-70.716535,-33.41497333,High
-70.71599333,-33.41521667,High
-70.71618833,-33.41558833,High
-70.716395,-33.41594,High
-70.716575,-33.41623167,High
-70.71674,-33.41653333,High
-70.71681333,-33.41683,High
-70.71687667,-33.41707833,High
-70.71694167,-33.41739,High
-70.71700667,-33.41768833,High
-70.717075,-33.41793667,High
-70.717145,-33.41823333,High
-70.71722667,-33.41853833,High
-70.71731833,-33.41890833,High
-70.71739333,-33.419295,High
-70.717435,-33.41954,High
-70.71749333,-33.41979333,High
-70.71755,-33.42006167,High
-70.71761167,-33.42033667,High
-70.71767,-33.42058167,High
-70.71779333,-33.42101333,High
-70.71790833,-33.42144167,High
-70.718015,-33.42191,High
-70.71809,-33.422225,High
-70.71816333,-33.42250667,High
-70.71823833,-33.42277,High
-70.7183,-33.42307,High
-70.71837,-33.42337833,High
-70.71843833,-33.423685,High
-70.71850333,-33.423965,High
-70.71859167,-33.42422333,High
-70.718675,-33.4245,High
-70.71877667,-33.4248,High
-70.71885,-33.42507833,High
-70.71893167,-33.42538333,High
-70.71908333,-33.42596333,High
-70.71917333,-33.42621333,High
-70.71924667,-33.42651,High
-70.719315,-33.42679167,High
-70.71939833,-33.42711333,High
-70.719475,-33.42742667,High
-70.71954333,-33.42770167,High
-70.719625,-33.42799667,High
-70.719695,-33.42829167,High
-70.71977667,-33.42864167,High
-70.719845,-33.42894333,High
-70.71991667,-33.429225,High
-70.72000333,-33.429545,High
-70.72009333,-33.42986833,High
-70.72016167,-33.43014167,High
-70.72031167,-33.430725,High
-70.720365,-33.43098833,High
-70.72043,-33.43127833,High
-70.72048,-33.43156333,High
-70.72056833,-33.43197333,High
-70.72068167,-33.4324,High
-70.72075167,-33.43282167,High
-70.72082667,-33.43319167,High
-70.72089333,-33.43357167,High
-70.72096667,-33.43394167,High
-70.72103167,-33.43424167,High
-70.72110167,-33.4346,Medium
-70.72116833,-33.43485833,Medium
-70.72124,-33.43520833,Medium
-70.721325,-33.43559,Medium
-70.721435,-33.43597333,High
-70.72148833,-33.43623667,High
-70.72153833,-33.43654833,High
-70.72128,-33.43667667,Medium
-70.72073333,-33.43676,Medium
-70.72041167,-33.43681167,Medium
-70.72008167,-33.43686,Medium
-70.71965333,-33.43712167,Medium
-70.71958667,-33.438175,Medium
-70.71956833,-33.43851,Medium
-70.71956,-33.43879667,Medium
-70.71954167,-33.43921833,Medium
-70.71961333,-33.43957333,Medium
-70.71967,-33.43992,Medium
-70.71972,-33.44032667,Medium
-70.71976,-33.44068667,High
-70.71981833,-33.44109333,High
-70.71981667,-33.44148167,High
-70.71976167,-33.44187,High
-70.719735,-33.44219,High
-70.71965667,-33.44264,High
-70.719615,-33.44299167,High
-70.719565,-33.44328667,High
-70.7201,-33.44382667,High
-70.72063167,-33.44392667,High
-70.72113667,-33.443985,High
-70.721435,-33.44401667,High
-70.72185333,-33.44406833,High
-70.722285,-33.44412,Medium
-70.72274667,-33.444185,Medium
-70.723425,-33.44425167,Medium
-70.72373,-33.44428167,Medium
-70.72406333,-33.44430167,Medium
-70.72440167,-33.444325,Medium
-70.72475,-33.44435667,Medium
-70.72511,-33.44437833,High
-70.72546167,-33.444395,High
-70.72582,-33.444415,High
-70.72619667,-33.44443167,High
-70.72654833,-33.444445,High
-70.72689833,-33.44444667,High
-70.72726333,-33.44445333,High
-70.72758167,-33.44446,High
-70.72793833,-33.44447667,High
-70.72824,-33.44448833,High
-70.72857,-33.4445,High
-70.728915,-33.44450667,High
-70.72926167,-33.44451333,High
-70.72962667,-33.44451667,High
-70.72998,-33.444515,High
-70.73032833,-33.44452167,High
-70.73065833,-33.444515,High
-70.731065,-33.444515,High
-70.73136833,-33.44452167,High
-70.73174167,-33.44453167,High
-70.73206833,-33.44453167,High
-70.73244833,-33.44453333,High
-70.73284333,-33.44454333,High
-70.73319167,-33.44455333,High
-70.73417,-33.44457833,High
-70.73460333,-33.44457667,High
-70.735015,-33.44458,High
-70.73542333,-33.444585,High
-70.73582333,-33.44458167,High
-70.7362,-33.44457667,High
-70.73660667,-33.44458833,High
-70.737075,-33.44461833,High
-70.73757167,-33.44462167,High
-70.738055,-33.44460333,Medium
-70.738605,-33.444785,Medium
-70.73858,-33.44518667,High
-70.73856333,-33.44548667,High
-70.73829167,-33.44557667,High
-70.73796167,-33.44571,High
-70.737725,-33.44583667,High
-70.737085,-33.44613,High
-70.736655,-33.44612167,High
-70.73619333,-33.44615167,High
-70.73582167,-33.446135,High
-70.735435,-33.44612,High
-70.73501667,-33.44611167,High
-70.73461167,-33.44612,High
-70.73424333,-33.44613333,High
-70.73388333,-33.44613333,High
-70.73361667,-33.44615333,High
-70.73326667,-33.44614,High
-70.73286,-33.446155,High
-70.73241833,-33.44613667,High
-70.73198833,-33.44613167,High
-70.73157167,-33.446135,High
-70.73122833,-33.44614167,High
-70.73101333,-33.44634833,High
-70.73101833,-33.44664,High
-70.73103,-33.44693833,High
-70.73102833,-33.44729167,High
-70.73102,-33.44767667,High
-70.73103667,-33.44795333,High
-70.73104,-33.448255,High
-70.73103,-33.44858333,High
-70.73103,-33.44890167,High
-70.73103667,-33.44918833,High
-70.73104,-33.44946333,High
-70.73104333,-33.44974667,High
-70.73105667,-33.45006333,High
-70.731055,-33.45034167,High
-70.73072167,-33.4505,Medium
-70.73033833,-33.450495,Medium
-70.72989667,-33.45047167,Medium
-70.72948833,-33.45042833,Medium
-70.72906833,-33.45048,Medium
-70.728675,-33.45052667,Medium
-70.72786333,-33.450675,Medium
-70.727505,-33.45079833,High
-70.72719,-33.45089667,High
-70.72684333,-33.451,High
-70.72650167,-33.4511,High
-70.72617833,-33.451205,High
-70.72585,-33.45129667,High
-70.72549833,-33.45139167,High
-70.72513167,-33.45149333,High
-70.72476167,-33.45158167,High
-70.72441333,-33.45165667,High
-70.72408333,-33.45172333,High
-70.72377833,-33.45178333,High
-70.72343333,-33.45183,High
-70.72288167,-33.45182333,High
-70.72248167,-33.451805,High
-70.73363111,-33.444575,High
-70.76818,-33.43970333,High
-70.76811167,-33.43933167,High
-70.76805167,-33.439045,High
-70.76797167,-33.43871667,High
-70.76789833,-33.43841,High
-70.76781333,-33.43807667,High
-70.767735,-33.43769833,High
-70.76764667,-33.43732167,High
-70.76755,-33.436935,High
-70.76748,-33.436645,High
-70.767375,-33.43613833,High
-70.767295,-33.43579333,High
-70.76719,-33.43542833,High
-70.76710333,-33.435135,High
-70.76703833,-33.43484167,High
-70.76696333,-33.43451167,High
-70.76688667,-33.43420333,High
-70.76679333,-33.43388167,High
-70.76666667,-33.43353667,High
-70.76659333,-33.43329,High
-70.76647833,-33.43303,High
-70.76634,-33.43273833,High
-70.76614333,-33.43230333,High
-70.76601,-33.43204833,High
-70.76587333,-33.43173,High
-70.76569333,-33.43135667,High
-70.76554167,-33.43104833,High
-70.76544833,-33.43067333,High
-70.76535167,-33.43036833,High
-70.76526,-33.43005833,High
-70.76515333,-33.42976,High
-70.76496167,-33.42945,High
-70.76479333,-33.42912833,High
-70.76472,-33.42888667,High
-70.76459833,-33.42849167,High
-70.76450167,-33.42817167,High
-70.76440667,-33.42787833,High
-70.76432167,-33.42754667,High
-70.764225,-33.42728167,High
-70.7638,-33.42737167,High
-70.76341833,-33.42752833,High
-70.76291,-33.42771833,High
-70.762345,-33.42779,High
-70.76181167,-33.42780833,High
-70.76134667,-33.427795,High
-70.76086333,-33.42772667,High
-70.76032667,-33.42759167,High
-70.759775,-33.427525,High
-70.75922167,-33.42749167,High
-70.758775,-33.42750333,High
-70.758385,-33.42747833,High
-70.757945,-33.42744333,High
-70.75745333,-33.42741,High
-70.75698167,-33.42741167,High
-70.75650167,-33.42744333,High
-70.756045,-33.427485,High
-70.75564667,-33.427545,High
-70.75525833,-33.42767833,High
-70.754905,-33.42786667,High
-70.75466167,-33.42798,High
-70.75426167,-33.428075,High
-70.75385167,-33.428125,High
-70.75343333,-33.428185,High
-70.75297,-33.42822667,High
-70.75251167,-33.428255,High
-70.752155,-33.42839833,High
-70.751825,-33.42862333,High
-70.75147833,-33.42878667,High
-70.75105333,-33.42898,High
-70.75067833,-33.42909167,High
-70.750605,-33.42882667,High
-70.75064667,-33.42842167,High
-70.75072333,-33.42804667,High
-70.750825,-33.42766167,High
-70.75089833,-33.427315,High
-70.75093,-33.42694833,High
-70.750995,-33.42665833,High
-70.75115167,-33.42622333,High
-70.751245,-33.42593667,High
-70.75132,-33.42561,High
-70.75134833,-33.425335,High
-70.75142167,-33.42498333,High
-70.75137333,-33.42471833,High
-70.75141667,-33.42438167,High
-70.75152667,-33.42397833,High
-70.75161,-33.42356833,High
-70.75167833,-33.42313667,High
-70.751785,-33.422745,High
-70.75186167,-33.42246167,High
-70.75193667,-33.42203167,High
-70.75200833,-33.42170333,High
-70.75208,-33.421275,High
-70.752185,-33.42083167,High
-70.75230167,-33.420355,High
-70.75243667,-33.419845,High
-70.75253833,-33.41939833,High
-70.75264,-33.418955,High
-70.75273333,-33.41856167,High
-70.75283333,-33.41814833,High
-70.75293667,-33.41771167,High
-70.75301167,-33.41732,High
-70.75316333,-33.41666167,High
-70.75323667,-33.416365,High
-70.75330833,-33.41600667,High
-70.753365,-33.41567333,High
-70.75344167,-33.41537833,High
-70.75351333,-33.415055,High
-70.75361333,-33.41468833,High
-70.75370833,-33.414325,High
-70.75378167,-33.41394333,High
-70.7551,-33.41359833,High
-70.75574333,-33.41357667,High
-70.75638,-33.41360667,Medium
-70.75705833,-33.41364333,Medium
-70.75768667,-33.41367,Medium
-70.75829167,-33.41369667,Medium
-70.75884833,-33.41372333,Medium
-70.75936667,-33.413745,High
-70.76024333,-33.413785,High
-70.76062167,-33.41382,High
-70.76106167,-33.41386,High
-70.76156833,-33.41397833,High
-70.76205167,-33.41407667,High
-70.762505,-33.41421667,High
-70.76295833,-33.41429667,High
-70.763385,-33.41439333,High
-70.76385333,-33.414495,High
-70.764345,-33.41454,High
-70.764775,-33.41463167,High
-70.76520333,-33.4149,High
-70.76519667,-33.415185,High
-70.76517833,-33.415475,High
-70.76516667,-33.415755,High
-70.76518667,-33.41601667,High
-70.76519167,-33.41627833,High
-70.76516833,-33.41653833,High
-70.76515667,-33.41691333,High
-70.76516167,-33.41720833,High
-70.76519167,-33.41751167,High
-70.76516333,-33.41787167,High
-70.76469,-33.41813667,High
-70.764305,-33.41802833,High
-70.76431833,-33.41760833,High
-70.76432333,-33.417305,High
-70.764315,-33.41699333,High
-70.76432,-33.41668833,High
-70.76432833,-33.41631833,High
-70.76411167,-33.41613333,High
-70.76397667,-33.41591667,High
-70.76397667,-33.41557833,High
-70.763975,-33.415265,High
-70.76397167,-33.41494833,High
-70.76390333,-33.414615,High
-70.76346833,-33.41456167,High
-70.76304667,-33.414475,High
-70.76252,-33.41435333,High
-70.76196833,-33.41421333,High
-70.76141333,-33.41408667,High
-70.76084333,-33.41400667,High
-70.760365,-33.41394333,High
-70.75965833,-33.41389667,High
-70.75915,-33.413865,High
-70.75857833,-33.413865,Medium
-70.75802167,-33.41384833,Medium
-70.75744333,-33.4138,Medium
-70.75690833,-33.41378,Medium
-70.75640167,-33.41376667,Medium
-70.75585833,-33.413735,High
-70.75530167,-33.41371,High
-70.75369667,-33.41364,High
-70.75329167,-33.413615,High
-70.75286667,-33.41359333,High
-70.75237667,-33.41357,High
-70.75187833,-33.41355,High
-70.75136833,-33.41351833,High
-70.75089,-33.41348167,High
-70.75039667,-33.41345333,High
-70.749895,-33.413455,High
-70.74939833,-33.41340833,High
-70.748855,-33.413375,High
-70.74838,-33.413355,High
-70.747945,-33.41334667,High
-70.74755167,-33.41334,High
-70.74720833,-33.41333,High
-70.74686,-33.41331833,High
-70.74653333,-33.4133,High
-70.74617,-33.41329833,High
-70.74586,-33.413295,High
-70.74555833,-33.41328667,High
-70.74518333,-33.41325167,High
-70.74513,-33.41299,High
-70.74525,-33.41269667,High
-70.74545,-33.41230667,High
-70.74558167,-33.41197667,High
-70.74569167,-33.411675,High
-70.74582667,-33.41129833,High
-70.74595667,-33.41105,High
-70.74608167,-33.410725,High
-70.74617667,-33.410355,High
-70.74615333,-33.41005833,High
-70.74612333,-33.40969667,High
-70.74611667,-33.40933667,High
-70.74609,-33.40906333,High
-70.74606333,-33.40873667,High
-70.746015,-33.40831167,High
-70.74601,-33.40796167,High
-70.745965,-33.40756167,High
-70.74583833,-33.40725333,High
-70.74576833,-33.40695333,High
-70.74566167,-33.40664167,High
-70.74557833,-33.40633333,High
-70.74534333,-33.40564333,High
-70.74523333,-33.40539667,High
-70.74507833,-33.40508333,High
-70.74492833,-33.40476167,High
-70.744795,-33.40439333,High
-70.74473667,-33.404085,High
-70.74479833,-33.40380833,High
-70.744915,-33.40356333,High
-70.74503667,-33.40328833,High
-70.74516667,-33.40301167,High
-70.74531333,-33.40272333,High
-70.74548,-33.40243333,High
-70.74565,-33.40214667,High
-70.74578667,-33.401875,High
-70.74593833,-33.40159333,High
-70.74612833,-33.40126333,High
-70.74633167,-33.40093833,High
-70.746495,-33.40065,High
-70.74659,-33.40038,High
-70.74666667,-33.400085,High
-70.74637667,-33.399805,High
-70.74601333,-33.39993833,High
-70.74569667,-33.40005667,High
-70.74536167,-33.4002,High
-70.74501333,-33.40035333,High
-70.74471167,-33.400475,High
-70.7444,-33.40062167,High
-70.74406167,-33.40076167,High
-70.74372333,-33.40084667,High
-70.743395,-33.40081833,High
-70.74305167,-33.40071333,High
-70.74271,-33.40057833,High
-70.74241,-33.40046333,High
-70.74208,-33.40034,High
-70.74171,-33.40016833,High
-70.741305,-33.39999333,High
-70.74093667,-33.39982167,High
-70.740595,-33.399675,High
-70.740265,-33.39955833,High
-70.73987333,-33.39952,High
-70.73954833,-33.39959833,High
-70.73924333,-33.39971667,Medium
-70.73889833,-33.39985333,Medium
-70.73851833,-33.39999167,Medium
-70.738125,-33.40013833,High
-70.73770833,-33.40026833,High
-70.73730667,-33.40038667,High
-70.736995,-33.40046333,High
-70.73661833,-33.40055333,High
-70.73623667,-33.40063667,High
-70.73585167,-33.40070833,High
-70.73557167,-33.40051333,High
-70.73537833,-33.40022833,High
-70.73501333,-33.40015833,High
-70.73463167,-33.40024167,High
-70.73417,-33.40032833,High
-70.73374833,-33.40044,High
-70.73348,-33.400745,High
-70.733205,-33.40110333,High
-70.73287167,-33.40140333,High
-70.73257,-33.40166333,High
-70.73228333,-33.40178333,High
-70.7319,-33.40185333,High
-70.73153833,-33.401995,High
-70.73126833,-33.40223167,High
-70.73099833,-33.40249833,High
-70.730765,-33.402785,High
-70.73054667,-33.40305333,High
-70.730345,-33.403325,High
-70.730125,-33.40361833,High
-70.72991167,-33.40389,High
-70.72975167,-33.404105,High
-70.729555,-33.40437333,High
-70.72933,-33.404665,High
-70.72912333,-33.40493167,High
-70.72892833,-33.405185,High
-70.72873,-33.40544167,High
-70.72854,-33.40568167,High
-70.72834,-33.40591833,High
-70.72814,-33.40618667,High
-70.72777667,-33.40660333,High
-70.72744667,-33.4069,High
-70.72723167,-33.40707333,High
-70.72699,-33.40725833,High
-70.72675333,-33.40745,High
-70.72653167,-33.40762833,High
-70.72613333,-33.40793,High
-70.72582167,-33.40817667,High
-70.72557667,-33.40837,High
-70.72531167,-33.408585,High
-70.72502833,-33.408795,High
-70.724765,-33.409005,High
-70.72451,-33.40923667,High
-70.72431667,-33.40949667,High
-70.72412333,-33.409815,High
-70.72394667,-33.41011,High
-70.72355,-33.410705,High
-70.72334167,-33.41095,High
-70.72315167,-33.411145,High
-70.72281,-33.41140667,High
-70.72261667,-33.41162333,High
-70.722395,-33.41184333,High
-70.72210333,-33.412115,High
-70.721375,-33.41252,High
-70.721105,-33.41261833,High
-70.72082667,-33.412725,High
-70.72054667,-33.412845,High
-70.72026667,-33.41295,High
-70.71998,-33.413055,High
-70.719705,-33.41316167,High
-70.71943167,-33.41327833,High
-70.719175,-33.41343,High
-70.71890667,-33.41360333,High
-70.71863,-33.41378,High
-70.71836667,-33.41395333,High
-70.71812,-33.41410833,High
-70.71785333,-33.41427167,High
-70.71761667,-33.41443333,High
-70.71732,-33.41461833,High
-70.71706333,-33.41475167,High
-70.71675833,-33.41488667,High
-70.71635833,-33.41503667,High
-70.71607,-33.41538667,High
-70.7165,-33.416105,High
-70.716655,-33.41635167,High
-70.71678333,-33.41670833,High
-70.716845,-33.41695667,High
-70.71690667,-33.41721,High
-70.71697833,-33.417565,High
-70.71704167,-33.417815,High
-70.71711167,-33.41805833,High
-70.717175,-33.41838,High
-70.71727333,-33.41872667,High
-70.71735,-33.419095,High
-70.717415,-33.419415,High
-70.717465,-33.41966333,High
-70.71752333,-33.419925,High
-70.71757667,-33.42019833,High
-70.71764333,-33.42046667,High
-70.71773667,-33.42080833,High
-70.71784833,-33.42122333,High
-70.717985,-33.421775,High
-70.71804833,-33.42204667,High
-70.71813167,-33.42239167,High
-70.718205,-33.42263833,High
-70.718265,-33.422915,High
-70.71834,-33.42322,High
-70.71840333,-33.42353667,High
-70.71847,-33.42382833,High
-70.71854167,-33.424095,High
-70.718635,-33.42436167,High
-70.71872667,-33.42464667,High
-70.71881667,-33.42494333,High
-70.71888167,-33.42521167,High
-70.71904667,-33.42578667,High
-70.71911667,-33.42609,High
-70.71921167,-33.42633833,High
-70.71927333,-33.42664333,High
-70.719355,-33.42695,High
-70.71943833,-33.42727667,High
-70.719505,-33.427565,High
-70.719585,-33.42785,High
-70.71966333,-33.428145,High
-70.719725,-33.42842,High
-70.71981,-33.42881333,High
-70.71988167,-33.42908,High
-70.71995667,-33.42938333,High
-70.72005167,-33.42970833,High
-70.72013,-33.43001167,High
-70.72020833,-33.43032167,High
-70.72034333,-33.43085,High
-70.72039667,-33.43113,High
-70.720455,-33.431425,High
-70.720515,-33.43173333,High
-70.72062833,-33.43217333,High
-70.72071,-33.43262167,High
-70.720785,-33.43299333,High
-70.72085833,-33.43339833,High
-70.72094,-33.43373667,High
-70.72101,-33.43412167,High
-70.72105333,-33.43435833,Medium
-70.72113167,-33.43472333,Medium
-70.72119833,-33.43499167,Medium
-70.72128333,-33.435395,Medium
-70.72139333,-33.43579167,High
-70.72146167,-33.43610833,High
-70.72151,-33.43641167,High
-70.72148833,-33.43663333,High
-70.72100833,-33.43671833,Medium
-70.72058,-33.43678,Medium
-70.72024667,-33.436835,Medium
-70.71992833,-33.436875,Medium
-70.71965833,-33.43728333,Medium
-70.71963,-33.43774167,Medium
-70.71957167,-33.43835667,Medium
-70.71957333,-33.43860667,Medium
-70.71952333,-33.43900833,Medium
-70.71959,-33.43944833,Medium
-70.71963333,-33.43969667,Medium
-70.71969667,-33.440125,Medium
-70.719745,-33.44051667,Medium
-70.71979167,-33.44094667,High
-70.71984833,-33.441305,High
-70.719785,-33.44168333,High
-70.71975333,-33.44201833,High
-70.71970333,-33.44240667,High
-70.71964333,-33.442775,High
-70.71959333,-33.44310667,High
-70.71954333,-33.44342333,High
-70.719855,-33.44378167,High
-70.72036833,-33.44388,High
-70.72087167,-33.44395333,High
-70.721285,-33.444,High
-70.72157667,-33.44403667,High
-70.72210667,-33.44410167,High
-70.72247333,-33.44414333,Medium
-70.723155,-33.44423167,Medium
-70.72357667,-33.44426333,Medium
-70.72389333,-33.44429833,Medium
-70.72423167,-33.44431333,Medium
-70.72456833,-33.44433833,Medium
-70.72493,-33.44437167,High
-70.72528667,-33.44438333,High
-70.72563667,-33.44440833,High
-70.72600833,-33.44442167,High
-70.726375,-33.44444,High
-70.72672,-33.44444333,High
-70.72708333,-33.44445167,High
-70.72743333,-33.44445333,High
-70.72779,-33.44447167,High
-70.72808833,-33.44448333,High
-70.72840167,-33.44449167,High
-70.728745,-33.444505,High
-70.729085,-33.44451,High
-70.72944,-33.44451833,High
-70.72980667,-33.44451,High
-70.730155,-33.44452,High
-70.7305,-33.44451667,High
-70.73085833,-33.44451333,High
-70.73121167,-33.44451667,High
-70.73152833,-33.44452667,High
-70.731895,-33.44453167,High
-70.73225167,-33.44453167,High
-70.73264833,-33.44453833,High
-70.733025,-33.44454833,High
-70.73334333,-33.44455833,High
-70.73396167,-33.44458667,High
-70.73439,-33.44457833,High
-70.73481167,-33.44457833,High
-70.73521833,-33.444585,High
-70.735625,-33.44458333,High
-70.736015,-33.44458167,High
-70.736395,-33.44458167,High
-70.736835,-33.44461,High
-70.73732333,-33.44462,High
-70.737815,-33.44463333,Medium
-70.738255,-33.44459667,Medium
-70.73859,-33.445,High
-70.73857333,-33.44532833,High
-70.738475,-33.44557333,High
-70.73814833,-33.44562,High
-70.737845,-33.44576167,High
-70.73686167,-33.44613833,High
-70.736415,-33.44614667,High
-70.73601333,-33.44613667,High
-70.73563333,-33.44613167,High
-70.735225,-33.44611667,High
-70.73481167,-33.44611667,High
-70.734425,-33.44612,High
-70.73405333,-33.44613833,High
-70.73375,-33.44614667,High
-70.73346,-33.44614333,High
-70.73306667,-33.44614667,High
-70.73264667,-33.44615,High
-70.7322,-33.44613833,High
-70.73176833,-33.44613167,High
-70.73139333,-33.44613833,High
-70.73105167,-33.44614667,High
-70.73101833,-33.44649,High
-70.73102333,-33.44678667,High
-70.73103167,-33.44711167,High
-70.731015,-33.44749,High
-70.73102833,-33.44781833,High
-70.73104167,-33.448105,High
-70.73103333,-33.44841667,High
-70.73103167,-33.44874833,High
-70.731035,-33.44906333,High
-70.73103833,-33.44933,High
-70.73104333,-33.44959333,High
-70.73105333,-33.449905,High
-70.73106333,-33.45021167,High
-70.73089667,-33.45049833,Medium
-70.73054,-33.45049667,Medium
-70.73012,-33.450495,Medium
-70.72970167,-33.45046,Medium
-70.72927667,-33.45045167,Medium
-70.72887,-33.4505,Medium
-70.72849,-33.45055,Medium
-70.72765667,-33.450745,High
-70.72735,-33.45085,High
-70.72702,-33.45094833,High
-70.72667333,-33.45105,High
-70.72633833,-33.45115167,High
-70.72601833,-33.45125167,High
-70.72568,-33.45134333,High
-70.72531667,-33.45144333,High
-70.72494667,-33.45154333,High
-70.72458167,-33.45162333,High
-70.72424667,-33.45168833,High
-70.72393167,-33.45175167,High
-70.72363333,-33.451805,High
-70.72276167,-33.45181167,High
-70.71963833,-33.43756667,Medium
-70.733545,-33.44456833,High
-70.733725,-33.444585,High
-70.73845,-33.444605,Medium
-70.59412875,-33.43832708,Medium
-70.59757028,-33.43369532,Medium
-70.59638917,-33.43338458,Medium
-70.58559153,-33.43064097,High
-70.57721271,-33.42613125,Medium
-70.56519847,-33.43107486,Low
-70.55191577,-33.43045976,Medium
-70.55020828,-33.43481011,Low
-70.55201603,-33.43926524,Medium
-70.54330986,-33.44050681,Low
-70.53590104,-33.439595,Medium
-70.53052944,-33.45232083,Low
-70.53974931,-33.45154889,Low
-70.540985,-33.45831833,Medium
-70.52992517,-33.45921463,Low
-70.5413425,-33.46287083,Low
-70.54737538,-33.46323354,High
-70.55074764,-33.46266125,Medium
-70.56626226,-33.46419363,Medium
-70.56813438,-33.46383063,Medium
-70.57334606,-33.46250985,Medium
-70.58419208,-33.46000667,Medium
-70.58654,-33.45958375,Medium
-70.59829167,-33.45250917,Medium
-70.59778361,-33.44949708,Medium
-70.59603917,-33.44899167,Medium
-70.59145292,-33.43813917,Medium
-70.59198208,-33.43718833,Medium
-70.59211417,-33.43699083,Medium
-70.59304833,-33.437815,Medium
-70.59342,-33.437995,Medium
-70.59377,-33.438165,Medium
-70.59430333,-33.43842333,Medium
-70.59460667,-33.43859833,Medium
-70.59499667,-33.43876,Medium
-70.59540167,-33.43894167,Medium
-70.59574667,-33.4391,Medium
-70.595935,-33.43882167,Medium
-70.596075,-33.43844167,Medium
-70.59621667,-33.43799167,Medium
-70.59636333,-33.43752,Medium
-70.59650667,-33.43704667,Medium
-70.59665667,-33.43657333,Medium
-70.59680167,-33.43615167,Medium
-70.59694,-33.43569167,Medium
-70.59709667,-33.435215,Medium
-70.59722833,-33.43479,Medium
-70.597315,-33.43446333,Medium
-70.59741667,-33.434155,Medium
-70.59751,-33.43384333,Medium
-70.59740667,-33.433545,Medium
-70.59704667,-33.43346,Medium
-70.596715,-33.43340333,Medium
-70.59595667,-33.43324833,Medium
-70.59557167,-33.43313333,Medium
-70.59513667,-33.43302667,Medium
-70.59461833,-33.43290833,Medium
-70.594015,-33.43275667,Medium
-70.593405,-33.43260833,Medium
-70.592805,-33.432455,Medium
-70.592195,-33.43230333,Medium
-70.591585,-33.432145,Medium
-70.591065,-33.43200833,High
-70.59067667,-33.43189333,High
-70.59025667,-33.43178667,High
-70.589765,-33.43165667,High
-70.589285,-33.43156,High
-70.58882833,-33.43143,High
-70.58840833,-33.43131667,High
-70.58796667,-33.4312,High
-70.58749167,-33.43121,High
-70.58698333,-33.43126,High
-70.586515,-33.43120167,High
-70.586115,-33.43098,High
-70.585855,-33.43076167,High
-70.585205,-33.43044833,High
-70.58481833,-33.43034167,High
-70.58428833,-33.4302,High
-70.58378667,-33.430085,High
-70.58330833,-33.42997,High
-70.58282167,-33.42982667,Medium
-70.58249333,-33.42975167,High
-70.58211333,-33.42964667,High
-70.58162,-33.429545,High
-70.58112,-33.42941,High
-70.58066667,-33.42923667,High
-70.58028333,-33.428895,High
-70.5799,-33.42856,Medium
-70.57950833,-33.42822333,Medium
-70.57915333,-33.42788667,Medium
-70.5788,-33.427565,Medium
-70.57856833,-33.42735,Medium
-70.57823167,-33.42707167,Medium
-70.57797333,-33.42683333,Medium
-70.57773667,-33.42663,Medium
-70.57750833,-33.42641,Medium
-70.57731333,-33.42621333,Medium
-70.57712333,-33.42606333,Medium
-70.57677,-33.4259,Medium
-70.57643,-33.42587667,Medium
-70.57609167,-33.42593333,Medium
-70.57572,-33.426035,Medium
-70.57541,-33.426075,Medium
-70.57489,-33.42613333,Medium
-70.574435,-33.42626667,Medium
-70.57406833,-33.426295,Medium
-70.57363,-33.42623167,Medium
-70.57317,-33.42617333,Medium
-70.57277,-33.42615333,Medium
-70.57246,-33.426105,Medium
-70.572025,-33.42608167,Medium
-70.57153333,-33.42602333,Medium
-70.57103167,-33.42598,Medium
-70.57059833,-33.42592167,Medium
-70.570255,-33.42609167,Medium
-70.570235,-33.42647333,Medium
-70.570225,-33.42687,Medium
-70.57018167,-33.42720167,Medium
-70.57014333,-33.42751,Medium
-70.57041833,-33.42778,Medium
-70.57058333,-33.42804333,Medium
-70.57052333,-33.428395,Medium
-70.57023667,-33.42871,Medium
-70.57023833,-33.42903333,Medium
-70.57023667,-33.42932,Medium
-70.57023,-33.4297,Medium
-70.570245,-33.43013833,Medium
-70.57017333,-33.43054833,Medium
-70.57017667,-33.430875,Medium
-70.57010667,-33.43113833,Medium
-70.56970667,-33.43119333,Medium
-70.56926833,-33.431145,Medium
-70.568755,-33.43113167,Medium
-70.56817,-33.43112333,Medium
-70.567505,-33.43111,Medium
-70.566865,-33.43108833,Medium
-70.56625667,-33.4311,Medium
-70.56574167,-33.43106333,Low
-70.56536833,-33.43107667,Low
-70.56477333,-33.43104167,Low
-70.56431333,-33.43102167,Low
-70.56375333,-33.43098667,Low
-70.56312167,-33.43094167,Low
-70.56244667,-33.43090833,Low
-70.561755,-33.43089833,Low
-70.56102333,-33.43086833,Low
-70.56029833,-33.430845,Low
-70.55965333,-33.43083,Low
-70.55902333,-33.43079667,Low
-70.55838,-33.43076167,Medium
-70.55789667,-33.43074333,Medium
-70.557505,-33.43070167,Medium
-70.55714167,-33.43066833,Medium
-70.5567,-33.43064833,Medium
-70.55612333,-33.43062667,Medium
-70.55551333,-33.43060333,Medium
-70.55498,-33.43057833,Medium
-70.55464333,-33.43061,Medium
-70.554315,-33.43069333,Medium
-70.55391167,-33.43066,Medium
-70.55345833,-33.43061667,Medium
-70.55296333,-33.43056,Medium
-70.55255833,-33.43052,Medium
-70.55225,-33.43049833,Medium
-70.55158833,-33.43054,Medium
-70.55162167,-33.43089333,Medium
-70.55165333,-33.43130833,Medium
-70.55164833,-33.43177833,Medium
-70.55147667,-33.43224167,Low
-70.55122333,-33.432635,Low
-70.550875,-33.433015,Low
-70.55053333,-33.43339,Low
-70.55029167,-33.43378833,Low
-70.55018833,-33.43419,Low
-70.55015667,-33.43446833,Low
-70.55026667,-33.43497333,Low
-70.55036667,-33.43532,Low
-70.55050833,-33.43570667,Low
-70.55067667,-33.43611833,Medium
-70.550865,-33.43648333,Medium
-70.55102,-33.43687667,Medium
-70.55122,-33.437265,Medium
-70.551365,-33.43770333,Medium
-70.55154833,-33.43811333,Medium
-70.55169667,-33.43853,Medium
-70.55185667,-33.438885,Medium
-70.55197,-33.439155,Medium
-70.55199,-33.43946833,Medium
-70.55157833,-33.43953667,Medium
-70.55117333,-33.43958167,Medium
-70.55069167,-33.43965333,Medium
-70.55010333,-33.43972333,Low
-70.54952667,-33.43977667,Low
-70.54898167,-33.43984833,Low
-70.54854,-33.4399,Low
-70.54820667,-33.43994,Low
-70.54778833,-33.43999333,Low
-70.54727667,-33.44005333,Low
-70.54682,-33.44010333,Medium
-70.54631333,-33.44017333,Medium
-70.54582167,-33.44022,Low
-70.54533,-33.440285,Low
-70.54485167,-33.44034333,Low
-70.54437667,-33.44037833,Low
-70.54392667,-33.44042,Low
-70.54358667,-33.44046333,Low
-70.54311667,-33.4402,Low
-70.543095,-33.4399,Low
-70.54307333,-33.439525,Low
-70.54305333,-33.439125,Low
-70.54301833,-33.43876667,Low
-70.54298,-33.43848667,Low
-70.542735,-33.43842833,Low
-70.54238333,-33.4385,Low
-70.54198667,-33.43857167,Low
-70.54160667,-33.43864,Low
-70.54121167,-33.43870333,Low
-70.54082333,-33.43876333,Low
-70.54046833,-33.43883,Low
-70.54007167,-33.43888333,Low
-70.53966,-33.438955,Low
-70.53922667,-33.43903167,Low
-70.53879,-33.43909333,Low
-70.53836167,-33.43917833,Low
-70.53795833,-33.43925333,Low
-70.53752833,-33.43932167,Low
-70.53721333,-33.43937167,Low
-70.53684,-33.43943167,Low
-70.53645667,-33.43948833,Low
-70.53610333,-33.43955333,Medium
-70.53562167,-33.43965833,Medium
-70.53528,-33.43977333,Low
-70.53493667,-33.43995333,Low
-70.534585,-33.44015,Low
-70.534265,-33.44032167,Low
-70.53394833,-33.440485,Low
-70.53357333,-33.44065333,Low
-70.53310667,-33.44076833,Low
-70.53268333,-33.44086333,Low
-70.53230167,-33.44093667,Low
-70.53184667,-33.44104167,Low
-70.53144833,-33.44112833,Low
-70.53101333,-33.44121667,Low
-70.53058,-33.44130833,Low
-70.53013833,-33.441415,Low
-70.52977333,-33.44150333,Low
-70.52932667,-33.44158667,Low
-70.52899167,-33.44166833,Low
-70.52866,-33.44174833,Low
-70.52827333,-33.44183,Low
-70.52792833,-33.44190667,Low
-70.52754167,-33.44198667,Low
-70.52714167,-33.442075,Low
-70.52671833,-33.44217167,Low
-70.52629167,-33.44227667,Low
-70.52588667,-33.44235167,Low
-70.52546167,-33.44243333,Low
-70.52512333,-33.44253833,Low
-70.52533167,-33.44283833,Low
-70.52558667,-33.44306,Low
-70.52583667,-33.44332,Low
-70.52602333,-33.44363167,Low
-70.52617167,-33.44394,Low
-70.52629667,-33.44422333,Low
-70.526485,-33.44461833,Low
-70.52665,-33.444905,Low
-70.526845,-33.44516667,Low
-70.52704333,-33.44543,Low
-70.52723167,-33.44577333,Low
-70.52731833,-33.44604333,Low
-70.52750667,-33.44623833,Low
-70.52774,-33.44643167,Low
-70.52791167,-33.44667,Low
-70.52811,-33.44687333,Low
-70.52840667,-33.44697667,Low
-70.52874167,-33.44704,Low
-70.52903,-33.44731167,Low
-70.52928333,-33.447545,Low
-70.52933667,-33.44789667,Medium
-70.52938333,-33.44824833,Medium
-70.52943167,-33.44853167,Medium
-70.529615,-33.44884667,Medium
-70.52978167,-33.449075,Medium
-70.52981167,-33.44945833,Medium
-70.52987,-33.4498,Medium
-70.5299,-33.45013833,Medium
-70.52994667,-33.45047667,Medium
-70.52998833,-33.45078667,Medium
-70.53002,-33.45106833,Medium
-70.530225,-33.45128667,Medium
-70.53038333,-33.45150833,Low
-70.53043,-33.45180167,Low
-70.53048333,-33.45212167,Low
-70.530785,-33.452345,Low
-70.531145,-33.45230333,Low
-70.531635,-33.45227167,Low
-70.53221,-33.452215,Low
-70.53271,-33.452145,Low
-70.53327333,-33.45211833,Low
-70.53385333,-33.45206333,Low
-70.53442667,-33.45202667,Low
-70.53497167,-33.45197833,Low
-70.535525,-33.45190833,Low
-70.53613167,-33.45185833,Low
-70.53669667,-33.45181833,Low
-70.53727167,-33.45176667,Low
-70.53781333,-33.45171667,Low
-70.53827333,-33.45167333,Low
-70.53869667,-33.45163167,Low
-70.53912,-33.45156167,Low
-70.53947667,-33.45156833,Low
-70.540015,-33.45160667,Low
-70.54010667,-33.45185833,Low
-70.54013333,-33.45218667,Low
-70.540195,-33.45259167,Low
-70.540285,-33.45303333,Low
-70.540325,-33.45346167,Low
-70.54037333,-33.453945,Low
-70.54045667,-33.454415,Medium
-70.54050167,-33.454875,Medium
-70.54056,-33.45518333,Medium
-70.540625,-33.45547,Medium
-70.54066833,-33.45583833,Medium
-70.54073,-33.45628167,Medium
-70.54078667,-33.45677,Low
-70.54084833,-33.45723667,Low
-70.54092833,-33.45764333,Medium
-70.54096167,-33.45800333,Medium
-70.54090333,-33.45844833,Medium
-70.54048833,-33.45852833,Low
-70.54002667,-33.45857167,Low
-70.53955167,-33.45862333,Low
-70.53906333,-33.45868167,Low
-70.53860333,-33.45870667,Low
-70.53823833,-33.45872833,Low
-70.53780167,-33.45878167,Medium
-70.537305,-33.458815,Medium
-70.53687333,-33.45883333,Medium
-70.536545,-33.45885833,Medium
-70.536155,-33.45887,Medium
-70.53567,-33.45890667,Medium
-70.53533833,-33.45892333,Medium
-70.53499167,-33.45894167,Medium
-70.53461333,-33.45896667,Medium
-70.53423667,-33.45898167,Medium
-70.533895,-33.45899333,Medium
-70.53340667,-33.45900333,Medium
-70.53289667,-33.45904,Medium
-70.53237333,-33.45906333,Low
-70.53193667,-33.45910167,Low
-70.53161333,-33.45911,Low
-70.531205,-33.45913667,Low
-70.53075333,-33.45916333,Low
-70.53036167,-33.45919,Low
-70.52977,-33.45948,Low
-70.52990833,-33.45987333,Low
-70.530075,-33.46038,Low
-70.53023,-33.46091333,Low
-70.530355,-33.46138167,Low
-70.53046167,-33.46181833,Low
-70.53061167,-33.46226333,Low
-70.53066,-33.46278333,Low
-70.53071333,-33.46327,Low
-70.53073167,-33.46373833,Low
-70.53077333,-33.464145,Low
-70.53093833,-33.46456,Low
-70.53108167,-33.46485667,Medium
-70.531245,-33.46513167,Medium
-70.531485,-33.46537167,Medium
-70.531895,-33.46528333,Medium
-70.53229,-33.46518167,Medium
-70.53278667,-33.46505333,Low
-70.53337833,-33.46487,Low
-70.53390333,-33.464725,Low
-70.53437,-33.464605,Low
-70.53493833,-33.46443667,Low
-70.53551333,-33.46426167,Low
-70.53610833,-33.46411333,Low
-70.53670833,-33.46393167,Medium
-70.53733167,-33.46374,Medium
-70.53794833,-33.46354833,Medium
-70.53855333,-33.46337833,Medium
-70.53909167,-33.46321667,Low
-70.539685,-33.46308,Medium
-70.54031167,-33.46297,Medium
-70.54086833,-33.462905,Low
-70.54122833,-33.46288333,Low
-70.54155,-33.46286,Low
-70.542,-33.46286833,Medium
-70.54248167,-33.462955,Medium
-70.542935,-33.46316667,Medium
-70.54331833,-33.46334833,Medium
-70.54375,-33.46354333,Medium
-70.54426167,-33.46365,Medium
-70.54484,-33.46351833,Medium
-70.54538,-33.46340833,Medium
-70.54591333,-33.46336667,Medium
-70.54642333,-33.46330667,Medium
-70.54686833,-33.46326,Medium
-70.54724167,-33.46324,High
-70.54770667,-33.46318333,High
-70.54824667,-33.46309333,High
-70.54884,-33.463005,High
-70.54944667,-33.46289333,Medium
-70.54998,-33.462805,Medium
-70.55037667,-33.462725,Medium
-70.55091333,-33.46264833,Medium
-70.55124,-33.46263667,Medium
-70.55159167,-33.46264,Medium
-70.55208333,-33.46261833,Medium
-70.55262667,-33.462605,Medium
-70.55316333,-33.46259667,Medium
-70.55367333,-33.462595,Medium
-70.55424667,-33.46260833,Medium
-70.554775,-33.46262333,Medium
-70.55534,-33.462605,Medium
-70.555805,-33.46258,Medium
-70.55626833,-33.462575,Medium
-70.55678167,-33.462585,Medium
-70.55734667,-33.462575,Medium
-70.557945,-33.46257833,Medium
-70.55855,-33.46257167,Medium
-70.55909667,-33.46256167,Medium
-70.55958667,-33.46256833,Medium
-70.56012,-33.46255333,Medium
-70.56070667,-33.46256667,Medium
-70.56128333,-33.46254667,Medium
-70.56185833,-33.46254667,Medium
-70.56234333,-33.462505,Medium
-70.56282,-33.46234333,Medium
-70.56325333,-33.46216167,Medium
-70.56368833,-33.46203667,Medium
-70.56413833,-33.46188833,Medium
-70.56464833,-33.46173167,Medium
-70.56507333,-33.46159833,Medium
-70.56532167,-33.46176167,Medium
-70.56547333,-33.46210667,Medium
-70.56561667,-33.46247333,Medium
-70.56578,-33.46286333,Medium
-70.56590667,-33.46325333,Medium
-70.56604333,-33.463635,Medium
-70.56619667,-33.46397333,Medium
-70.566415,-33.46429167,Medium
-70.56679833,-33.46418,Medium
-70.567235,-33.46404333,Medium
-70.5677,-33.46392,Medium
-70.56841833,-33.46375833,Medium
-70.56881,-33.46365667,Medium
-70.56921667,-33.46354833,Medium
-70.56960833,-33.46344667,Medium
-70.56995333,-33.46335833,Medium
-70.57038833,-33.463255,Medium
-70.57088,-33.46311833,Medium
-70.57128167,-33.46303833,Medium
-70.571725,-33.46295167,Medium
-70.57228,-33.462815,Medium
-70.57273833,-33.4627,Medium
-70.57306,-33.462615,Medium
-70.57366333,-33.46243,Medium
-70.57409,-33.46234167,Medium
-70.57447833,-33.46225,Medium
-70.57486167,-33.46216667,Medium
-70.57529333,-33.46207667,High
-70.57571833,-33.46193333,High
-70.57616,-33.46184333,High
-70.57652667,-33.46175667,High
-70.57696667,-33.46162333,High
-70.57739167,-33.46151333,High
-70.57789,-33.46139667,Medium
-70.57843333,-33.46125333,Medium
-70.578985,-33.46115167,Medium
-70.57949833,-33.461035,Medium
-70.580055,-33.46092333,Medium
-70.58064667,-33.46078,Medium
-70.58124833,-33.46065167,Medium
-70.581835,-33.46053,Medium
-70.58234,-33.4604,Medium
-70.58297833,-33.46027167,Medium
-70.583485,-33.460175,Medium
-70.58386,-33.46009,Medium
-70.584365,-33.459975,Medium
-70.58469,-33.45991167,Medium
-70.58511167,-33.45982667,Medium
-70.58558167,-33.45975667,Medium
-70.586,-33.45968667,Medium
-70.586355,-33.45961667,Medium
-70.58696,-33.459525,Medium
-70.58731833,-33.45950167,Medium
-70.58769333,-33.45950167,Medium
-70.58802833,-33.45949,Medium
-70.58842333,-33.45948,Medium
-70.58886667,-33.45946833,Medium
-70.58932333,-33.45945,Medium
-70.58977167,-33.45943,Medium
-70.590115,-33.45942167,Medium
-70.59051333,-33.45939667,Medium
-70.59103333,-33.45938833,Medium
-70.59165167,-33.45934167,Medium
-70.59224333,-33.45930667,Medium
-70.59284833,-33.459305,Medium
-70.59335833,-33.45930167,Medium
-70.59372333,-33.45929167,Medium
-70.5941,-33.459295,Medium
-70.59457833,-33.45928,Medium
-70.595115,-33.459235,Medium
-70.595605,-33.459205,Medium
-70.595955,-33.45919667,Medium
-70.59640667,-33.45916167,Medium
-70.59689333,-33.459165,Medium
-70.59728833,-33.45914,Medium
-70.59763833,-33.459115,Medium
-70.59795,-33.45901333,Medium
-70.59791833,-33.45857833,Medium
-70.59785667,-33.458145,Medium
-70.59785167,-33.45767333,Medium
-70.59783667,-33.457235,Medium
-70.59781167,-33.45681167,Medium
-70.59779167,-33.45634333,Medium
-70.59776833,-33.455915,Medium
-70.59775,-33.45555667,Medium
-70.59776,-33.45523,Medium
-70.59788,-33.45493333,Medium
-70.59808667,-33.45468833,Medium
-70.598345,-33.45441833,Medium
-70.59853167,-33.45417167,Medium
-70.59853,-33.45388667,Medium
-70.59847167,-33.45362167,Medium
-70.59839167,-33.453285,Medium
-70.59834333,-33.45299167,Medium
-70.598295,-33.45272667,Medium
-70.598235,-33.45222833,Medium
-70.59817833,-33.45194833,Medium
-70.59812,-33.45163,Medium
-70.59807,-33.45128667,Medium
-70.59802333,-33.45101833,Medium
-70.59797333,-33.45072167,Medium
-70.59790167,-33.4504,Medium
-70.59786167,-33.45008833,Medium
-70.597815,-33.449775,Medium
-70.59743167,-33.44922667,Medium
-70.59708,-33.44916,Medium
-70.59665,-33.44909,Medium
-70.59618667,-33.44903167,Medium
-70.59567667,-33.44892667,Medium
-70.59524167,-33.44886667,Medium
-70.59477667,-33.44880667,Medium
-70.59445833,-33.44874667,Medium
-70.59412667,-33.44868333,Medium
-70.59375667,-33.44862167,Medium
-70.59331,-33.44855,Medium
-70.59293667,-33.44852667,Medium
-70.59246833,-33.44851833,Medium
-70.59212,-33.44851833,Medium
-70.591745,-33.448535,Medium
-70.59136667,-33.44852833,Medium
-70.590965,-33.44852333,Medium
-70.59051667,-33.44847333,Medium
-70.59018167,-33.44848333,Medium
-70.58981833,-33.44848,Medium
-70.589485,-33.44849167,Medium
-70.58914167,-33.44847667,Medium
-70.58882167,-33.44848667,Medium
-70.58832167,-33.44849833,Medium
-70.587915,-33.44848167,Medium
-70.58747833,-33.44847667,Medium
-70.58706,-33.44845667,Medium
-70.58666833,-33.44844667,Medium
-70.586335,-33.44845667,Medium
-70.58598833,-33.44845167,Medium
-70.58558333,-33.44844333,Medium
-70.58521833,-33.448435,Medium
-70.5849,-33.448345,Medium
-70.58488667,-33.44797667,Medium
-70.58487333,-33.44754833,Medium
-70.58482,-33.44722667,Medium
-70.584795,-33.44693167,Medium
-70.584975,-33.446665,Medium
-70.58540333,-33.44662667,Medium
-70.58595833,-33.446525,Medium
-70.58636833,-33.44642,Medium
-70.58669,-33.44631833,Medium
-70.58710333,-33.44611333,Medium
-70.58738167,-33.44598833,Medium
-70.58775333,-33.445795,Medium
-70.58814833,-33.445585,Medium
-70.58844167,-33.44544167,Medium
-70.58880667,-33.44525,Medium
-70.58925333,-33.44498667,Medium
-70.58970167,-33.444745,Medium
-70.59020167,-33.44449833,Medium
-70.59059833,-33.44427667,Medium
-70.59097333,-33.44408,Medium
-70.59099,-33.44370333,Medium
-70.59094,-33.443395,Medium
-70.590915,-33.44304667,Medium
-70.59089667,-33.44273667,Medium
-70.59087833,-33.44244,Medium
-70.59084333,-33.44210833,Medium
-70.59082667,-33.441815,Medium
-70.59080167,-33.44152667,Medium
-70.59077667,-33.44125,Medium
-70.59076667,-33.440955,Medium
-70.59075,-33.440635,Medium
-70.59072333,-33.44031667,Medium
-70.59069167,-33.43993833,Medium
-70.59065833,-33.439575,Medium
-70.59062833,-33.43929,Medium
-70.590545,-33.43896833,Medium
-70.59056667,-33.43876,Medium
-70.59097333,-33.43854333,Medium
-70.5912,-33.438375,Medium
-70.59168833,-33.43798167,Medium
-70.59195,-33.43776833,Medium
-70.59220833,-33.43748167,Medium
-70.59285167,-33.43773833,Medium
-70.59323333,-33.43790667,Medium
-70.59359,-33.43808,Medium
-70.59392333,-33.43823667,Medium
-70.594445,-33.43850833,Medium
-70.59479667,-33.43868333,Medium
-70.59520667,-33.43884667,Medium
-70.59556,-33.439025,Medium
-70.59587167,-33.438965,Medium
-70.59600333,-33.43864667,Medium
-70.59614333,-33.43822,Medium
-70.59628667,-33.43775667,Medium
-70.59644,-33.43728167,Medium
-70.59658333,-33.43680833,Medium
-70.59673667,-33.43635,Medium
-70.59686667,-33.43593,Medium
-70.59701667,-33.43544667,Medium
-70.597165,-33.43499333,Medium
-70.597275,-33.43460667,Medium
-70.59735833,-33.43432333,Medium
-70.597465,-33.43398167,Medium
-70.59723667,-33.433495,Medium
-70.59688167,-33.43342333,Medium
-70.59614833,-33.43331,Medium
-70.59577,-33.43319333,Medium
-70.59536167,-33.43307833,Medium
-70.59489,-33.43297167,Medium
-70.59432667,-33.43283333,Medium
-70.59371,-33.432685,Medium
-70.59310667,-33.43252833,Medium
-70.59249833,-33.43237833,Medium
-70.59188667,-33.43222667,Medium
-70.59130833,-33.432075,Medium
-70.59086667,-33.43194833,High
-70.59048,-33.43184333,High
-70.59001,-33.43172,High
-70.58952167,-33.43161167,High
-70.58904833,-33.43150333,High
-70.5886,-33.431365,High
-70.588205,-33.43126833,High
-70.58774333,-33.43119667,High
-70.58722833,-33.43122167,High
-70.586725,-33.43125333,High
-70.58630333,-33.4311,High
-70.58597833,-33.43085,High
-70.58571333,-33.43068833,High
-70.585365,-33.43051167,High
-70.58502667,-33.43039333,High
-70.584565,-33.43027167,High
-70.58404,-33.43015,High
-70.583535,-33.43002333,High
-70.58314833,-33.42992167,High
-70.58267167,-33.429795,Medium
-70.58230833,-33.42969833,High
-70.58188,-33.42959833,High
-70.58137,-33.429475,High
-70.58088833,-33.42934333,High
-70.58047167,-33.42907167,High
-70.58010167,-33.42871667,Medium
-70.57971333,-33.42839167,Medium
-70.57933833,-33.42804,Medium
-70.57897833,-33.427725,Medium
-70.57867833,-33.42745167,Medium
-70.57838667,-33.42719167,Medium
-70.57807667,-33.42692167,Medium
-70.57785333,-33.42673667,Medium
-70.57762333,-33.42651333,Medium
-70.5774,-33.42630667,Medium
-70.57693333,-33.425955,Medium
-70.576605,-33.42587667,Medium
-70.57625833,-33.42589667,Medium
-70.57593333,-33.42598,Medium
-70.57556,-33.42606,Medium
-70.57514833,-33.42609667,Medium
-70.574635,-33.42621,Medium
-70.574265,-33.42629667,Medium
-70.57385833,-33.42626333,Medium
-70.57339333,-33.42621167,Medium
-70.57295,-33.42617333,Medium
-70.57262167,-33.42612,Medium
-70.57226333,-33.42609167,Medium
-70.57177,-33.42605667,Medium
-70.571295,-33.42600167,Medium
-70.5708,-33.42595167,Medium
-70.57036167,-33.42590667,Medium
-70.570255,-33.426265,Medium
-70.57023333,-33.42668667,Medium
-70.57019,-33.42702667,Medium
-70.57015167,-33.42734167,Medium
-70.57029833,-33.427675,Medium
-70.57051333,-33.42790333,Medium
-70.57061333,-33.42819167,Medium
-70.57031167,-33.42854167,Medium
-70.57023667,-33.42885833,Medium
-70.57024,-33.42918167,Medium
-70.57022833,-33.429495,Medium
-70.57021833,-33.42990333,Medium
-70.57018667,-33.43035833,Medium
-70.570185,-33.430715,Medium
-70.57017833,-33.43102833,Medium
-70.56990333,-33.43121167,Medium
-70.569505,-33.43117333,Medium
-70.56901,-33.43113833,Medium
-70.56847833,-33.431125,Medium
-70.56785167,-33.43110667,Medium
-70.56717333,-33.431095,Medium
-70.56656,-33.43108167,Medium
-70.56598833,-33.431085,Medium
-70.56551333,-33.43106833,Low
-70.56496167,-33.43104333,Low
-70.56456667,-33.43103667,Low
-70.56405333,-33.43101333,Low
-70.563445,-33.43096333,Low
-70.56279833,-33.43093,Low
-70.56212,-33.43089333,Low
-70.561385,-33.43088667,Low
-70.56062333,-33.43085167,Low
-70.55997667,-33.43082667,Low
-70.559335,-33.43080333,Low
-70.55870167,-33.43078333,Medium
-70.55810833,-33.43073667,Medium
-70.557705,-33.430725,Medium
-70.55735667,-33.43067333,Medium
-70.55694667,-33.43066167,Medium
-70.55642,-33.430635,Medium
-70.55581333,-33.430605,Medium
-70.555225,-33.43059,Medium
-70.55477,-33.43058167,Medium
-70.554485,-33.43066333,Medium
-70.55412167,-33.43068667,Medium
-70.55370167,-33.43062833,Medium
-70.55321833,-33.43059333,Medium
-70.55275667,-33.43052833,Medium
-70.55239667,-33.43050833,Medium
-70.55203833,-33.43047167,Medium
-70.55173167,-33.430445,Medium
-70.551615,-33.43072667,Medium
-70.55163167,-33.43108833,Medium
-70.551665,-33.43153333,Medium
-70.55157167,-33.432025,Medium
-70.55136,-33.43243167,Low
-70.551065,-33.43283833,Low
-70.55070833,-33.43318833,Low
-70.550395,-33.43357,Low
-70.55022,-33.434,Low
-70.55016,-33.43433167,Low
-70.55016667,-33.4346,Low
-70.55031333,-33.43513167,Low
-70.55042833,-33.435505,Low
-70.55058,-33.435905,Low
-70.55079333,-33.43629833,Medium
-70.55094333,-33.43668167,Medium
-70.55111,-33.43707,Medium
-70.55128,-33.43748667,Medium
-70.55144833,-33.43790167,Medium
-70.55163167,-33.43830833,Medium
-70.55179,-33.43871333,Medium
-70.55191833,-33.43903167,Medium
-70.55177833,-33.43952333,Medium
-70.551375,-33.439555,Medium
-70.55094667,-33.43961,Medium
-70.55040167,-33.43970333,Low
-70.54982333,-33.43975,Low
-70.549235,-33.43982167,Low
-70.54872,-33.43988667,Low
-70.548385,-33.43992,Low
-70.54800333,-33.43996333,Low
-70.54753,-33.44003167,Low
-70.54704667,-33.440075,Medium
-70.546555,-33.44012667,Medium
-70.54607667,-33.44019333,Low
-70.545575,-33.44025,Low
-70.54509833,-33.44032,Low
-70.54459833,-33.440355,Low
-70.544135,-33.44040167,Low
-70.543745,-33.440435,Low
-70.543125,-33.44042333,Low
-70.543115,-33.44006333,Low
-70.54308833,-33.43971667,Low
-70.54306667,-33.43931333,Low
-70.54304,-33.43894,Low
-70.54299667,-33.43861167,Low
-70.542895,-33.43839333,Low
-70.54259667,-33.43846167,Low
-70.542155,-33.43854167,Low
-70.54180167,-33.43860167,Low
-70.541405,-33.43867333,Low
-70.54100167,-33.43873333,Low
-70.54064667,-33.43879667,Low
-70.540275,-33.43885333,Low
-70.53986833,-33.438915,Low
-70.53945333,-33.43899,Low
-70.538995,-33.43905833,Low
-70.53856667,-33.439145,Low
-70.53816,-33.43922,Low
-70.53778,-33.43927667,Low
-70.53738,-33.439345,Low
-70.537035,-33.43939833,Low
-70.53664833,-33.43945833,Low
-70.53626667,-33.43952,Medium
-70.53578833,-33.43960833,Medium
-70.53543667,-33.43971333,Medium
-70.53510833,-33.43985667,Low
-70.534765,-33.44006,Low
-70.534415,-33.44024,Low
-70.53409167,-33.44041667,Low
-70.53376333,-33.44057167,Low
-70.53334167,-33.44071333,Low
-70.53287167,-33.44081333,Low
-70.5325,-33.44090667,Low
-70.53208333,-33.440995,Low
-70.53165667,-33.44107333,Low
-70.53122,-33.441165,Low
-70.53077667,-33.44126333,Low
-70.53036333,-33.44136833,Low
-70.52994833,-33.44146667,Low
-70.52954167,-33.441545,Low
-70.52916167,-33.44162667,Low
-70.52882167,-33.44171167,Low
-70.52847,-33.441795,Low
-70.52811167,-33.44186333,Low
-70.527735,-33.44194833,Low
-70.527345,-33.44203,Low
-70.52693,-33.44212167,Low
-70.526505,-33.44223,Low
-70.526095,-33.44231167,Low
-70.52566167,-33.44238333,Low
-70.5253,-33.44247333,Low
-70.52521833,-33.44274167,Low
-70.52544667,-33.442945,Low
-70.52572333,-33.44317833,Low
-70.52593333,-33.44347333,Low
-70.526105,-33.443785,Low
-70.52624167,-33.44409167,Low
-70.526415,-33.44448167,Low
-70.52656667,-33.444765,Low
-70.52674,-33.44503667,Low
-70.52694667,-33.4453,Low
-70.52716833,-33.44561167,Low
-70.52726833,-33.44591,Low
-70.52740333,-33.44615,Low
-70.52762833,-33.44632667,Low
-70.52782667,-33.44655333,Low
-70.52799833,-33.44678,Low
-70.52824833,-33.44693667,Low
-70.52861833,-33.44701167,Low
-70.52891167,-33.44718167,Low
-70.52915,-33.447405,Low
-70.52932667,-33.44777,Medium
-70.52935333,-33.44801667,Medium
-70.52941,-33.448365,Medium
-70.529475,-33.448725,Medium
-70.529725,-33.44894167,Medium
-70.5298,-33.44924833,Medium
-70.52983833,-33.44964167,Medium
-70.52989,-33.44996833,Medium
-70.52991833,-33.45030667,Medium
-70.52996167,-33.45062333,Medium
-70.53000167,-33.45092667,Medium
-70.53005833,-33.451185,Medium
-70.53032167,-33.45138333,Low
-70.53041333,-33.45165,Low
-70.530455,-33.45194667,Low
-70.53098833,-33.45231833,Low
-70.53135667,-33.45227667,Low
-70.53192167,-33.45224167,Low
-70.53246833,-33.452185,Low
-70.53298833,-33.45213167,Low
-70.53356,-33.45208333,Low
-70.534155,-33.45204667,Low
-70.53469333,-33.45199667,Low
-70.53523,-33.45194167,Low
-70.53584,-33.45189,Low
-70.53642333,-33.45185833,Low
-70.536985,-33.45180667,Low
-70.53755,-33.45174,Low
-70.53805333,-33.451705,Low
-70.53849833,-33.45165333,Low
-70.53892,-33.45159667,Low
-70.53931,-33.45156167,Low
-70.540085,-33.45171667,Low
-70.54012,-33.45201,Low
-70.54015167,-33.45237833,Low
-70.54022833,-33.45281833,Low
-70.54030667,-33.45323833,Low
-70.54035667,-33.45371167,Low
-70.540415,-33.45418833,Medium
-70.54049667,-33.45464167,Medium
-70.54054333,-33.45503667,Medium
-70.54060333,-33.45531667,Medium
-70.54065,-33.455645,Medium
-70.54071333,-33.45606167,Medium
-70.540755,-33.45650833,Medium
-70.54082,-33.45701833,Low
-70.540905,-33.45744333,Low
-70.54095667,-33.45784167,Medium
-70.54097833,-33.45813,Medium
-70.540675,-33.45851,Low
-70.54026,-33.45855167,Low
-70.53979,-33.45860833,Low
-70.53932167,-33.45865667,Low
-70.53881667,-33.45869333,Low
-70.53842167,-33.45871833,Low
-70.538035,-33.45876667,Medium
-70.53755167,-33.45881167,Medium
-70.53707,-33.45882333,Medium
-70.53674333,-33.458835,Medium
-70.53636333,-33.45886167,Medium
-70.53591667,-33.45888,Medium
-70.53548833,-33.45891,Medium
-70.53517833,-33.45893167,Medium
-70.53480333,-33.45895167,Medium
-70.53444,-33.45897333,Medium
-70.53408,-33.45898833,Medium
-70.53366333,-33.45899333,Medium
-70.53315,-33.45902333,Medium
-70.53263333,-33.45905333,Low
-70.53212667,-33.459095,Low
-70.53177833,-33.45910167,Low
-70.53141667,-33.45912167,Low
-70.53097,-33.45914333,Low
-70.53055333,-33.45918167,Low
-70.53017167,-33.45919833,Low
-70.52983667,-33.45965667,Low
-70.52998167,-33.46010667,Low
-70.53014833,-33.46065667,Low
-70.53029667,-33.46115167,Low
-70.53041,-33.46160333,Low
-70.53053333,-33.462035,Low
-70.53063667,-33.46251833,Low
-70.530675,-33.463025,Low
-70.53071167,-33.46351833,Low
-70.53075833,-33.46395,Low
-70.53085667,-33.46438,Low
-70.53100333,-33.464725,Low
-70.53119,-33.46503667,Medium
-70.53131167,-33.46524,Medium
-70.53168,-33.46533,Medium
-70.53206667,-33.46524,Medium
-70.53253667,-33.46512667,Medium
-70.53306,-33.46496833,Low
-70.53363167,-33.46478167,Low
-70.53413333,-33.46467167,Low
-70.53465333,-33.46451833,Low
-70.53523,-33.46434333,Medium
-70.53580333,-33.46419833,Low
-70.53639833,-33.46402,Medium
-70.53702833,-33.46384167,Medium
-70.53764333,-33.46365167,Medium
-70.53825833,-33.46346333,Medium
-70.53881167,-33.46331667,Medium
-70.53938167,-33.46315,Medium
-70.54,-33.46302,Low
-70.54059667,-33.46292167,Medium
-70.541065,-33.46289,Low
-70.541745,-33.46285667,Medium
-70.54225667,-33.46287833,Medium
-70.54271333,-33.46306,Medium
-70.54312167,-33.46326667,Medium
-70.54351,-33.46344167,Medium
-70.54397833,-33.46362,Medium
-70.544555,-33.463595,Medium
-70.54512167,-33.46345833,Medium
-70.54564,-33.46338,Medium
-70.54619667,-33.46334667,Medium
-70.54664833,-33.46328167,Medium
-70.54707167,-33.46325167,High
-70.54752667,-33.463215,High
-70.54797667,-33.46313667,High
-70.54853833,-33.46304167,High
-70.54914167,-33.462945,Medium
-70.54971667,-33.46285833,Medium
-70.55019167,-33.462755,Medium
-70.55053833,-33.4627,Medium
-70.55106,-33.46264,Medium
-70.55140667,-33.46263833,Medium
-70.55183,-33.46264333,Medium
-70.55235333,-33.46263,Medium
-70.55289,-33.46259333,Medium
-70.55341333,-33.4626,Medium
-70.553975,-33.46258833,Medium
-70.55451333,-33.46261333,Medium
-70.55505667,-33.462615,Medium
-70.55558667,-33.46258167,Medium
-70.55603167,-33.46256833,Medium
-70.55650833,-33.46257333,Medium
-70.55704667,-33.46258,Medium
-70.55764,-33.46256833,Medium
-70.55824167,-33.46255167,Medium
-70.55884,-33.46259,Medium
-70.55932667,-33.462575,Medium
-70.55985833,-33.46255667,Medium
-70.56040333,-33.46255667,Medium
-70.560995,-33.462565,Medium
-70.56157667,-33.46254667,Medium
-70.56209667,-33.46254667,Medium
-70.562585,-33.46242833,Medium
-70.563055,-33.462255,Medium
-70.56348333,-33.46210167,Medium
-70.563905,-33.46196,Medium
-70.56437333,-33.46183333,Medium
-70.56488667,-33.46164833,Medium
-70.56521833,-33.46163833,Medium
-70.56538333,-33.46192833,Medium
-70.56554667,-33.46227833,Medium
-70.565695,-33.46267167,Medium
-70.56584333,-33.46306667,Medium
-70.56596833,-33.46346167,Medium
-70.56611833,-33.463815,Medium
-70.56625,-33.46409167,Medium
-70.56662667,-33.46423,Medium
-70.567005,-33.464125,Medium
-70.56747167,-33.46399,Medium
-70.56788667,-33.46387333,Medium
-70.56860833,-33.46370833,Medium
-70.56901167,-33.46360167,Medium
-70.56942,-33.46349333,Medium
-70.56977667,-33.463405,Medium
-70.57014833,-33.46331,Medium
-70.570635,-33.46318833,Medium
-70.57108667,-33.46308833,Medium
-70.57149833,-33.46299833,Medium
-70.57198833,-33.46288833,Medium
-70.57251833,-33.46275833,Medium
-70.572905,-33.46265833,Medium
-70.57351167,-33.46245833,Medium
-70.57386,-33.46238667,Medium
-70.57428667,-33.462295,Medium
-70.574665,-33.46221,Medium
-70.57508,-33.46211833,High
-70.57550833,-33.46202167,High
-70.575935,-33.46189667,High
-70.57636,-33.46180167,High
-70.57674167,-33.46168833,High
-70.577165,-33.46157,High
-70.57763,-33.46146,Medium
-70.57814167,-33.46131833,Medium
-70.578715,-33.46120333,Medium
-70.579235,-33.46110167,Medium
-70.57977167,-33.460985,Medium
-70.58033667,-33.460855,Medium
-70.580955,-33.46071833,Medium
-70.58153667,-33.46059833,Medium
-70.58209333,-33.460435,Medium
-70.58266333,-33.460325,Medium
-70.58327667,-33.46023667,Medium
-70.58369333,-33.46012333,Medium
-70.58406167,-33.46004,Medium
-70.58450833,-33.45995,Medium
-70.58489833,-33.45987333,Medium
-70.585345,-33.45979,Medium
-70.5858,-33.45972,Medium
-70.58620167,-33.459645,Medium
-70.58676167,-33.45955667,Medium
-70.58713167,-33.459505,Medium
-70.58751,-33.4595,Medium
-70.58785167,-33.45949667,Medium
-70.58821833,-33.45948833,Medium
-70.58864833,-33.45947167,Medium
-70.58909333,-33.45946333,Medium
-70.58956833,-33.459445,Medium
-70.58995,-33.459425,Medium
-70.59030833,-33.45940667,Medium
-70.590755,-33.45939167,Medium
-70.59134167,-33.45935667,Medium
-70.59194167,-33.45932667,Medium
-70.59255833,-33.45931667,Medium
-70.59312667,-33.459315,Medium
-70.59351833,-33.459295,Medium
-70.5939,-33.45929667,Medium
-70.59432333,-33.45928,Medium
-70.59484167,-33.45923667,Medium
-70.59537333,-33.45921,Medium
-70.59578333,-33.45920333,Medium
-70.59616833,-33.45918167,Medium
-70.59666167,-33.45915833,Medium
-70.597105,-33.45915167,Medium
-70.59746667,-33.45913333,Medium
-70.59778833,-33.459105,Medium
-70.59794,-33.45879667,Medium
-70.597865,-33.45836333,Medium
-70.59786333,-33.45791667,Medium
-70.59785,-33.45744833,Medium
-70.59783167,-33.45704,Medium
-70.59779833,-33.45658167,Medium
-70.59778333,-33.45612167,Medium
-70.59776,-33.45572667,Medium
-70.59775167,-33.45539333,Medium
-70.59780333,-33.45507167,Medium
-70.597975,-33.45481667,Medium
-70.598215,-33.45455333,Medium
-70.59845333,-33.45429,Medium
-70.59854333,-33.45403,Medium
-70.59849667,-33.45375,Medium
-70.59843,-33.45344833,Medium
-70.59836833,-33.45312667,Medium
-70.59833333,-33.452865,Medium
-70.59821667,-33.45209167,Medium
-70.59815,-33.451795,Medium
-70.59809833,-33.45145667,Medium
-70.598045,-33.45114333,Medium
-70.59801833,-33.45091333,Medium
-70.597925,-33.45054667,Medium
-70.59787833,-33.45023667,Medium
-70.59784167,-33.44993333,Medium
-70.59779667,-33.449635,Medium
-70.59764833,-33.44928667,Medium
-70.59726333,-33.44919333,Medium
-70.59687167,-33.44912167,Medium
-70.59639833,-33.44903833,Medium
-70.59584667,-33.44895333,Medium
-70.59546333,-33.448895,Medium
-70.59499167,-33.44880167,Medium
-70.5946,-33.44878,Medium
-70.59430833,-33.44871833,Medium
-70.593945,-33.44865333,Medium
-70.59358167,-33.44859,Medium
-70.593135,-33.44852667,Medium
-70.592695,-33.44851833,Medium
-70.592275,-33.44851667,Medium
-70.59195667,-33.44853667,Medium
-70.59153833,-33.44853167,Medium
-70.59118833,-33.44852667,Medium
-70.59076833,-33.4485,Medium
-70.590355,-33.44847833,Medium
-70.59,-33.44848,Medium
-70.58965,-33.44849,Medium
-70.589315,-33.448485,Medium
-70.58897667,-33.44848,Medium
-70.58856833,-33.448495,Medium
-70.58809667,-33.44848833,Medium
-70.5877,-33.44848833,Medium
-70.587265,-33.44846333,Medium
-70.58686167,-33.44844833,Medium
-70.58649833,-33.44844833,Medium
-70.58616833,-33.44845667,Medium
-70.58579333,-33.44844667,Medium
-70.58538667,-33.448445,Medium
-70.58505167,-33.44844,Medium
-70.58489,-33.44814667,Medium
-70.58488167,-33.44774667,Medium
-70.58482667,-33.44737333,Medium
-70.58480667,-33.44710167,Medium
-70.58478667,-33.44675833,Medium
-70.58516833,-33.446645,Medium
-70.58566667,-33.44659833,Medium
-70.58621333,-33.44646,Medium
-70.58651333,-33.44638167,Medium
-70.5869,-33.446225,Medium
-70.587265,-33.44603167,Medium
-70.58757667,-33.44588833,Medium
-70.58794833,-33.44568833,Medium
-70.58831667,-33.44551167,Medium
-70.5886,-33.44536167,Medium
-70.58901667,-33.44510167,Medium
-70.58945833,-33.44488167,Medium
-70.58995,-33.44462,Medium
-70.59041,-33.44439667,Medium
-70.59078167,-33.44419333,Medium
-70.59101333,-33.44388167,Medium
-70.59095833,-33.44353333,Medium
-70.59092333,-33.44324167,Medium
-70.590905,-33.44288,Medium
-70.59088833,-33.44258667,Medium
-70.59086167,-33.44229167,Medium
-70.59083667,-33.44197167,Medium
-70.59081167,-33.44166167,Medium
-70.590795,-33.44139333,Medium
-70.59076833,-33.44110833,Medium
-70.59076167,-33.44077833,Medium
-70.59074,-33.44048333,Medium
-70.59070333,-33.440135,Medium
-70.590675,-33.439755,Medium
-70.59064333,-33.439425,Medium
-70.59061167,-33.439165,Medium
-70.590475,-33.43888667,Medium
-70.59076167,-33.438675,Medium
-70.59109333,-33.43846167,Medium
-70.59136167,-33.43821667,Medium
-70.591825,-33.43788333,Medium
-70.592055,-33.43765667,Medium
-70.59212167,-33.43734167,Medium
-70.60127167,-33.47242833,Medium
-70.60125792,-33.47346729,Medium
-70.60131917,-33.47620583,Medium
-70.60160056,-33.48416333,Medium
-70.60199458,-33.495075,High
-70.60433681,-33.50861181,Low
-70.60617862,-33.51278362,Medium
-70.61079382,-33.51613354,Medium
-70.60976217,-33.52610827,Medium
-70.60995875,-33.53652063,Medium
-70.61017611,-33.53731083,Medium
-70.63440042,-33.53752924,Medium
-70.63464028,-33.53305361,Medium
-70.63499354,-33.53072292,Medium
-70.6354525,-33.52848458,Medium
-70.63553542,-33.52770583,Medium
-70.63620042,-33.52166667,High
-70.62544167,-33.50953639,Medium
-70.62596417,-33.50745083,Medium
-70.63827506,-33.50704894,Medium
-70.62737333,-33.50048458,Medium
-70.63117646,-33.495875,Medium
-70.64083375,-33.48639875,Medium
-70.64111625,-33.48425125,Medium
-70.62572089,-33.48551839,Medium
-70.61879458,-33.48749444,Medium
-70.61889458,-33.4859175,Medium
-70.62190375,-33.47840875,Medium
-70.62276056,-33.47518122,Medium
-70.61415889,-33.47452347,Medium
-70.60683792,-33.47412958,Medium
-70.60262,-33.47249,Medium
-70.60220167,-33.47245,Medium
-70.60178333,-33.47244,Medium
-70.60142,-33.47242833,Medium
-70.60123667,-33.47273167,Medium
-70.60125333,-33.47303,Medium
-70.60125667,-33.47333833,Medium
-70.60127833,-33.4739,Medium
-70.60127,-33.47427,Medium
-70.60128667,-33.47468667,Medium
-70.601285,-33.475065,Medium
-70.60131333,-33.47548,Medium
-70.60130833,-33.47585,Medium
-70.60132167,-33.47630167,Medium
-70.60134833,-33.47662167,Medium
-70.601365,-33.47695167,Medium
-70.60136,-33.47731833,Medium
-70.60137,-33.47769,Medium
-70.60141333,-33.47803,Medium
-70.60140167,-33.47837833,Medium
-70.60143167,-33.47876167,Medium
-70.60140667,-33.47913167,Medium
-70.60145167,-33.4795,Medium
-70.60144667,-33.47989,Medium
-70.601465,-33.48034167,Medium
-70.60150667,-33.480765,Medium
-70.60149667,-33.48118167,Medium
-70.60150333,-33.48159333,Medium
-70.60157,-33.48197667,Medium
-70.60153333,-33.482385,Medium
-70.601575,-33.48278167,Medium
-70.60156667,-33.48311833,Medium
-70.60156167,-33.48341333,Medium
-70.60157,-33.48367667,Medium
-70.60158667,-33.48396667,Medium
-70.60161333,-33.484375,Medium
-70.60160833,-33.48466833,Medium
-70.60162,-33.48503167,Medium
-70.601645,-33.485425,Medium
-70.60165,-33.48581833,Medium
-70.60164,-33.486195,Medium
-70.60169,-33.486485,Medium
-70.60169167,-33.48682,Medium
-70.60168,-33.48717667,Medium
-70.6017,-33.48753167,High
-70.60168333,-33.48785667,High
-70.60168833,-33.48812667,High
-70.60171,-33.48845333,Medium
-70.60173,-33.48885167,Medium
-70.60171833,-33.48921167,Medium
-70.60169833,-33.48958333,Medium
-70.60171,-33.48995833,Medium
-70.60175833,-33.49031833,Medium
-70.60179667,-33.490675,Medium
-70.601805,-33.49102667,High
-70.60183333,-33.491375,High
-70.601875,-33.49175167,High
-70.60186,-33.49212833,High
-70.60187167,-33.492495,High
-70.60189667,-33.49281833,Medium
-70.60191167,-33.49310833,Medium
-70.60192167,-33.49345333,Medium
-70.60192667,-33.49378667,High
-70.60194833,-33.49414667,High
-70.60198,-33.49453167,High
-70.60198833,-33.494845,High
-70.60200167,-33.49539167,Medium
-70.60202167,-33.49570833,Medium
-70.602045,-33.49607167,Medium
-70.60206833,-33.49645667,Medium
-70.60208,-33.49683333,Medium
-70.60214333,-33.49718333,Medium
-70.60215667,-33.49745833,Medium
-70.602175,-33.49773833,Medium
-70.602255,-33.49811833,Medium
-70.60232,-33.49841833,Medium
-70.602415,-33.498715,Medium
-70.60252,-33.49902833,Medium
-70.60260333,-33.49933333,Medium
-70.60267,-33.49967167,Medium
-70.602725,-33.50006,Medium
-70.60277333,-33.50042167,Medium
-70.60284167,-33.50075333,Medium
-70.60291667,-33.50110167,Medium
-70.60296667,-33.50146667,Medium
-70.60304,-33.50181833,Medium
-70.60310833,-33.50219,Medium
-70.60316667,-33.50254833,Medium
-70.603215,-33.50288833,Medium
-70.60327,-33.503225,Medium
-70.60334167,-33.50355667,Medium
-70.60341333,-33.50390833,Medium
-70.60347,-33.50428667,Medium
-70.60353333,-33.50466167,Medium
-70.60361667,-33.50505667,Medium
-70.60371667,-33.505445,Medium
-70.60377333,-33.50581167,Medium
-70.60383833,-33.506205,Medium
-70.603905,-33.506535,Medium
-70.60400167,-33.50693833,Medium
-70.60406667,-33.50729833,Low
-70.60415,-33.50764,Low
-70.60423833,-33.50795667,Low
-70.604285,-33.50824167,Low
-70.604315,-33.508495,Low
-70.604365,-33.50873667,Low
-70.60442667,-33.50903333,Medium
-70.60444833,-33.50938,Medium
-70.60431333,-33.50974667,Low
-70.60404333,-33.510105,Low
-70.60367167,-33.51043667,Low
-70.60327333,-33.51071833,Medium
-70.603015,-33.51095667,Medium
-70.60288,-33.51131333,Medium
-70.60285,-33.51171833,Medium
-70.60307833,-33.51206333,Medium
-70.60341167,-33.51229667,Medium
-70.60398333,-33.51240833,Medium
-70.60442833,-33.512435,Medium
-70.604935,-33.51246167,Medium
-70.60534333,-33.51260167,Medium
-70.60564167,-33.51270667,Medium
-70.605985,-33.51276833,Medium
-70.60658833,-33.51286667,Medium
-70.60699,-33.51295667,Medium
-70.60743333,-33.513045,Medium
-70.60789167,-33.51313,Medium
-70.60832333,-33.51317,Medium
-70.60869,-33.513235,Medium
-70.60878833,-33.51354,Medium
-70.60856,-33.51381833,Medium
-70.608315,-33.51411833,Medium
-70.60805333,-33.514395,Medium
-70.607765,-33.514685,Medium
-70.60749167,-33.51497333,Medium
-70.60724833,-33.51524,Medium
-70.60704833,-33.51546833,Medium
-70.60683,-33.515815,Medium
-70.607235,-33.51594833,Medium
-70.60769167,-33.51597,Medium
-70.60811333,-33.51597333,Medium
-70.60849167,-33.51599,Medium
-70.60886833,-33.51600167,Medium
-70.60927667,-33.51604,Medium
-70.60966,-33.51610333,Medium
-70.61000667,-33.51611,Medium
-70.61042333,-33.51611,Medium
-70.61091333,-33.51637333,Medium
-70.61089667,-33.516705,Medium
-70.61083167,-33.51710167,Medium
-70.610785,-33.51743167,Medium
-70.61076167,-33.51783,Medium
-70.61068833,-33.51820333,Medium
-70.61062833,-33.51851,Medium
-70.61062333,-33.51888833,Medium
-70.61057,-33.51930667,Medium
-70.61050833,-33.51973333,Medium
-70.61044167,-33.52011333,Medium
-70.61041,-33.5205,Medium
-70.610315,-33.520925,Medium
-70.61023667,-33.52128667,Medium
-70.61019,-33.52168833,Medium
-70.61019667,-33.52206,Medium
-70.61018667,-33.52241833,Medium
-70.610205,-33.52274667,Medium
-70.61016833,-33.523065,Medium
-70.61011167,-33.52344,Medium
-70.61004833,-33.52386333,Medium
-70.609985,-33.52424167,Medium
-70.60995,-33.52462833,Medium
-70.60993,-33.52503667,Medium
-70.60989,-33.52544667,Medium
-70.60982833,-33.52580167,Medium
-70.60960667,-33.52625167,Medium
-70.60919833,-33.52625,Medium
-70.60864333,-33.526255,Medium
-70.608225,-33.52626,Medium
-70.607865,-33.52628333,Medium
-70.6074,-33.52629833,Medium
-70.60697,-33.52631833,Medium
-70.60654167,-33.526435,Medium
-70.60618167,-33.52664333,Medium
-70.605865,-33.526845,Medium
-70.605585,-33.527,Medium
-70.60528833,-33.5272,Medium
-70.604955,-33.52745,Medium
-70.60462167,-33.52769333,Medium
-70.60431333,-33.52791333,Medium
-70.60401833,-33.52808833,Medium
-70.60397333,-33.52833,Medium
-70.604175,-33.52862667,Medium
-70.60437167,-33.52893167,Medium
-70.60458167,-33.529225,Medium
-70.60481167,-33.529565,Medium
-70.60501667,-33.52988833,Medium
-70.60524,-33.53022,Medium
-70.60546167,-33.53053667,Medium
-70.60565,-33.53086333,Medium
-70.60585333,-33.53118833,Medium
-70.60603833,-33.531525,Medium
-70.60626833,-33.531835,Medium
-70.606485,-33.53215833,Medium
-70.606735,-33.53244167,Medium
-70.60695,-33.53285833,Medium
-70.60715333,-33.533215,Medium
-70.60737,-33.53352,Low
-70.60757167,-33.53384333,Low
-70.60777667,-33.53414833,Medium
-70.60797833,-33.53445,Medium
-70.60818333,-33.53476,Medium
-70.60840167,-33.53506167,Medium
-70.60861,-33.535415,Medium
-70.608795,-33.53572667,Medium
-70.60898333,-33.53601,Medium
-70.60915667,-33.536265,Medium
-70.60936333,-33.53647167,Medium
-70.60976833,-33.53651667,Medium
-70.61016333,-33.536855,Medium
-70.61017667,-33.537155,Medium
-70.61018667,-33.53748667,Medium
-70.61023833,-33.53781667,Medium
-70.61040667,-33.53823167,Medium
-70.61063167,-33.5386,Medium
-70.61080333,-33.53891,Medium
-70.61096333,-33.53912167,Medium
-70.61124667,-33.53939333,Medium
-70.61154,-33.539645,Medium
-70.61188833,-33.53990833,Medium
-70.61227833,-33.54013833,Medium
-70.61274167,-33.540365,Medium
-70.61322167,-33.54055833,Medium
-70.613725,-33.54069667,Medium
-70.61431333,-33.54080667,Medium
-70.61489333,-33.54088167,Medium
-70.61547667,-33.54095833,Medium
-70.61603,-33.54101833,Medium
-70.61664167,-33.54111,Medium
-70.61723167,-33.54119333,Medium
-70.61781833,-33.5413,Medium
-70.61844333,-33.54143333,Medium
-70.61907167,-33.54152833,Medium
-70.61963,-33.54161333,Medium
-70.62015833,-33.54168,Medium
-70.620685,-33.54175,Medium
-70.62126833,-33.54182333,Medium
-70.62183167,-33.5419,Medium
-70.62238167,-33.54197833,Medium
-70.62292167,-33.54203333,Medium
-70.62350167,-33.54208333,Medium
-70.624095,-33.54214,Medium
-70.62468,-33.54221167,Medium
-70.62532,-33.54232833,Medium
-70.62592,-33.54240167,Medium
-70.62655333,-33.542475,Medium
-70.62720333,-33.54254833,Medium
-70.62779833,-33.54264,Medium
-70.62836333,-33.54269833,Medium
-70.62886833,-33.54273833,Medium
-70.629305,-33.54272667,Medium
-70.62978667,-33.54266,Medium
-70.63024167,-33.542625,Medium
-70.63071333,-33.54255833,Medium
-70.63119833,-33.54249833,Medium
-70.63163667,-33.542465,Medium
-70.63206833,-33.542425,Medium
-70.63248333,-33.54237333,Medium
-70.632895,-33.54231167,Medium
-70.63324167,-33.54226333,Medium
-70.63365333,-33.54220667,Medium
-70.63394167,-33.54203833,Medium
-70.63408167,-33.54169833,Medium
-70.63416333,-33.54136333,Medium
-70.63417667,-33.54102167,Medium
-70.63420333,-33.540655,Medium
-70.63422833,-33.54027833,Medium
-70.63422833,-33.53988667,Medium
-70.63426667,-33.53949,Medium
-70.63427833,-33.53910333,Medium
-70.63432333,-33.53873,Medium
-70.634365,-33.53832333,Medium
-70.63437,-33.53794667,Medium
-70.63441333,-33.53727,Medium
-70.634425,-33.536935,Medium
-70.63444833,-33.53654,Medium
-70.63445833,-33.53614167,Medium
-70.63448,-33.53576333,Medium
-70.63451167,-33.53536167,Medium
-70.634495,-33.53498167,Medium
-70.63450167,-33.53460667,Medium
-70.634515,-33.534235,Medium
-70.63455667,-33.533865,Medium
-70.63459,-33.53352333,Medium
-70.63462,-33.53321667,Medium
-70.63468833,-33.53281667,Medium
-70.63474333,-33.53249667,Medium
-70.63479333,-33.53212167,Medium
-70.63483667,-33.53173333,Medium
-70.63489,-33.53135833,Medium
-70.634935,-33.53098,Medium
-70.635,-33.53058667,Medium
-70.63507333,-33.530305,Medium
-70.63516167,-33.52995833,Medium
-70.635245,-33.529635,Medium
-70.63533333,-33.52931333,High
-70.63538333,-33.52895,High
-70.63542667,-33.52862167,High
-70.63547667,-33.52820667,Medium
-70.63550667,-33.52792833,Medium
-70.63559,-33.52731333,High
-70.63561833,-33.52701167,High
-70.635655,-33.52669,Medium
-70.635695,-33.52635833,Medium
-70.635735,-33.52600333,Medium
-70.63578167,-33.52557,Medium
-70.635835,-33.52514667,Medium
-70.63587667,-33.52469,Medium
-70.63592167,-33.52424167,Medium
-70.635975,-33.52381833,Medium
-70.63601333,-33.5234,Medium
-70.636065,-33.523,Medium
-70.636105,-33.52260833,Medium
-70.63613333,-33.52221833,High
-70.63618,-33.52184667,High
-70.63625333,-33.52128167,High
-70.63629,-33.52098167,High
-70.636345,-33.52057667,High
-70.6364,-33.52014667,High
-70.63644,-33.51969667,High
-70.63647833,-33.51928,High
-70.63648333,-33.51895667,Medium
-70.636135,-33.51873167,High
-70.63575,-33.518705,Medium
-70.635335,-33.51868167,Medium
-70.63490833,-33.51863833,Medium
-70.63449667,-33.5186,Medium
-70.634065,-33.51854667,High
-70.63369,-33.5185,High
-70.63338333,-33.51847667,High
-70.63300333,-33.51842333,High
-70.63256667,-33.518395,High
-70.63214167,-33.51834167,High
-70.63171833,-33.51829167,High
-70.63126333,-33.51824,High
-70.63083833,-33.51819,High
-70.63040667,-33.51814,High
-70.630035,-33.51809,High
-70.629595,-33.51803167,High
-70.629015,-33.51798833,High
-70.62848167,-33.517935,High
-70.62802,-33.51786333,High
-70.62758833,-33.51780333,Medium
-70.627215,-33.51776167,Medium
-70.62683667,-33.51765,Medium
-70.626445,-33.51745833,Medium
-70.62608667,-33.51728667,High
-70.62572167,-33.51711167,High
-70.62532167,-33.51693333,High
-70.624955,-33.51676833,Medium
-70.62457667,-33.51656667,Medium
-70.62422667,-33.51641167,Medium
-70.62406167,-33.51613833,Medium
-70.62429667,-33.51582333,Medium
-70.62449667,-33.515515,Medium
-70.62464,-33.51518833,Medium
-70.62473,-33.514865,Medium
-70.62473833,-33.51451667,Medium
-70.62470167,-33.51420333,Medium
-70.62466833,-33.51387333,Medium
-70.62464667,-33.51351167,Medium
-70.624635,-33.51316,Medium
-70.62467833,-33.51281667,Medium
-70.62475,-33.51243167,Medium
-70.62483833,-33.51206,Medium
-70.62490167,-33.51172667,Medium
-70.62498,-33.51138333,Medium
-70.62507167,-33.51101167,Medium
-70.62515167,-33.51064,Medium
-70.625225,-33.51029,Medium
-70.62528833,-33.50997833,Medium
-70.62536,-33.50970333,Medium
-70.625535,-33.50920667,Medium
-70.62560833,-33.50888,Medium
-70.62566667,-33.50848333,Medium
-70.62575333,-33.50812,Medium
-70.62584333,-33.50775167,Medium
-70.626145,-33.50743167,Medium
-70.62656833,-33.50739333,Medium
-70.62706833,-33.50732833,Medium
-70.62746833,-33.50729833,Medium
-70.62786167,-33.50727833,Medium
-70.628215,-33.50726,Medium
-70.62854667,-33.50722667,Medium
-70.62911667,-33.50719333,Medium
-70.62959333,-33.50714333,Medium
-70.63007667,-33.50713167,Medium
-70.63054333,-33.50709833,Medium
-70.63104667,-33.50707167,Medium
-70.63150833,-33.50703,Medium
-70.63201333,-33.50702833,Medium
-70.632385,-33.50702833,Medium
-70.63276333,-33.50701167,Medium
-70.63322333,-33.50700833,Medium
-70.633715,-33.50702333,Medium
-70.63421167,-33.50701833,Medium
-70.63471333,-33.50703333,Medium
-70.63501,-33.50702833,Medium
-70.63544833,-33.50702833,Medium
-70.63592,-33.50703167,Medium
-70.636455,-33.507035,Medium
-70.63699167,-33.507005,Medium
-70.63746667,-33.50702167,Medium
-70.63788167,-33.50703667,Medium
-70.63841,-33.50693,Medium
-70.63843833,-33.50664333,Medium
-70.638495,-33.50623667,Medium
-70.63857,-33.50578167,Medium
-70.63860667,-33.50534833,Medium
-70.638645,-33.50494167,Medium
-70.63868167,-33.50453333,Medium
-70.6387,-33.50418,Medium
-70.63872667,-33.50380833,Medium
-70.63875,-33.50347167,Medium
-70.63878333,-33.50314667,Medium
-70.63881667,-33.50286167,Medium
-70.63869667,-33.502575,Medium
-70.63827333,-33.50255667,Medium
-70.63789667,-33.50253333,Medium
-70.63751833,-33.50250667,Medium
-70.63711,-33.50247667,Medium
-70.636725,-33.502455,High
-70.63640833,-33.50243667,High
-70.63609,-33.50241833,High
-70.635695,-33.50239333,High
-70.63532833,-33.50237167,High
-70.63490833,-33.50233333,High
-70.63456667,-33.502305,High
-70.63417333,-33.502285,High
-70.633805,-33.50226333,High
-70.633355,-33.50224333,High
-70.63291167,-33.50220333,High
-70.63245833,-33.50218833,High
-70.63201667,-33.50213167,High
-70.63159333,-33.50210167,High
-70.63113167,-33.50209,Medium
-70.63065333,-33.50206167,Medium
-70.63025667,-33.50203667,Medium
-70.62986167,-33.50200167,Medium
-70.62954167,-33.50198667,Medium
-70.629205,-33.50195667,Medium
-70.62876333,-33.50192333,Medium
-70.62835167,-33.50188833,Medium
-70.62793833,-33.501865,Medium
-70.62752333,-33.50183833,Medium
-70.62720167,-33.50180333,Medium
-70.62713833,-33.50152667,Medium
-70.62721167,-33.50120833,Medium
-70.62729667,-33.500825,Medium
-70.62739333,-33.50033333,Medium
-70.62747333,-33.49994333,Medium
-70.62755667,-33.49951833,Medium
-70.62766333,-33.499105,Medium
-70.62776,-33.49867333,Medium
-70.62784833,-33.49827833,Medium
-70.62791833,-33.49790833,Medium
-70.627985,-33.49760167,Medium
-70.628065,-33.49725,Medium
-70.62815167,-33.49688833,Medium
-70.628265,-33.49651167,Medium
-70.62836333,-33.496175,Medium
-70.628685,-33.49602167,Medium
-70.629135,-33.49602167,Medium
-70.62959333,-33.49599,Medium
-70.63006333,-33.49595333,Medium
-70.63055,-33.49593333,Medium
-70.630965,-33.49588333,Medium
-70.63144333,-33.49586667,Medium
-70.63188,-33.495825,Medium
-70.63239167,-33.49576333,Medium
-70.63287833,-33.49570833,Medium
-70.63336833,-33.49567,Medium
-70.63383833,-33.49561667,Medium
-70.63427,-33.49560333,Medium
-70.63474,-33.495585,Medium
-70.63520167,-33.49555833,Medium
-70.63560667,-33.49554,Medium
-70.63601,-33.49552,Medium
-70.63632667,-33.4955,Medium
-70.63669667,-33.49547667,Medium
-70.637175,-33.49543333,Medium
-70.63768333,-33.49540833,Medium
-70.638165,-33.49538333,Medium
-70.63859333,-33.49534167,Medium
-70.639025,-33.4953,Medium
-70.63944667,-33.49527833,Medium
-70.63971167,-33.49505333,Medium
-70.639735,-33.494725,Medium
-70.639775,-33.49437167,Medium
-70.63982,-33.49400833,Medium
-70.63986,-33.49366333,Medium
-70.63992667,-33.49330167,Medium
-70.63998667,-33.49292167,Medium
-70.64000167,-33.492575,Medium
-70.640075,-33.492195,Medium
-70.64012333,-33.491895,Medium
-70.640165,-33.49149,Medium
-70.64020833,-33.49114167,Medium
-70.64024667,-33.49078,Medium
-70.64028333,-33.49040167,Medium
-70.6403,-33.49005833,Medium
-70.64038667,-33.489655,Medium
-70.64042167,-33.48926,Medium
-70.640435,-33.48887167,Medium
-70.64052333,-33.48847167,Medium
-70.64060333,-33.48808667,Medium
-70.64064667,-33.48772333,Medium
-70.64070167,-33.48732333,Medium
-70.64075,-33.48693167,Medium
-70.64080667,-33.48657667,Medium
-70.64087333,-33.48606333,Medium
-70.64091333,-33.48571167,Medium
-70.64096167,-33.485325,Medium
-70.64102333,-33.48492167,Medium
-70.64108167,-33.484565,Medium
-70.641135,-33.48402833,Medium
-70.641165,-33.483735,Medium
-70.64121167,-33.483365,Medium
-70.64126333,-33.48295,Medium
-70.641295,-33.482575,Medium
-70.64134167,-33.48218333,Medium
-70.64139333,-33.48176833,Medium
-70.64150167,-33.48133667,Medium
-70.641515,-33.48099833,Medium
-70.64108833,-33.48104333,Medium
-70.64060167,-33.481245,Medium
-70.640095,-33.481405,Medium
-70.63963833,-33.48154,Medium
-70.63917833,-33.48169667,Medium
-70.63872333,-33.48179333,Medium
-70.63824333,-33.481915,Medium
-70.63778,-33.482025,Medium
-70.63728,-33.48218333,Medium
-70.636805,-33.48235,Medium
-70.63634667,-33.48244333,Medium
-70.63583167,-33.482605,Medium
-70.63540833,-33.48271833,Medium
-70.63494333,-33.48285833,Medium
-70.63452833,-33.48299333,Medium
-70.63405167,-33.48314667,Medium
-70.633565,-33.483295,Medium
-70.633155,-33.48339,Medium
-70.63275167,-33.48349667,Medium
-70.63247833,-33.48356,Medium
-70.63208167,-33.48367167,Medium
-70.63164667,-33.48376833,Medium
-70.63117833,-33.48392333,Medium
-70.63072833,-33.48406833,Medium
-70.63026167,-33.4842,Medium
-70.629765,-33.48434,Medium
-70.62920833,-33.484495,High
-70.62872667,-33.48465333,Medium
-70.62832,-33.48478333,Medium
-70.62788833,-33.48489,Medium
-70.62741667,-33.48504333,Medium
-70.62698333,-33.48515167,Medium
-70.62655833,-33.48528,Medium
-70.62611167,-33.48539833,Medium
-70.62522333,-33.48566,Medium
-70.62476333,-33.48581667,Medium
-70.62426167,-33.48595167,Medium
-70.62376,-33.48612667,Medium
-70.62329167,-33.48626833,Medium
-70.62277667,-33.486395,Medium
-70.622235,-33.48654,Medium
-70.621695,-33.48668167,Medium
-70.62116667,-33.486845,Medium
-70.62062833,-33.48700833,Medium
-70.62012167,-33.48710667,Medium
-70.61957833,-33.48727167,Medium
-70.61913,-33.48740333,Medium
-70.6185,-33.48721833,Medium
-70.61846333,-33.48693833,Medium
-70.61860667,-33.48655833,Medium
-70.61874333,-33.48621333,Medium
-70.61909167,-33.48563667,Medium
-70.61942333,-33.48526,Medium
-70.61976,-33.48490333,Medium
-70.62008667,-33.484525,Medium
-70.620355,-33.48407833,Medium
-70.62048667,-33.483665,Medium
-70.62057667,-33.48318167,Medium
-70.62073,-33.48275333,Medium
-70.62087667,-33.482265,Medium
-70.62097333,-33.48182833,Medium
-70.62109333,-33.48134333,Medium
-70.621225,-33.4809,Medium
-70.621365,-33.48046333,Medium
-70.62148167,-33.48000833,Medium
-70.62159833,-33.47956167,Medium
-70.62171,-33.47915833,Medium
-70.621805,-33.47877,Medium
-70.621965,-33.478205,Medium
-70.62206,-33.47784667,Medium
-70.62214333,-33.47743667,Medium
-70.62228333,-33.47698167,Medium
-70.622415,-33.47646833,Medium
-70.62254667,-33.47599167,Medium
-70.62267333,-33.47554833,Medium
-70.62243,-33.47489833,Medium
-70.62183833,-33.47488333,Medium
-70.62113833,-33.474875,Medium
-70.620545,-33.47482833,Medium
-70.62012167,-33.47481833,Medium
-70.61976167,-33.47480333,Medium
-70.61935167,-33.474775,Medium
-70.618965,-33.47474167,Medium
-70.61865667,-33.47472167,Medium
-70.61833333,-33.474685,Medium
-70.61791333,-33.47466667,Medium
-70.61757167,-33.47468,Medium
-70.61714,-33.47465333,Medium
-70.61669167,-33.47463667,Low
-70.61628167,-33.47461333,Low
-70.61583667,-33.47458167,Medium
-70.61539167,-33.47456333,Medium
-70.61491333,-33.47456833,Medium
-70.614485,-33.47453667,Medium
-70.61398833,-33.47450667,Medium
-70.6135,-33.47446667,Medium
-70.61296167,-33.474425,Medium
-70.61235667,-33.47442333,Medium
-70.611785,-33.474415,Medium
-70.61124167,-33.47438667,Medium
-70.610645,-33.474345,Medium
-70.61007667,-33.47430833,Medium
-70.60953333,-33.474285,Medium
-70.60896833,-33.47424667,Medium
-70.608405,-33.47422167,Medium
-70.60782667,-33.47418833,Medium
-70.60727333,-33.47416167,Medium
-70.60660167,-33.47411333,Medium
-70.60620167,-33.47408667,Medium
-70.60581333,-33.47406667,Medium
-70.60536833,-33.47405333,Medium
-70.60491,-33.474015,Medium
-70.60449333,-33.473985,Medium
-70.60420667,-33.47378333,Medium
-70.60424,-33.47344167,Medium
-70.604285,-33.47310667,Medium
-70.60431333,-33.47277667,Medium
-70.60455667,-33.47259667,Medium
-70.60494,-33.47260833,Medium
-70.60280833,-33.472495,Medium
-70.60241833,-33.47248,Medium
-70.601985,-33.47241833,Medium
-70.60159167,-33.47244333,Medium
-70.601235,-33.47259333,Medium
-70.60124667,-33.472895,Medium
-70.60125333,-33.47319,Medium
-70.60126667,-33.47369333,Medium
-70.601275,-33.47407667,Medium
-70.60129,-33.47447333,Medium
-70.601275,-33.474865,Medium
-70.60131,-33.47527667,Medium
-70.60130667,-33.47566,Medium
-70.60130667,-33.47603167,Medium
-70.60133333,-33.47649,Medium
-70.601355,-33.47675,Medium
-70.601365,-33.47714833,Medium
-70.60136167,-33.4775,Medium
-70.60138833,-33.47785667,Medium
-70.60141,-33.47820333,Medium
-70.60140667,-33.47856,Medium
-70.60142833,-33.47896333,Medium
-70.60142667,-33.479315,Medium
-70.60143333,-33.47967667,Medium
-70.60145667,-33.48012,Medium
-70.60147167,-33.480555,Medium
-70.60150167,-33.48097,Medium
-70.601505,-33.481385,Medium
-70.60155167,-33.481795,Medium
-70.60153833,-33.48219667,Medium
-70.60154,-33.4826,Medium
-70.60157,-33.48294833,Medium
-70.60155667,-33.483275,Medium
-70.60155167,-33.48353833,Medium
-70.60157667,-33.48381333,Medium
-70.60161333,-33.48452167,Medium
-70.60161,-33.484845,Medium
-70.60163667,-33.485235,Medium
-70.60164833,-33.48563333,Medium
-70.60165667,-33.48600833,Medium
-70.60169,-33.48634,Medium
-70.601695,-33.48664333,Medium
-70.60167833,-33.486995,Medium
-70.60169167,-33.487355,High
-70.60168667,-33.487695,High
-70.60169,-33.48799833,High
-70.6017,-33.48829167,Medium
-70.601725,-33.488665,Medium
-70.60172333,-33.48905167,Medium
-70.60171833,-33.48939167,Medium
-70.601705,-33.48976667,Medium
-70.60171667,-33.49014,Medium
-70.60177333,-33.49049333,Medium
-70.60181167,-33.49087,High
-70.60182,-33.49119667,High
-70.601865,-33.49158,High
-70.60186167,-33.49193667,High
-70.60188667,-33.49233167,High
-70.60189,-33.49268833,Medium
-70.60190833,-33.49295833,Medium
-70.60191833,-33.49325833,Medium
-70.60192167,-33.49362833,High
-70.60193833,-33.49396167,High
-70.60196667,-33.49434167,High
-70.60198,-33.49469333,High
-70.60198667,-33.495235,High
-70.60201333,-33.49555,Medium
-70.60203333,-33.49588,Medium
-70.60207333,-33.49625,Medium
-70.60206333,-33.49664833,Medium
-70.60211333,-33.49701,Medium
-70.60215333,-33.49733333,Medium
-70.60216,-33.49760833,Medium
-70.60221167,-33.497905,Medium
-70.60228833,-33.49828,Medium
-70.60236833,-33.49856,Medium
-70.60246667,-33.49887333,Medium
-70.60256667,-33.49917833,Medium
-70.60264,-33.49949667,Medium
-70.602695,-33.49986,Medium
-70.602745,-33.50025,Medium
-70.602815,-33.50059,Medium
-70.60288,-33.50092333,Medium
-70.60295167,-33.50128667,Medium
-70.603,-33.50164833,Medium
-70.60307667,-33.50203167,Medium
-70.60313667,-33.50237167,Medium
-70.60319167,-33.50272333,Medium
-70.60323833,-33.50305667,Medium
-70.60330667,-33.50339167,Medium
-70.60337333,-33.50373,Medium
-70.60343,-33.50408333,Medium
-70.603515,-33.50446333,Medium
-70.60356833,-33.50485167,Medium
-70.60367167,-33.50525167,Medium
-70.60374,-33.505625,Medium
-70.60378667,-33.505995,Medium
-70.603865,-33.50636,Medium
-70.60393333,-33.50674,Medium
-70.604015,-33.50712333,Low
-70.60409333,-33.50748,Low
-70.604205,-33.50780333,Low
-70.604265,-33.50810333,Low
-70.60430167,-33.50837667,Low
-70.60439333,-33.50887,Medium
-70.60444333,-33.50920833,Medium
-70.60438,-33.50955833,Medium
-70.604185,-33.50993,Low
-70.60388,-33.51028167,Low
-70.60347833,-33.510585,Medium
-70.60315167,-33.51083,Medium
-70.60290833,-33.51110333,Medium
-70.60285833,-33.51152333,Medium
-70.60294333,-33.511915,Medium
-70.60321333,-33.51220167,Medium
-70.60366667,-33.51236667,Medium
-70.604205,-33.51242333,Medium
-70.60466833,-33.512435,Medium
-70.60517167,-33.51254333,Medium
-70.60549333,-33.51266,Medium
-70.60581333,-33.51274333,Medium
-70.60641833,-33.51283667,Medium
-70.60678333,-33.51290667,Medium
-70.60720833,-33.51300667,Medium
-70.607665,-33.51307833,Medium
-70.60811,-33.51316167,Medium
-70.60852,-33.51321167,Medium
-70.60881833,-33.51328667,Medium
-70.608675,-33.51368,Medium
-70.608445,-33.51396667,Medium
-70.60819,-33.51425667,Medium
-70.607905,-33.51454,Medium
-70.60762167,-33.51483333,Medium
-70.60737167,-33.5151,Medium
-70.60714,-33.515355,Medium
-70.60687833,-33.51565167,Medium
-70.60701167,-33.51595167,Medium
-70.60744833,-33.51596833,Medium
-70.60790667,-33.51596667,Medium
-70.60830333,-33.51598167,Medium
-70.60869,-33.51598833,Medium
-70.60903833,-33.516015,Medium
-70.60948667,-33.51608167,Medium
-70.60982167,-33.51611167,Medium
-70.61020667,-33.516115,Medium
-70.61061333,-33.51611,Medium
-70.61088833,-33.51620333,Medium
-70.61091167,-33.51652667,Medium
-70.610885,-33.51691,Medium
-70.61081667,-33.51727,Medium
-70.61076,-33.51761667,Medium
-70.61074,-33.51801833,Medium
-70.61065667,-33.518375,Medium
-70.61062667,-33.51870167,Medium
-70.61061,-33.51909333,Medium
-70.61050833,-33.51951667,Medium
-70.61047,-33.51993333,Medium
-70.61043167,-33.52029333,Medium
-70.61038667,-33.52070333,Medium
-70.610285,-33.52108833,Medium
-70.6102,-33.52148333,Medium
-70.610205,-33.52190167,Medium
-70.61019,-33.52222833,Medium
-70.61019833,-33.52257667,Medium
-70.61019333,-33.52290333,Medium
-70.61014,-33.52324167,Medium
-70.61008,-33.523655,Medium
-70.61002333,-33.52408167,Medium
-70.609985,-33.52443167,Medium
-70.60993333,-33.52482833,Medium
-70.60991,-33.52523667,Medium
-70.60985667,-33.52563333,Medium
-70.60979667,-33.52597167,Medium
-70.60943167,-33.52626833,Medium
-70.60893833,-33.526245,Medium
-70.608405,-33.526265,Medium
-70.60807167,-33.52627,Medium
-70.60763833,-33.52628833,Medium
-70.60716833,-33.52630333,Medium
-70.60676,-33.52636833,Medium
-70.60635,-33.526535,Medium
-70.60602667,-33.52673833,Medium
-70.60570667,-33.52693333,Medium
-70.60544667,-33.52708833,Medium
-70.60513167,-33.52731667,Medium
-70.60479167,-33.52758333,Medium
-70.60446667,-33.527805,Medium
-70.60415833,-33.52800333,Medium
-70.60392,-33.52819333,Medium
-70.60407167,-33.52847,Medium
-70.60427833,-33.52878,Medium
-70.604475,-33.529075,Medium
-70.60470333,-33.52938,Medium
-70.604905,-33.52972833,Medium
-70.60511,-33.53005833,Medium
-70.605355,-33.53037667,Medium
-70.60553167,-33.53070667,Medium
-70.60576333,-33.53101667,Medium
-70.605945,-33.53134833,Medium
-70.60614167,-33.53168,Medium
-70.60638833,-33.53201667,Medium
-70.60661667,-33.532315,Medium
-70.60683333,-33.53269333,Medium
-70.607065,-33.53303167,Medium
-70.60724333,-33.53334667,Medium
-70.60747333,-33.533695,Low
-70.60767667,-33.53399,Medium
-70.60788167,-33.53429833,Medium
-70.608085,-33.534605,Medium
-70.60828167,-33.53491667,Medium
-70.60851833,-33.53524667,Medium
-70.60870167,-33.53557333,Medium
-70.60889167,-33.53588,Medium
-70.60908167,-33.53615167,Medium
-70.60924667,-33.53638167,Medium
-70.6095,-33.53652167,Medium
-70.61014833,-33.53664667,Medium
-70.61016667,-33.53701333,Medium
-70.61020833,-33.53764,Medium
-70.61031333,-33.53801833,Medium
-70.61051,-33.538435,Medium
-70.61071833,-33.53876667,Medium
-70.610885,-33.53902833,Medium
-70.61115333,-33.53930667,Medium
-70.61140333,-33.53953167,Medium
-70.61168667,-33.539775,Medium
-70.61208167,-33.54001667,Medium
-70.612485,-33.540255,Medium
-70.61297833,-33.54047,Medium
-70.613465,-33.54065167,Medium
-70.61402,-33.54075167,Medium
-70.61459167,-33.540845,Medium
-70.61517833,-33.54092167,Medium
-70.615755,-33.54099667,Medium
-70.61632833,-33.54107,Medium
-70.61694167,-33.54114333,Medium
-70.61753,-33.54123833,Medium
-70.61812667,-33.541365,Medium
-70.61878333,-33.54148667,Medium
-70.61935167,-33.54156833,Medium
-70.61988333,-33.54163667,Medium
-70.620425,-33.54171833,Medium
-70.62098167,-33.54179167,Medium
-70.62154,-33.54186667,Medium
-70.62210833,-33.54194667,Medium
-70.62265167,-33.54201167,Medium
-70.62320833,-33.54205667,Medium
-70.62379833,-33.542115,Medium
-70.62438167,-33.54216667,Medium
-70.62499333,-33.542255,Medium
-70.625615,-33.54236667,Medium
-70.62623,-33.542435,Medium
-70.62688333,-33.5425,Medium
-70.627505,-33.54258667,Medium
-70.628075,-33.54267667,Medium
-70.62864333,-33.54270667,Medium
-70.62909,-33.542745,Medium
-70.62956167,-33.542705,Medium
-70.63001167,-33.54264667,Medium
-70.63047,-33.54259333,Medium
-70.63096,-33.54252,Medium
-70.63141,-33.542475,Medium
-70.63185167,-33.54244667,Medium
-70.63228333,-33.54240167,Medium
-70.632675,-33.54234167,Medium
-70.63305,-33.542285,Medium
-70.63345167,-33.54223833,Medium
-70.63383,-33.54215667,Medium
-70.63400667,-33.54187833,Medium
-70.63413667,-33.54153167,Medium
-70.63417333,-33.54119833,Medium
-70.63419,-33.540835,Medium
-70.63421333,-33.54047667,Medium
-70.63423667,-33.54008,Medium
-70.63425667,-33.53968833,Medium
-70.63426,-33.53930333,Medium
-70.63429,-33.53892,Medium
-70.63434,-33.53852167,Medium
-70.63436167,-33.53813833,Medium
-70.63438667,-33.53775,Medium
-70.63440833,-33.5374,Medium
-70.634415,-33.53711,Medium
-70.63443667,-33.536735,Medium
-70.63444333,-33.53636167,Medium
-70.63448833,-33.53595333,Medium
-70.63448,-33.53556833,Medium
-70.63450667,-33.53517333,Medium
-70.63448667,-33.534805,Medium
-70.63451167,-33.53440667,Medium
-70.63453333,-33.534045,Medium
-70.63456833,-33.533695,Medium
-70.63461167,-33.53336167,Medium
-70.63471667,-33.53266333,Medium
-70.63477,-33.532315,Medium
-70.63482167,-33.53192167,Medium
-70.63486833,-33.53155,Medium
-70.63491833,-33.531165,Medium
-70.63495667,-33.53085667,Medium
-70.63503167,-33.53045167,Medium
-70.63512167,-33.53014167,Medium
-70.63520167,-33.52979333,Medium
-70.63528833,-33.52947333,Medium
-70.63536667,-33.52913833,High
-70.63541333,-33.52876333,High
-70.63546667,-33.52833667,Medium
-70.63549333,-33.52806333,Medium
-70.63556667,-33.52750167,High
-70.63560667,-33.52716167,High
-70.635635,-33.52685333,High
-70.63567833,-33.52652667,Medium
-70.635715,-33.52618833,Medium
-70.635755,-33.525775,Medium
-70.63581167,-33.52536,Medium
-70.635875,-33.52492167,Medium
-70.63591167,-33.52445333,Medium
-70.63596167,-33.52402167,Medium
-70.63598833,-33.52361167,Medium
-70.63603167,-33.52319167,Medium
-70.636085,-33.52281167,Medium
-70.63611333,-33.52240833,Medium
-70.63615333,-33.52202333,High
-70.636225,-33.52149667,High
-70.63627167,-33.52113667,High
-70.636325,-33.52077833,High
-70.63637333,-33.52036,High
-70.636405,-33.51992167,High
-70.63645667,-33.51948333,High
-70.63648333,-33.51910833,High
-70.636385,-33.51876833,High
-70.63595,-33.51871333,Medium
-70.63554,-33.51869167,Medium
-70.63512167,-33.51866833,Medium
-70.63469833,-33.51861167,Medium
-70.63427667,-33.518575,Medium
-70.63385833,-33.51851833,High
-70.633545,-33.51848833,High
-70.633205,-33.51845167,High
-70.63278333,-33.51839833,High
-70.632345,-33.51835167,High
-70.63193333,-33.51832,High
-70.63148167,-33.51825333,High
-70.631055,-33.51822167,High
-70.630615,-33.51815667,High
-70.630185,-33.518105,High
-70.62984167,-33.51807,High
-70.62932,-33.51800167,High
-70.62871167,-33.51795667,High
-70.62824,-33.517905,High
-70.62779833,-33.51784167,Medium
-70.62741333,-33.51777833,Medium
-70.62703,-33.51772,Medium
-70.62663667,-33.51755167,Medium
-70.62626167,-33.51737167,Medium
-70.62590333,-33.517205,High
-70.625525,-33.51702,High
-70.62515333,-33.51686833,Medium
-70.624745,-33.51667833,Medium
-70.62438833,-33.51649,Medium
-70.62411667,-33.51631333,Medium
-70.62419333,-33.51596167,Medium
-70.62439667,-33.51567333,Medium
-70.62457667,-33.51534667,Medium
-70.62469333,-33.515035,Medium
-70.624745,-33.51469333,Medium
-70.62472167,-33.51435167,Medium
-70.624685,-33.51404,Medium
-70.62465833,-33.513695,Medium
-70.62463833,-33.51333667,Medium
-70.624645,-33.51297833,Medium
-70.624705,-33.51261833,Medium
-70.624795,-33.51224833,Medium
-70.62486833,-33.51189667,Medium
-70.62493333,-33.51155667,Medium
-70.625015,-33.51121,Medium
-70.62512167,-33.51082333,Medium
-70.62519667,-33.510455,Medium
-70.62526,-33.51012667,Medium
-70.62532833,-33.50983333,Medium
-70.6255,-33.50934667,Medium
-70.62556833,-33.50905167,Medium
-70.625645,-33.50868,Medium
-70.62570333,-33.50829833,Medium
-70.62579,-33.50792833,Medium
-70.62587667,-33.50758833,Medium
-70.62632167,-33.50742333,Medium
-70.62684167,-33.50735333,Medium
-70.627265,-33.50731667,Medium
-70.62767,-33.507285,Medium
-70.62804333,-33.50726833,Medium
-70.62839,-33.50724667,Medium
-70.62891833,-33.50720833,Medium
-70.629355,-33.50716667,Medium
-70.629825,-33.50714167,Medium
-70.63032,-33.50712667,Medium
-70.63079333,-33.50708667,Medium
-70.631265,-33.50704667,Medium
-70.63175167,-33.50704167,Medium
-70.63221833,-33.50701833,Medium
-70.63256,-33.50701667,Medium
-70.63298667,-33.50700667,Medium
-70.63347167,-33.50702,Medium
-70.63397167,-33.50702333,Medium
-70.63449,-33.50702833,Medium
-70.63485667,-33.50703333,Medium
-70.63520333,-33.50703,Medium
-70.63568833,-33.50702167,Medium
-70.63618333,-33.50703667,Medium
-70.63673333,-33.50702167,Medium
-70.63721833,-33.50701833,Medium
-70.63768333,-33.50702833,Medium
-70.63806167,-33.50704667,Medium
-70.63842,-33.506805,Medium
-70.63848167,-33.50645167,Medium
-70.63853333,-33.506,Medium
-70.63859,-33.50555667,Medium
-70.63861833,-33.50513167,Medium
-70.63865833,-33.50475,Medium
-70.63868333,-33.504365,Medium
-70.63869167,-33.50400333,Medium
-70.638725,-33.50364,Medium
-70.63876667,-33.50330833,Medium
-70.6388,-33.50299833,Medium
-70.63883333,-33.50272667,Medium
-70.638455,-33.50256833,Medium
-70.638085,-33.50254667,Medium
-70.63770167,-33.50252,Medium
-70.637305,-33.50249333,Medium
-70.636875,-33.50246333,High
-70.63656833,-33.502445,High
-70.63624,-33.50242833,High
-70.635905,-33.50240333,High
-70.63546333,-33.50238,High
-70.635105,-33.50234833,High
-70.63476,-33.50232167,High
-70.63431833,-33.502295,High
-70.63402667,-33.50227833,High
-70.63358333,-33.50224833,High
-70.63308667,-33.50223333,High
-70.63269333,-33.502175,High
-70.63224167,-33.50215333,High
-70.63181833,-33.502115,High
-70.63135,-33.50209667,Medium
-70.63091333,-33.50207,Medium
-70.63044167,-33.50205,Medium
-70.63004833,-33.50201667,Medium
-70.62970333,-33.50200333,Medium
-70.62938333,-33.50197333,Medium
-70.628985,-33.50194167,Medium
-70.62854167,-33.50190333,Medium
-70.62816,-33.50187333,Medium
-70.62773,-33.50186333,Medium
-70.62735167,-33.50181833,Medium
-70.627065,-33.501675,Medium
-70.62717667,-33.50138333,Medium
-70.62726833,-33.50099667,Medium
-70.62733167,-33.50067167,Medium
-70.62743167,-33.50016,Medium
-70.62752333,-33.49973667,Medium
-70.62761,-33.49932167,Medium
-70.62772167,-33.49889167,Medium
-70.62781833,-33.49846667,Medium
-70.62788167,-33.49808,Medium
-70.62795167,-33.49776667,Medium
-70.628025,-33.49742667,Medium
-70.62811333,-33.49707333,Medium
-70.62819833,-33.49671,Medium
-70.62831,-33.49633,Medium
-70.628495,-33.49606833,Medium
-70.628895,-33.49601167,Medium
-70.629355,-33.49601667,Medium
-70.629825,-33.49597333,Medium
-70.63032333,-33.495945,Medium
-70.63076667,-33.49591,Medium
-70.63163667,-33.49585333,Medium
-70.63212667,-33.495795,Medium
-70.63261,-33.49575833,Medium
-70.63312833,-33.49568333,Medium
-70.63359833,-33.49564333,Medium
-70.63404333,-33.49561167,Medium
-70.63450667,-33.49561,Medium
-70.634975,-33.495565,Medium
-70.63540167,-33.49554167,Medium
-70.63582833,-33.49552833,Medium
-70.636175,-33.49551333,Medium
-70.63649333,-33.49548667,Medium
-70.63692167,-33.495455,Medium
-70.63741333,-33.49542,Medium
-70.63793167,-33.4954,Medium
-70.638375,-33.49536167,Medium
-70.63882167,-33.49532,Medium
-70.63924167,-33.49529,Medium
-70.63965833,-33.49522833,Medium
-70.63972,-33.49489,Medium
-70.63975333,-33.49454667,Medium
-70.639795,-33.49418833,Medium
-70.63984333,-33.49383,Medium
-70.639895,-33.49348167,Medium
-70.63995833,-33.49311167,Medium
-70.63999167,-33.49275333,Medium
-70.64003,-33.492395,Medium
-70.64010167,-33.49205833,Medium
-70.640135,-33.49172,Medium
-70.64018333,-33.49132333,Medium
-70.64023,-33.49095833,Medium
-70.64026167,-33.49058333,Medium
-70.64030333,-33.490255,Medium
-70.64035333,-33.489855,Medium
-70.640405,-33.48945,Medium
-70.64042,-33.48907,Medium
-70.64047167,-33.48866667,Medium
-70.64056667,-33.488275,Medium
-70.64064333,-33.48790833,Medium
-70.64068,-33.48751667,Medium
-70.64071,-33.48712667,Medium
-70.64078333,-33.48674,Medium
-70.64085667,-33.486225,Medium
-70.640895,-33.48588667,Medium
-70.64093333,-33.48554,Medium
-70.64101167,-33.48511,Medium
-70.64105833,-33.48473667,Medium
-70.641095,-33.48441667,Medium
-70.64114833,-33.48389667,Medium
-70.64118833,-33.48355167,Medium
-70.64124167,-33.48313667,Medium
-70.64128833,-33.48275667,Medium
-70.64130833,-33.48238,Medium
-70.64136833,-33.48196833,Medium
-70.64144,-33.481555,Medium
-70.64151833,-33.4811,Medium
-70.64129167,-33.480955,Medium
-70.64088,-33.48113667,Medium
-70.64033,-33.48132833,Medium
-70.63987,-33.48146,Medium
-70.63939833,-33.48163667,Medium
-70.63895167,-33.48174667,Medium
-70.638475,-33.48184167,Medium
-70.63803,-33.48197833,Medium
-70.637535,-33.482115,Medium
-70.63703333,-33.48225167,Medium
-70.63658167,-33.48239667,Medium
-70.63609667,-33.48252667,Medium
-70.63561333,-33.48266333,Medium
-70.63516667,-33.482775,Medium
-70.63474833,-33.48292333,Medium
-70.63430333,-33.48306667,Medium
-70.63379833,-33.48320833,Medium
-70.633365,-33.48336167,Medium
-70.632945,-33.48344667,Medium
-70.6326,-33.48353833,Medium
-70.632245,-33.483625,Medium
-70.63188333,-33.48372333,Medium
-70.63141333,-33.48384667,Medium
-70.630955,-33.48399,Medium
-70.63051167,-33.48412167,Medium
-70.63002667,-33.48427,Medium
-70.62949333,-33.48440167,High
-70.62895,-33.48457833,Medium
-70.62852667,-33.484725,Medium
-70.62810667,-33.48484,Medium
-70.62765333,-33.48495667,Medium
-70.62721667,-33.48509167,Medium
-70.62676667,-33.485225,Medium
-70.62633667,-33.48535167,Medium
-70.625915,-33.48547167,Medium
-70.62542833,-33.485595,Medium
-70.62499167,-33.48573167,Medium
-70.62452,-33.4859,Medium
-70.62400333,-33.48603667,Medium
-70.62352667,-33.48618667,Medium
-70.62304833,-33.48634167,Medium
-70.62250167,-33.48646833,Medium
-70.62196,-33.48660667,Medium
-70.62143333,-33.48675833,Medium
-70.620885,-33.48690833,Medium
-70.62038333,-33.48706833,Medium
-70.61985333,-33.48720167,Medium
-70.61934333,-33.487335,Medium
-70.61895833,-33.48750333,Medium
-70.61860667,-33.48734667,Medium
-70.61844667,-33.48709333,Medium
-70.61853167,-33.486755,Medium
-70.61866833,-33.48638667,Medium
-70.61882167,-33.48607,Medium
-70.619235,-33.485445,Medium
-70.619585,-33.48507667,Medium
-70.61994,-33.48471833,Medium
-70.62022167,-33.48431833,Medium
-70.62042333,-33.48387833,Medium
-70.62055167,-33.48343167,Medium
-70.62066,-33.48297833,Medium
-70.62078667,-33.48251667,Medium
-70.62089667,-33.48205833,Medium
-70.62106,-33.48156167,Medium
-70.621145,-33.48113667,Medium
-70.62129,-33.48067667,Medium
-70.62142667,-33.48023333,Medium
-70.62154667,-33.47979333,Medium
-70.62165333,-33.47934833,Medium
-70.62176833,-33.47898333,Medium
-70.621845,-33.478605,Medium
-70.62200167,-33.47804,Medium
-70.62210333,-33.477635,Medium
-70.622225,-33.47720667,Medium
-70.622365,-33.47672,Medium
-70.622485,-33.476225,Medium
-70.62259667,-33.47575167,Medium
-70.62271167,-33.47536833,Medium
-70.62275167,-33.47491667,Medium
-70.622145,-33.474895,Medium
-70.62149,-33.47488833,Medium
-70.62083667,-33.47484833,Medium
-70.62033333,-33.47482333,Medium
-70.61995667,-33.47481,Medium
-70.61956,-33.47479333,Medium
-70.61914833,-33.474755,Medium
-70.618805,-33.47472833,Medium
-70.6185,-33.47470333,Medium
-70.61818333,-33.474665,Low
-70.61775333,-33.47466667,Medium
-70.61736,-33.47467167,Medium
-70.61691667,-33.47464,Low
-70.616485,-33.474625,Low
-70.61606833,-33.47460333,Medium
-70.61561833,-33.47458167,Medium
-70.61515167,-33.474565,Medium
-70.61472833,-33.47455,Medium
-70.61431,-33.47452667,Medium
-70.61367333,-33.47448167,Medium
-70.61325167,-33.47443167,Medium
-70.61266333,-33.47444333,Medium
-70.61206333,-33.47444167,Medium
-70.611525,-33.47439,Medium
-70.61093333,-33.47437667,Medium
-70.610365,-33.47433333,Medium
-70.60980333,-33.47433,Medium
-70.60924833,-33.47426667,Medium
-70.60869167,-33.47423167,Medium
-70.60811167,-33.47420333,Medium
-70.60753667,-33.47417833,Medium
-70.60701167,-33.47416,Medium
-70.60640333,-33.47409833,Medium
-70.60601833,-33.47408167,Medium
-70.605595,-33.47405833,Medium
-70.605135,-33.47403167,Medium
-70.60469,-33.474,Medium
-70.60428667,-33.47395667,Medium
-70.60421833,-33.47361667,Medium
-70.60427167,-33.47323667,Medium
-70.60429833,-33.47294167,Medium
-70.60434667,-33.47260833,Medium
-70.604745,-33.47260667,Medium
-70.60511333,-33.47261167,Medium
-70.63115278,-33.55786528,Medium
-70.630525,-33.56536833,Medium
-70.66814833,-33.59627042,Low
-70.67055667,-33.600795,Medium
-70.68068333,-33.59888514,Low
-70.68253396,-33.60460729,Medium
-70.68290111,-33.60604944,Medium
-70.68307729,-33.60688688,Medium
-70.69506556,-33.6115675,Low
-70.69308778,-33.59971778,Medium
-70.68790625,-33.5994375,Medium
-70.68712875,-33.59755,Medium
-70.68709,-33.5974375,Medium
-70.68583687,-33.59455229,Medium
-70.68290967,-33.58938794,Medium
-70.68119,-33.58694042,Medium
-70.67536333,-33.578275,Medium
-70.67218092,-33.56660442,Medium
-70.65601688,-33.55815375,Medium
-70.65325958,-33.55042292,Medium
-70.65127792,-33.55040208,Medium
-70.65248,-33.55128667,Medium
-70.65203,-33.551345,Medium
-70.651525,-33.55141333,Medium
-70.65113667,-33.55149667,Medium
-70.65078833,-33.55155,Medium
-70.65036833,-33.5516,Medium
-70.64998,-33.55166333,Medium
-70.649595,-33.551715,Medium
-70.64910833,-33.55178667,Medium
-70.648745,-33.551835,Medium
-70.64842333,-33.55191833,Medium
-70.64803,-33.55199,Medium
-70.64758167,-33.55203667,Medium
-70.64721167,-33.55208333,Medium
-70.64685833,-33.55213667,Medium
-70.64641333,-33.55220167,Medium
-70.64603833,-33.55226,Medium
-70.64570333,-33.55230667,Medium
-70.64530833,-33.55235333,Medium
-70.64494833,-33.55240167,Medium
-70.64465333,-33.55244333,Medium
-70.644265,-33.55249667,Medium
-70.64383833,-33.552565,Medium
-70.64345,-33.552615,Medium
-70.64303,-33.55267833,Medium
-70.64270667,-33.55272667,Medium
-70.64229833,-33.55277167,Medium
-70.64192667,-33.55283,Medium
-70.641565,-33.55289,Medium
-70.64111833,-33.55296333,Medium
-70.64065833,-33.553015,Medium
-70.64018833,-33.55308667,Medium
-70.63977167,-33.55316,Medium
-70.63941667,-33.55321333,Medium
-70.63902167,-33.55327667,Medium
-70.638575,-33.55334167,Medium
-70.63811,-33.5534,Medium
-70.63764167,-33.55346833,Medium
-70.63716833,-33.55354,Medium
-70.63681667,-33.55359833,Medium
-70.63634333,-33.55364667,Medium
-70.63595333,-33.553705,Medium
-70.63554167,-33.553765,Medium
-70.63517,-33.55381833,Medium
-70.634775,-33.55387667,Medium
-70.63438,-33.55393833,Medium
-70.63396667,-33.55399167,Medium
-70.63360167,-33.55404,Medium
-70.63326167,-33.554085,Medium
-70.63283667,-33.55411,Medium
-70.63247833,-33.55404833,Medium
-70.63214667,-33.553985,Medium
-70.63196,-33.55428167,Medium
-70.63186667,-33.55462833,Medium
-70.63176,-33.55508667,Medium
-70.63165,-33.55558667,Medium
-70.63153833,-33.55609333,Medium
-70.63143,-33.55662167,Medium
-70.631315,-33.55716,Medium
-70.63121,-33.55761667,Medium
-70.63113167,-33.55797333,Medium
-70.63108,-33.55832833,Medium
-70.63100667,-33.55877,Medium
-70.6309,-33.55923167,Medium
-70.63080833,-33.55974167,Medium
-70.63074,-33.56027833,Medium
-70.630705,-33.56079667,Medium
-70.63067833,-33.56129,Medium
-70.63065333,-33.56176,Medium
-70.630645,-33.562245,Medium
-70.63063833,-33.56269,Medium
-70.63059833,-33.563145,Medium
-70.63058333,-33.56363,Medium
-70.63057667,-33.56409833,Medium
-70.63055667,-33.56451167,Medium
-70.630535,-33.564885,Medium
-70.630525,-33.565165,Medium
-70.630515,-33.56557833,Medium
-70.63093167,-33.56569667,Medium
-70.631455,-33.565645,Medium
-70.63203167,-33.56558833,Low
-70.63262833,-33.565505,Low
-70.63319833,-33.56542667,Low
-70.633565,-33.56538167,Medium
-70.63391167,-33.56534333,Medium
-70.63433667,-33.56528167,Low
-70.63483667,-33.56522,Low
-70.63535,-33.565165,Low
-70.63589333,-33.56511,Low
-70.63641667,-33.56502833,Low
-70.63693,-33.56496667,Low
-70.63735,-33.56492167,Low
-70.63771833,-33.56488167,Low
-70.63819,-33.56481167,Low
-70.638665,-33.56475333,Low
-70.639135,-33.56469833,Low
-70.63951167,-33.56464167,Low
-70.63990333,-33.56459667,Low
-70.64035333,-33.564525,Low
-70.64082667,-33.56444667,Low
-70.641295,-33.564395,Low
-70.64179667,-33.56433667,Low
-70.64224167,-33.56429167,Low
-70.642655,-33.56423833,Low
-70.64311833,-33.56417333,Low
-70.64356333,-33.56410833,Low
-70.64399333,-33.56404167,Low
-70.64438833,-33.56399667,Low
-70.64479833,-33.563945,Low
-70.64524,-33.56387667,Low
-70.64560167,-33.56384167,Low
-70.64605333,-33.56377667,Low
-70.64641333,-33.56373167,Low
-70.64675333,-33.56368333,Low
-70.647095,-33.563645,Low
-70.64750167,-33.56359667,Medium
-70.64790333,-33.56354333,Medium
-70.64835833,-33.56351167,Medium
-70.64873333,-33.56345167,Medium
-70.64907667,-33.56341333,Medium
-70.64944667,-33.563355,Medium
-70.64989167,-33.56328833,Medium
-70.65035167,-33.56323167,Medium
-70.650775,-33.56316333,Low
-70.65119833,-33.563105,Low
-70.65164667,-33.56303833,Low
-70.6521,-33.56298,Low
-70.65247333,-33.56294667,Low
-70.65292,-33.56290833,Low
-70.65339333,-33.562825,Low
-70.65383167,-33.56276,Low
-70.654255,-33.56271833,Low
-70.65464833,-33.56267,Medium
-70.65501667,-33.562615,Medium
-70.65546667,-33.56255167,Medium
-70.65591667,-33.56248667,Medium
-70.656345,-33.56243667,Medium
-70.65675333,-33.562415,Medium
-70.65694,-33.56276333,Medium
-70.657055,-33.56308,Medium
-70.65714167,-33.563485,Medium
-70.65726667,-33.56390667,Medium
-70.65735333,-33.56432,Medium
-70.657445,-33.564645,Medium
-70.65754,-33.56500333,Medium
-70.65764,-33.56536833,Medium
-70.65777833,-33.56581167,Medium
-70.65789833,-33.56622667,Medium
-70.65797333,-33.56656167,Medium
-70.65807333,-33.5669,Medium
-70.658165,-33.567235,Medium
-70.65827667,-33.56759333,Medium
-70.65837667,-33.567975,Medium
-70.65848833,-33.56839333,Medium
-70.65860667,-33.56878,Medium
-70.65869,-33.56905833,Medium
-70.65876833,-33.56934167,Medium
-70.658865,-33.56969333,Medium
-70.658935,-33.57005667,Medium
-70.65906333,-33.57043333,Medium
-70.65915333,-33.57085167,Medium
-70.65929167,-33.57124833,Medium
-70.65941167,-33.57162333,Medium
-70.65948167,-33.57192,Medium
-70.65957667,-33.57222167,Medium
-70.659655,-33.572505,Medium
-70.65972833,-33.572775,Medium
-70.65984833,-33.57315333,Medium
-70.65995833,-33.573465,Medium
-70.660095,-33.57377,Medium
-70.66025833,-33.57406333,Medium
-70.66038,-33.574425,Medium
-70.66047667,-33.57480833,Medium
-70.66056667,-33.57510667,Medium
-70.66064833,-33.575425,Medium
-70.66072667,-33.57582167,Medium
-70.660845,-33.57625833,Medium
-70.66097167,-33.576695,Medium
-70.66106833,-33.577105,Medium
-70.66115333,-33.57747667,Medium
-70.66124667,-33.57780667,Medium
-70.661345,-33.57814333,Medium
-70.66145,-33.57855667,Medium
-70.661605,-33.57896833,Medium
-70.66166,-33.57936833,Medium
-70.66177167,-33.579725,Medium
-70.66186333,-33.580035,Medium
-70.661965,-33.58036333,Medium
-70.66206,-33.58075167,Medium
-70.66215667,-33.58111667,Medium
-70.66225333,-33.58151667,Medium
-70.66235,-33.581835,Medium
-70.66243833,-33.58212333,Medium
-70.66253,-33.582485,Medium
-70.66263667,-33.58282833,Medium
-70.66271833,-33.58314333,Medium
-70.66278667,-33.58342167,Medium
-70.66287833,-33.58378,Medium
-70.66299,-33.58423333,Medium
-70.66310667,-33.58466833,Medium
-70.66321167,-33.58508833,Medium
-70.66334167,-33.585465,Medium
-70.663455,-33.58591167,Medium
-70.66354667,-33.58615667,Medium
-70.66365167,-33.58649167,Medium
-70.66379167,-33.586885,Medium
-70.6639,-33.58732167,Medium
-70.66403667,-33.58777667,Medium
-70.664185,-33.58821333,Medium
-70.66433167,-33.58866333,Medium
-70.664485,-33.58909333,Medium
-70.66457833,-33.589425,Medium
-70.66470833,-33.589775,Medium
-70.66478,-33.59011,Medium
-70.66491833,-33.59052,Medium
-70.66505,-33.59094167,Medium
-70.66521833,-33.59137667,Medium
-70.66536,-33.591835,Medium
-70.66550167,-33.59224333,Medium
-70.665615,-33.592555,Medium
-70.66572167,-33.59285333,Medium
-70.66585167,-33.59321167,Medium
-70.66595333,-33.59355333,Medium
-70.66603667,-33.59386833,Medium
-70.66614,-33.59419167,Medium
-70.66624333,-33.59448,Medium
-70.66633667,-33.594795,Medium
-70.666415,-33.59508667,Medium
-70.66654833,-33.59543167,Medium
-70.666665,-33.59572667,Medium
-70.66677167,-33.596025,Low
-70.66684833,-33.59628667,Low
-70.66700833,-33.59647333,Low
-70.667465,-33.59640833,Low
-70.667905,-33.59631167,Low
-70.668645,-33.59615333,Low
-70.66898,-33.596195,Low
-70.66911833,-33.596575,Low
-70.66921667,-33.59687167,Medium
-70.669335,-33.59720167,Low
-70.66943333,-33.59751167,Low
-70.66973833,-33.59841833,Medium
-70.66982833,-33.59869167,Medium
-70.669935,-33.59895667,Medium
-70.67003833,-33.59928667,Medium
-70.67014,-33.59958,Medium
-70.67024167,-33.59983667,Medium
-70.67034333,-33.600185,Medium
-70.67045667,-33.60050167,Medium
-70.67062333,-33.60101167,Medium
-70.67070333,-33.60126833,Medium
-70.67087833,-33.60157167,Medium
-70.67124167,-33.60152,Medium
-70.67159333,-33.60145167,Medium
-70.67191667,-33.60138667,Medium
-70.67233667,-33.60128,Medium
-70.67281333,-33.60119,Medium
-70.67323333,-33.60108167,Medium
-70.673595,-33.600995,Medium
-70.67396167,-33.60090333,Low
-70.67442333,-33.60078667,Low
-70.67487833,-33.60067833,Low
-70.67528667,-33.60058833,Low
-70.67569667,-33.60046667,Medium
-70.67610667,-33.60033333,Low
-70.67647333,-33.600225,Low
-70.67683,-33.60011333,Low
-70.67721667,-33.59997167,Low
-70.677595,-33.59985167,Low
-70.67800333,-33.59970167,Low
-70.67841,-33.59958833,Low
-70.678805,-33.59947,Low
-70.67922,-33.59934833,Low
-70.67962,-33.599215,Low
-70.67993,-33.59910833,Low
-70.68024167,-33.59902,Low
-70.68106167,-33.59895667,Medium
-70.681135,-33.59924667,Medium
-70.68121,-33.59963,Medium
-70.681305,-33.60003833,Medium
-70.68143333,-33.60047333,Medium
-70.68159,-33.60091667,Medium
-70.68169333,-33.60133833,Medium
-70.68180333,-33.60173167,Medium
-70.68189167,-33.60211333,Medium
-70.68194833,-33.602415,Medium
-70.682035,-33.60271167,Medium
-70.68213167,-33.60305333,Medium
-70.682225,-33.603475,Medium
-70.68233167,-33.60384667,Medium
-70.682435,-33.60420667,Medium
-70.68258333,-33.60480667,Medium
-70.68264667,-33.605115,Medium
-70.682725,-33.60544667,Medium
-70.68283333,-33.60581833,Medium
-70.68295,-33.60632,Medium
-70.68301333,-33.60667333,Medium
-70.68311167,-33.60704833,Medium
-70.68317667,-33.60733167,Medium
-70.68331667,-33.60764333,Medium
-70.683765,-33.60741,Medium
-70.68421833,-33.60721667,Medium
-70.684625,-33.60702167,Medium
-70.68494167,-33.60687,Medium
-70.68529,-33.60671167,Medium
-70.68562667,-33.60656333,Medium
-70.685965,-33.60669333,Medium
-70.68615333,-33.60699667,Low
-70.68624167,-33.60729833,Low
-70.68629667,-33.60761,Low
-70.68643333,-33.60797333,Low
-70.68655333,-33.608275,Low
-70.686695,-33.60855333,Low
-70.686825,-33.60888167,Low
-70.68694,-33.609235,Low
-70.68707667,-33.60959,Low
-70.687175,-33.60989833,Low
-70.68728833,-33.61024333,Low
-70.68739833,-33.61064333,Low
-70.68749833,-33.61104167,Low
-70.687585,-33.61133833,Low
-70.687725,-33.61165667,Low
-70.68787667,-33.61202,Low
-70.68802833,-33.61239667,Low
-70.688125,-33.61266833,Low
-70.688235,-33.612955,Low
-70.68832167,-33.61322167,Low
-70.688425,-33.61347833,Low
-70.68850333,-33.61379667,Low
-70.68866333,-33.61412333,Medium
-70.688965,-33.61401167,Medium
-70.68937333,-33.61385833,Low
-70.68982167,-33.61365833,Low
-70.69026,-33.61346167,Low
-70.69075,-33.613255,Low
-70.69122167,-33.61306833,Medium
-70.691705,-33.61289167,Low
-70.69202333,-33.61277667,Low
-70.69243167,-33.61262667,Low
-70.69283,-33.61245333,Low
-70.69323667,-33.61225167,Low
-70.69370833,-33.61205667,Low
-70.69415167,-33.61191,Low
-70.69454833,-33.61176,Low
-70.694925,-33.611625,Low
-70.695055,-33.61134833,Low
-70.69489833,-33.611065,Low
-70.69477333,-33.610775,Low
-70.69464,-33.61039167,Low
-70.69456667,-33.610005,Low
-70.694505,-33.60970667,Low
-70.69446,-33.60944167,Low
-70.69441833,-33.60908167,Low
-70.69435333,-33.60869333,Low
-70.694325,-33.60829833,Low
-70.69428833,-33.60787667,Low
-70.69428833,-33.60756667,Low
-70.69427833,-33.60727167,Low
-70.69428333,-33.60685833,Low
-70.69430833,-33.60638333,Low
-70.694365,-33.60587333,Low
-70.69443833,-33.60546333,Low
-70.6945,-33.605155,Low
-70.69457667,-33.604825,Low
-70.69469167,-33.604425,Low
-70.69481167,-33.60409667,Low
-70.69489667,-33.60379833,Low
-70.69498333,-33.603515,Low
-70.69511667,-33.60314833,Low
-70.69530167,-33.60278833,Low
-70.695445,-33.60243333,Low
-70.695605,-33.60209333,Low
-70.69570333,-33.60179833,Low
-70.69537,-33.60187167,Low
-70.69499833,-33.602055,Medium
-70.69469,-33.60213667,Medium
-70.69443333,-33.60187167,Medium
-70.69422333,-33.601575,Medium
-70.69403167,-33.60133833,Medium
-70.69385333,-33.60106833,Medium
-70.69364,-33.60076833,Medium
-70.69344167,-33.60047,Medium
-70.69328167,-33.60022167,Medium
-70.69315667,-33.599915,Medium
-70.69282333,-33.59978667,Medium
-70.69233833,-33.60000167,Medium
-70.69199833,-33.60015667,Medium
-70.69167333,-33.60031167,Medium
-70.69128333,-33.60050333,Medium
-70.69086333,-33.60067833,Medium
-70.69042667,-33.600905,Medium
-70.68999833,-33.60111,Medium
-70.689655,-33.60126,Medium
-70.68927333,-33.60133,Medium
-70.68906167,-33.60104167,Medium
-70.688875,-33.60079333,Low
-70.68871,-33.60055,Low
-70.6885,-33.600265,Low
-70.688285,-33.59997667,Low
-70.68808333,-33.59970833,Medium
-70.68778333,-33.59910333,Medium
-70.68765333,-33.59878833,Medium
-70.68754833,-33.59851833,Medium
-70.68741333,-33.598215,Medium
-70.68730333,-33.597955,Medium
-70.687185,-33.59769167,Medium
-70.68704333,-33.59730833,Medium
-70.68689167,-33.59696333,Medium
-70.68675167,-33.59661833,Low
-70.68661,-33.59631,Low
-70.68644167,-33.59591833,Medium
-70.68628,-33.59553,Medium
-70.68609,-33.59514833,Medium
-70.68595333,-33.59481667,Medium
-70.68579333,-33.59446167,Medium
-70.685635,-33.59416167,Medium
-70.68548667,-33.59384667,Medium
-70.685325,-33.59347,Low
-70.68519,-33.59320167,Medium
-70.68506667,-33.59292167,Medium
-70.684925,-33.59260833,Medium
-70.68477833,-33.59230167,Low
-70.68460333,-33.59199333,Low
-70.68442667,-33.59170667,Low
-70.68422333,-33.59136167,Low
-70.68402833,-33.59106,Low
-70.68381167,-33.59072333,Low
-70.68357667,-33.590385,Medium
-70.683355,-33.59004167,Medium
-70.68311667,-33.58973167,Medium
-70.68272833,-33.58913667,Medium
-70.682425,-33.58897,Medium
-70.68222,-33.58874667,Medium
-70.68201667,-33.5884,Medium
-70.68187,-33.58813667,Medium
-70.681725,-33.587885,Medium
-70.68158833,-33.58764333,Medium
-70.68144833,-33.5874,Medium
-70.68130667,-33.58714833,Medium
-70.68103833,-33.58669333,Medium
-70.68081667,-33.58629167,Medium
-70.68066667,-33.58598667,Medium
-70.68048833,-33.58571,Medium
-70.680005,-33.58484,Medium
-70.67982333,-33.58450167,Medium
-70.67965333,-33.58421,Medium
-70.67943833,-33.58385333,Medium
-70.679255,-33.58358667,Medium
-70.678865,-33.58375667,Medium
-70.67854,-33.58388333,Medium
-70.67815333,-33.58402,Medium
-70.67779833,-33.58416,Medium
-70.67738167,-33.584265,Medium
-70.67705333,-33.58402667,Medium
-70.676985,-33.58367,Medium
-70.67690833,-33.58337667,Medium
-70.67683333,-33.583125,Medium
-70.67674167,-33.58283167,Medium
-70.67662833,-33.58251167,Medium
-70.676565,-33.58224833,Medium
-70.67648,-33.581915,Medium
-70.67635833,-33.58153333,Medium
-70.67623833,-33.58115333,Medium
-70.67611333,-33.5808,Medium
-70.67601167,-33.58046167,Medium
-70.67592,-33.58014333,Medium
-70.6758,-33.57982333,Medium
-70.675695,-33.57941167,Medium
-70.675615,-33.57911333,Medium
-70.675555,-33.57883667,Medium
-70.67547167,-33.57854167,Medium
-70.67528,-33.57790667,Medium
-70.67514833,-33.57751,Medium
-70.67501,-33.57704667,Low
-70.67484333,-33.57651,Low
-70.67470333,-33.57591667,Low
-70.67454167,-33.57537333,Low
-70.67438833,-33.574815,Medium
-70.67427833,-33.57432667,Medium
-70.674165,-33.57388333,Medium
-70.67402333,-33.573355,Medium
-70.67386167,-33.57278167,Medium
-70.6737,-33.5722,Medium
-70.67355167,-33.5717,Medium
-70.67343167,-33.57123667,Medium
-70.67332333,-33.57076833,Low
-70.67321167,-33.57043833,Low
-70.67312833,-33.57009833,Low
-70.673015,-33.56966,Low
-70.672905,-33.56923333,Low
-70.67282,-33.56885833,Low
-70.67272167,-33.56853833,Low
-70.67260333,-33.56807667,Low
-70.67247667,-33.56761333,Low
-70.67233167,-33.567105,Medium
-70.672215,-33.56673,Medium
-70.672105,-33.566345,Medium
-70.67201667,-33.56593667,Medium
-70.6719,-33.56551833,Medium
-70.67177833,-33.565105,Medium
-70.67164,-33.56465,Medium
-70.67152333,-33.56417667,Medium
-70.67140667,-33.56374,Medium
-70.67133667,-33.56346667,Medium
-70.671255,-33.56312167,Medium
-70.67114667,-33.56269833,Medium
-70.67104833,-33.56229167,Medium
-70.67093167,-33.56186,Medium
-70.67077333,-33.561395,Medium
-70.67063333,-33.56094,Medium
-70.670475,-33.56050167,Medium
-70.670335,-33.560035,Medium
-70.6702,-33.559515,Medium
-70.67007333,-33.559095,Medium
-70.66999167,-33.558715,Medium
-70.669885,-33.55833167,Medium
-70.66977833,-33.55795167,Medium
-70.66961,-33.55774333,Medium
-70.66926667,-33.55781333,Medium
-70.66889,-33.55788833,Medium
-70.66846,-33.55797667,Medium
-70.66803167,-33.55805667,Medium
-70.66763333,-33.55809833,Medium
-70.66726,-33.55817333,Medium
-70.66685833,-33.55827833,Medium
-70.66666333,-33.55801833,Medium
-70.66658667,-33.55769833,Medium
-70.666505,-33.55733667,Medium
-70.66645333,-33.556995,Medium
-70.66635667,-33.55664667,Medium
-70.66624833,-33.55622833,Medium
-70.66617333,-33.55583833,Medium
-70.665865,-33.555735,Medium
-70.66553,-33.55581833,Medium
-70.66507,-33.55593833,Medium
-70.664575,-33.55603,Medium
-70.66411167,-33.55615333,Medium
-70.663675,-33.55626833,Medium
-70.66320667,-33.55641,Medium
-70.66272167,-33.55652333,Medium
-70.66226167,-33.55664833,Medium
-70.66186833,-33.55672833,Medium
-70.66138833,-33.55682,Medium
-70.660995,-33.55691667,Medium
-70.660665,-33.55701167,Medium
-70.66030667,-33.55710333,Medium
-70.659985,-33.55719167,Medium
-70.65958167,-33.55729,Medium
-70.65910167,-33.55741833,Medium
-70.658555,-33.55753667,Medium
-70.65803667,-33.55766,Medium
-70.65755833,-33.55778833,Medium
-70.65705667,-33.55790333,Medium
-70.65658833,-33.55801833,Medium
-70.65616667,-33.558115,Medium
-70.65575,-33.55816333,Medium
-70.65560667,-33.557795,Medium
-70.65547667,-33.55739833,Medium
-70.65537,-33.55701167,Medium
-70.65528167,-33.55662333,Medium
-70.65518333,-33.55618667,Medium
-70.65508667,-33.55577667,Medium
-70.65495167,-33.55539167,Medium
-70.654845,-33.55506667,Medium
-70.65449833,-33.55488333,Medium
-70.65440833,-33.55456,Medium
-70.654325,-33.55416333,Medium
-70.65419667,-33.55376833,Medium
-70.65407833,-33.55333,Medium
-70.65397667,-33.552935,Medium
-70.65389,-33.55259667,Medium
-70.653805,-33.55229333,Medium
-70.65370667,-33.55192,Medium
-70.65360333,-33.55157333,Medium
-70.653495,-33.55123333,Medium
-70.65339667,-33.55089,Medium
-70.65331333,-33.550575,Medium
-70.65311333,-33.55016667,Medium
-70.65257833,-33.55021167,Medium
-70.65221833,-33.55026,Medium
-70.65171167,-33.55032333,Medium
-70.66961556,-33.598035,Medium
-70.68030111,-33.58536389,Medium
-70.65278833,-33.55127167,Medium
-70.65224667,-33.55131833,Medium
-70.65166167,-33.551385,Medium
-70.65131167,-33.55147,Medium
-70.65093167,-33.55152833,Medium
-70.65054333,-33.55158333,Medium
-70.650175,-33.55162833,Medium
-70.64978,-33.55169333,Medium
-70.649415,-33.551735,Medium
-70.64890333,-33.551815,Medium
-70.64860333,-33.55187833,Medium
-70.64824833,-33.55195333,Medium
-70.64781833,-33.55201,Medium
-70.64737,-33.55205833,Medium
-70.64706,-33.55211,Medium
-70.64662333,-33.55216833,Medium
-70.64621833,-33.552235,Medium
-70.64587167,-33.55228333,Medium
-70.64552167,-33.55233167,Medium
-70.64511167,-33.55237667,Medium
-70.64481167,-33.55242667,Medium
-70.64448333,-33.55246667,Medium
-70.644045,-33.55253167,Medium
-70.64363833,-33.55259167,Medium
-70.64327333,-33.55264,Medium
-70.64288,-33.55269833,Medium
-70.64250667,-33.55275333,Medium
-70.64211,-33.552795,Medium
-70.64174167,-33.55286167,Medium
-70.64141333,-33.552915,Medium
-70.64086833,-33.55298667,Medium
-70.64042667,-33.55304667,Medium
-70.63996167,-33.55312667,Medium
-70.639575,-33.55318667,Medium
-70.63922833,-33.55324667,Medium
-70.63880167,-33.55331,Medium
-70.63834333,-33.55337167,Medium
-70.63787333,-33.55342833,Medium
-70.63740333,-33.55350333,Medium
-70.63695833,-33.55357167,Medium
-70.636525,-33.55361667,Medium
-70.63615167,-33.55367167,Medium
-70.63574667,-33.553735,Medium
-70.63536167,-33.55379333,Medium
-70.634955,-33.55384833,Medium
-70.63458167,-33.55390667,Medium
-70.63417167,-33.553965,Medium
-70.63377333,-33.554015,Medium
-70.63342667,-33.55406167,Medium
-70.63305667,-33.55411167,Medium
-70.63268167,-33.554095,Medium
-70.63230667,-33.55399333,Medium
-70.632,-33.55409667,Medium
-70.63191667,-33.55443667,Medium
-70.63181833,-33.554855,Medium
-70.631705,-33.555335,Medium
-70.631595,-33.55584167,Medium
-70.63148333,-33.55635167,Medium
-70.63137333,-33.55689333,Medium
-70.63125667,-33.55741,Medium
-70.63110167,-33.558115,Medium
-70.63104167,-33.558545,Medium
-70.630945,-33.55899667,Medium
-70.63085667,-33.55948333,Medium
-70.63076167,-33.56000333,Medium
-70.630715,-33.560545,Medium
-70.63068833,-33.561055,Medium
-70.63067167,-33.56152333,Medium
-70.63064667,-33.56200667,Medium
-70.63065667,-33.56246,Medium
-70.63061,-33.56292167,Medium
-70.630585,-33.563385,Medium
-70.630575,-33.56387,Medium
-70.63057167,-33.564315,Medium
-70.63054167,-33.56470333,Medium
-70.63052667,-33.565035,Medium
-70.630715,-33.56572833,Medium
-70.631195,-33.56566667,Medium
-70.63174333,-33.56562333,Low
-70.63233833,-33.56554333,Low
-70.63291833,-33.565475,Low
-70.63343833,-33.56539833,Low
-70.63369167,-33.56537167,Medium
-70.63411,-33.56531833,Medium
-70.63458833,-33.56525167,Low
-70.63508667,-33.56519333,Low
-70.635615,-33.56513333,Low
-70.63615833,-33.56506833,Low
-70.63668,-33.56500167,Low
-70.63714,-33.56493667,Low
-70.63752833,-33.5649,Low
-70.637955,-33.56485667,Low
-70.63842667,-33.56478833,Low
-70.63891,-33.56473333,Low
-70.63934667,-33.564665,Low
-70.63972,-33.56461833,Low
-70.64011,-33.56456167,Low
-70.64059333,-33.564495,Low
-70.64105667,-33.56442167,Low
-70.64154667,-33.56436667,Low
-70.642035,-33.56432,Low
-70.642485,-33.56426167,Low
-70.64288167,-33.56419667,Low
-70.64334,-33.564125,Low
-70.64379667,-33.56407667,Low
-70.64418833,-33.56402167,Low
-70.64459333,-33.56397167,Low
-70.64501333,-33.56391333,Low
-70.645465,-33.563855,Low
-70.64587833,-33.56380167,Low
-70.64623333,-33.56375333,Low
-70.64658167,-33.56370667,Low
-70.64693167,-33.56366167,Low
-70.64734,-33.56361833,Low
-70.64769333,-33.56357167,Medium
-70.64813167,-33.563535,Medium
-70.648535,-33.56348833,Medium
-70.648905,-33.56343333,Medium
-70.64927333,-33.56338167,Medium
-70.649655,-33.56332667,Medium
-70.65009833,-33.56326,Medium
-70.65056,-33.56320833,Low
-70.65097833,-33.56313833,Low
-70.65142,-33.56309,Low
-70.65188667,-33.563005,Low
-70.65228167,-33.56296333,Low
-70.65268,-33.56292333,Low
-70.653165,-33.562875,Low
-70.653615,-33.56279333,Low
-70.65405333,-33.56273833,Low
-70.654455,-33.56269667,Medium
-70.654835,-33.56264,Medium
-70.65522667,-33.56259,Medium
-70.65571,-33.562515,Medium
-70.65613167,-33.56246667,Medium
-70.65652833,-33.56242,Medium
-70.65688833,-33.56261833,Medium
-70.65698667,-33.56293,Medium
-70.65711333,-33.56328167,Medium
-70.65720167,-33.56368833,Medium
-70.65731,-33.56412667,Medium
-70.65740833,-33.5645,Medium
-70.65749833,-33.56484667,Medium
-70.65759,-33.56518833,Medium
-70.65773333,-33.56559167,Medium
-70.65783667,-33.56602667,Medium
-70.65794167,-33.56642667,Medium
-70.65803333,-33.56675833,Medium
-70.65811833,-33.567065,Medium
-70.65821667,-33.56740833,Medium
-70.65831833,-33.56777,Medium
-70.65843333,-33.56819833,Medium
-70.65853667,-33.56857667,Medium
-70.658655,-33.568935,Medium
-70.65872667,-33.56921,Medium
-70.65881167,-33.5695,Medium
-70.65889667,-33.56988167,Medium
-70.65900333,-33.57024167,Medium
-70.65911167,-33.57064333,Medium
-70.65923833,-33.571045,Medium
-70.659355,-33.571445,Medium
-70.65944333,-33.57177667,Medium
-70.659535,-33.57207667,Medium
-70.659615,-33.57236833,Medium
-70.659695,-33.57264167,Medium
-70.65977833,-33.57294833,Medium
-70.65990833,-33.57332333,Medium
-70.66001,-33.57360333,Medium
-70.66020833,-33.57392333,Medium
-70.66030667,-33.57423333,Medium
-70.66043167,-33.57462667,Medium
-70.66051833,-33.57494667,Medium
-70.660605,-33.57525167,Medium
-70.66067333,-33.57562,Medium
-70.66076667,-33.57603667,Medium
-70.66090833,-33.57647833,Medium
-70.66101667,-33.576915,Medium
-70.66111167,-33.57730833,Medium
-70.661205,-33.577675,Medium
-70.66129667,-33.57797,Medium
-70.66138,-33.578335,Medium
-70.66155167,-33.578755,Medium
-70.66163833,-33.57917167,Medium
-70.66171833,-33.57956333,Medium
-70.66182667,-33.57991167,Medium
-70.66191,-33.58019167,Medium
-70.66201,-33.580575,Medium
-70.66210167,-33.58094,Medium
-70.66221,-33.58133167,Medium
-70.662305,-33.58164667,Medium
-70.66238167,-33.58194,Medium
-70.66248833,-33.58228833,Medium
-70.662585,-33.58265667,Medium
-70.66268167,-33.58299,Medium
-70.66276167,-33.58330667,Medium
-70.66282833,-33.58358,Medium
-70.66292667,-33.584005,Medium
-70.66305667,-33.58445833,Medium
-70.66316667,-33.58487833,Medium
-70.66326833,-33.585265,Medium
-70.66339833,-33.585685,Medium
-70.6635,-33.586045,Medium
-70.663605,-33.58630833,Medium
-70.663705,-33.58668667,Medium
-70.66382667,-33.587105,Medium
-70.663985,-33.587535,Medium
-70.66411333,-33.58799333,Medium
-70.66426167,-33.58843333,Medium
-70.66442,-33.58887333,Medium
-70.66454167,-33.58928833,Medium
-70.66465667,-33.58963333,Medium
-70.66476,-33.58993833,Medium
-70.66484333,-33.59030667,Medium
-70.66498167,-33.59072667,Medium
-70.665145,-33.59115333,Medium
-70.66528,-33.59160667,Medium
-70.66543167,-33.59203833,Medium
-70.66556333,-33.59241,Medium
-70.66567167,-33.59271,Medium
-70.665785,-33.593025,Medium
-70.66589667,-33.593375,Medium
-70.666,-33.59368833,Medium
-70.66609167,-33.594045,Medium
-70.6662,-33.59434833,Medium
-70.66629833,-33.59465167,Medium
-70.66637167,-33.59493667,Medium
-70.66647667,-33.59525167,Medium
-70.666605,-33.59556333,Medium
-70.66671333,-33.59587,Medium
-70.66680833,-33.59615,Low
-70.66689,-33.596405,Low
-70.66726833,-33.59644167,Low
-70.66769,-33.59636167,Low
-70.66843,-33.59620833,Low
-70.66886,-33.59611,Low
-70.66904833,-33.59639667,Low
-70.66916833,-33.59673333,Low
-70.66927833,-33.597035,Low
-70.669385,-33.597365,Low
-70.66952667,-33.59777833,Medium
-70.66966333,-33.59823167,Medium
-70.66978667,-33.59855333,Medium
-70.669885,-33.59882833,Medium
-70.66998333,-33.59911667,Medium
-70.67009,-33.59945667,Medium
-70.67020167,-33.599745,Medium
-70.67030167,-33.60004667,Medium
-70.67039,-33.60032667,Medium
-70.67050167,-33.600665,Medium
-70.67066167,-33.60113833,Medium
-70.67074167,-33.601395,Medium
-70.67107833,-33.60155,Medium
-70.67139833,-33.60149,Medium
-70.671735,-33.60142167,Medium
-70.67212167,-33.60134,Medium
-70.672575,-33.60123667,Medium
-70.673025,-33.60114167,Medium
-70.67342667,-33.60103833,Medium
-70.67376667,-33.60095167,Low
-70.674185,-33.60084,Low
-70.67465667,-33.60073167,Low
-70.675085,-33.60063333,Low
-70.675485,-33.60053667,Low
-70.67589333,-33.60038667,Low
-70.67629833,-33.60028,Low
-70.67665167,-33.60017,Low
-70.67707,-33.60002833,Low
-70.6774,-33.599915,Low
-70.677805,-33.59978167,Low
-70.67820667,-33.59964333,Low
-70.67860833,-33.59953,Low
-70.67900333,-33.59940667,Low
-70.67941167,-33.59926,Low
-70.67977667,-33.59915833,Low
-70.68009,-33.59906667,Low
-70.680385,-33.59897833,Low
-70.68091167,-33.59881833,Low
-70.68109667,-33.599085,Medium
-70.68116833,-33.59943833,Medium
-70.68125667,-33.59982667,Medium
-70.68137,-33.60025833,Medium
-70.68151667,-33.60068833,Medium
-70.68164833,-33.60113167,Medium
-70.68175167,-33.60153667,Medium
-70.681865,-33.601925,Medium
-70.68192167,-33.60229167,Medium
-70.68198667,-33.60256667,Medium
-70.68208167,-33.602875,Medium
-70.68218167,-33.60326667,Medium
-70.682285,-33.60366833,Medium
-70.682395,-33.60405167,Medium
-70.68246667,-33.60436833,Medium
-70.68261833,-33.604975,Medium
-70.68268167,-33.60527167,Medium
-70.68279667,-33.605635,Medium
-70.68299167,-33.60655333,Medium
-70.683145,-33.60717667,Medium
-70.68320833,-33.60748833,Medium
-70.68356,-33.60753,Medium
-70.68400167,-33.60730667,Medium
-70.68445667,-33.60712833,Medium
-70.68480667,-33.60693333,Medium
-70.68511,-33.60679333,Medium
-70.685465,-33.60663833,Medium
-70.68588,-33.606575,Medium
-70.68606167,-33.60684333,Low
-70.68621,-33.60716,Low
-70.68626,-33.60744333,Low
-70.68637,-33.60779167,Low
-70.68649333,-33.60813833,Low
-70.68662667,-33.608425,Low
-70.68676667,-33.60871167,Low
-70.686885,-33.60904667,Low
-70.68701167,-33.60942,Low
-70.68713333,-33.60976333,Low
-70.68723167,-33.610065,Low
-70.68735667,-33.61043833,Low
-70.68744333,-33.610845,Low
-70.68753333,-33.611175,Low
-70.68764667,-33.611485,Low
-70.687815,-33.611845,Low
-70.68795667,-33.61221667,Low
-70.68808,-33.61254167,Low
-70.68818833,-33.612825,Low
-70.68828,-33.61309167,Low
-70.688365,-33.61334,Low
-70.68847667,-33.61364,Low
-70.68854167,-33.61396667,Medium
-70.68878833,-33.61408,Medium
-70.68915833,-33.61393667,Medium
-70.6896,-33.613765,Low
-70.69004,-33.61355167,Low
-70.69050833,-33.61336167,Low
-70.69098333,-33.61317833,Medium
-70.69146667,-33.61298,Medium
-70.691875,-33.61283,Low
-70.69221333,-33.61270667,Low
-70.69261333,-33.61253167,Low
-70.69302833,-33.61235667,Low
-70.69347333,-33.61214667,Low
-70.69394,-33.61199333,Low
-70.69435,-33.611815,Low
-70.69472,-33.6117,Low
-70.69497333,-33.61120833,Low
-70.69482333,-33.61090167,Low
-70.69470833,-33.61060167,Low
-70.69462667,-33.61020833,Low
-70.69452833,-33.60984667,Low
-70.694485,-33.60958667,Low
-70.69442833,-33.60927167,Low
-70.69438333,-33.608885,Low
-70.694345,-33.60850167,Low
-70.69430667,-33.60808833,Low
-70.694285,-33.60768333,Low
-70.69428,-33.60744,Low
-70.69427333,-33.60707833,Low
-70.69429833,-33.606635,Low
-70.69433667,-33.60612833,Low
-70.69439167,-33.60566167,Low
-70.69446167,-33.60532,Low
-70.69453333,-33.605,Low
-70.69463833,-33.60462833,Low
-70.69476,-33.60424833,Low
-70.69485333,-33.603935,Low
-70.69494167,-33.60365333,Low
-70.695045,-33.60335167,Low
-70.69521,-33.60297167,Low
-70.695375,-33.60260333,Low
-70.69552333,-33.60225833,Low
-70.69567333,-33.60196667,Low
-70.695535,-33.601785,Low
-70.69518167,-33.60196833,Medium
-70.69483667,-33.60212,Medium
-70.69452333,-33.60199833,Medium
-70.69432833,-33.60172167,Medium
-70.69413,-33.601455,Medium
-70.693945,-33.60121167,Medium
-70.69374667,-33.60091833,Medium
-70.69354833,-33.60062667,Medium
-70.69336833,-33.60036167,Medium
-70.69321833,-33.60007,Medium
-70.69256833,-33.59990167,Medium
-70.69213167,-33.60009333,Medium
-70.69185167,-33.60023,Medium
-70.69146167,-33.60040167,Medium
-70.691075,-33.60059333,Medium
-70.69062833,-33.60078333,Medium
-70.69020333,-33.60101333,Medium
-70.68980667,-33.60119,Medium
-70.68943167,-33.601345,Medium
-70.68915167,-33.60116333,Medium
-70.688965,-33.60091333,Low
-70.68879833,-33.600675,Low
-70.688605,-33.600415,Low
-70.68839,-33.60012333,Low
-70.68818167,-33.59983833,Low
-70.68799667,-33.59959,Medium
-70.68784,-33.59923833,Medium
-70.687715,-33.598945,Medium
-70.68759667,-33.59864333,Medium
-70.687465,-33.59833167,Medium
-70.68736333,-33.59809333,Medium
-70.68723833,-33.597815,Medium
-70.68696333,-33.59713333,Medium
-70.686825,-33.59677,Low
-70.686675,-33.59645833,Low
-70.68653167,-33.59612,Low
-70.68635833,-33.59571833,Medium
-70.68617333,-33.59532833,Medium
-70.686025,-33.594975,Medium
-70.68588667,-33.594675,Medium
-70.68571333,-33.59429833,Medium
-70.68556333,-33.59401167,Medium
-70.68539833,-33.59365333,Low
-70.68524833,-33.59331667,Low
-70.68512833,-33.59307167,Medium
-70.68499667,-33.59276833,Medium
-70.68485167,-33.592455,Medium
-70.68469833,-33.59214333,Low
-70.68451,-33.591835,Low
-70.68433,-33.59155,Low
-70.68411833,-33.59120167,Low
-70.68392167,-33.59090667,Low
-70.68368833,-33.59055333,Low
-70.683455,-33.59021,Medium
-70.68322833,-33.589895,Medium
-70.683,-33.58956,Medium
-70.68257667,-33.58905667,Medium
-70.68230167,-33.58886833,Medium
-70.68211333,-33.58857167,Medium
-70.68194667,-33.58827,Medium
-70.68179667,-33.58801167,Medium
-70.68165833,-33.58776,Medium
-70.68152,-33.587525,Medium
-70.681375,-33.58727167,Medium
-70.68112333,-33.58684167,Medium
-70.68092833,-33.58649167,Medium
-70.680725,-33.58610333,Medium
-70.68057667,-33.58585167,Medium
-70.680415,-33.585575,Medium
-70.68014667,-33.58508167,Medium
-70.67991833,-33.58467833,Medium
-70.679745,-33.58436833,Medium
-70.67954167,-33.58401667,Medium
-70.67936167,-33.58369333,Medium
-70.679085,-33.58366167,Medium
-70.67874333,-33.58380667,Medium
-70.67831667,-33.58395167,Medium
-70.67798833,-33.58408333,Medium
-70.67760333,-33.58421667,Medium
-70.67709167,-33.58417667,Medium
-70.67702167,-33.583845,Medium
-70.676945,-33.58351,Medium
-70.67688333,-33.58327833,Medium
-70.67677667,-33.58295833,Medium
-70.676695,-33.58268333,Medium
-70.67658667,-33.58236333,Medium
-70.67652333,-33.58210167,Medium
-70.67641667,-33.581725,Medium
-70.67630333,-33.581335,Medium
-70.67616667,-33.58096833,Medium
-70.67606167,-33.58063,Medium
-70.67596333,-33.58029833,Medium
-70.67587333,-33.58000667,Medium
-70.67575667,-33.57967333,Medium
-70.67565,-33.57926667,Medium
-70.675585,-33.57897,Medium
-70.675515,-33.57868667,Medium
-70.67541667,-33.57840833,Medium
-70.67532167,-33.57805333,Medium
-70.67522667,-33.57772167,Medium
-70.67507667,-33.57728167,Medium
-70.67492,-33.57678167,Low
-70.674775,-33.57621833,Low
-70.67462,-33.57563,Low
-70.674475,-33.57506833,Medium
-70.67432833,-33.57454333,Medium
-70.67421167,-33.57411833,Medium
-70.67410167,-33.57362667,Medium
-70.67395,-33.57306833,Medium
-70.67378,-33.57247833,Medium
-70.67362833,-33.57194167,Medium
-70.67350667,-33.57145333,Medium
-70.67337,-33.57101167,Medium
-70.673265,-33.57059,Low
-70.673175,-33.57028833,Low
-70.67307167,-33.56987833,Low
-70.67296167,-33.56944833,Low
-70.67286667,-33.56904167,Low
-70.67277667,-33.56871667,Low
-70.67266667,-33.56831333,Low
-70.67255167,-33.56784,Low
-70.67239167,-33.56737667,Low
-70.67226167,-33.56688,Medium
-70.672045,-33.56614,Medium
-70.671955,-33.56573167,Medium
-70.67183167,-33.56532,Medium
-70.67171,-33.56488,Medium
-70.67158167,-33.564415,Medium
-70.67147667,-33.56393833,Medium
-70.67137333,-33.5636,Medium
-70.67129333,-33.56330167,Medium
-70.67121667,-33.56290833,Medium
-70.67109667,-33.56249833,Medium
-70.67099833,-33.56206167,Medium
-70.67084333,-33.56162667,Medium
-70.67070333,-33.56116333,Medium
-70.670565,-33.56071833,Medium
-70.67039833,-33.56028333,Medium
-70.670255,-33.55977667,Medium
-70.67014833,-33.55929,Medium
-70.67003667,-33.55891333,Medium
-70.66994833,-33.55851333,Medium
-70.669845,-33.55812833,Medium
-70.66971333,-33.55780833,Medium
-70.66942833,-33.55778,Medium
-70.66908667,-33.55784667,Medium
-70.66868167,-33.55793167,Medium
-70.668245,-33.55801833,Medium
-70.66783833,-33.558075,Medium
-70.66743167,-33.55814,Medium
-70.66707833,-33.558215,Medium
-70.666705,-33.55816167,Medium
-70.66662333,-33.55786167,Medium
-70.66654333,-33.55753167,Medium
-70.66648,-33.55717,Medium
-70.66642167,-33.55683667,Medium
-70.66630667,-33.55643833,Medium
-70.66620833,-33.55600333,Medium
-70.666055,-33.55571,Medium
-70.66571333,-33.55577333,Medium
-70.66530833,-33.55588167,Medium
-70.66480833,-33.55598167,Medium
-70.66433833,-33.55609333,Medium
-70.66389,-33.556215,Medium
-70.66345,-33.556335,Medium
-70.66297,-33.55645667,Medium
-70.66248,-33.55659167,Medium
-70.66207,-33.55667833,Medium
-70.661675,-33.55677,Medium
-70.66119333,-33.55686667,Medium
-70.66083333,-33.556965,Medium
-70.66048833,-33.55705167,Medium
-70.66014,-33.55715167,Medium
-70.65979667,-33.557235,Medium
-70.65934667,-33.55734667,Medium
-70.65882167,-33.557475,Medium
-70.65830167,-33.55759833,Medium
-70.65778333,-33.55773333,Medium
-70.65730167,-33.55785,Medium
-70.65681667,-33.55797333,Medium
-70.6564,-33.55806333,Medium
-70.65590333,-33.55819167,Medium
-70.65566333,-33.55797,Medium
-70.65556167,-33.55759667,Medium
-70.65542,-33.55719333,Medium
-70.65532333,-33.55684833,Medium
-70.65523167,-33.55641667,Medium
-70.65513167,-33.55598667,Medium
-70.65500667,-33.55560667,Medium
-70.65491333,-33.55520167,Medium
-70.65462167,-33.555025,Medium
-70.65445833,-33.55473,Medium
-70.65437833,-33.55437167,Medium
-70.65427167,-33.55398167,Medium
-70.65413,-33.55355167,Medium
-70.65403833,-33.55312333,Medium
-70.653925,-33.55274833,Medium
-70.65384833,-33.552435,Medium
-70.65376,-33.55211833,Medium
-70.65366667,-33.551735,Medium
-70.65354167,-33.55139833,Medium
-70.65344667,-33.55106667,Medium
-70.65335333,-33.550725,Medium
-70.65322,-33.55030167,Medium
-70.65279333,-33.550185,Medium
-70.65242333,-33.550235,Medium
-70.65197167,-33.55029333,Medium
-70.65148,-33.55035,Medium
-70.66959333,-33.59797833,Medium
-70.669635,-33.59809167,Medium
-70.68250333,-33.60451167,Medium
-70.68033333,-33.58541667,Medium
-70.68026167,-33.58529833,Medium
-70.5778625,-33.40539042,Low
-70.57813542,-33.40538667,Low
-70.57838,-33.40542542,Low
-70.57885531,-33.40547181,Low
-70.58708625,-33.40085333,Low
-70.59217563,-33.39258292,Low
-70.596,-33.3904875,Medium
-70.59477417,-33.38869,Low
-70.58570306,-33.38336194,Low
-70.58033042,-33.38223458,Low
-70.57404625,-33.38428042,Low
-70.57048569,-33.38555569,Low
-70.56669583,-33.38509833,Medium
-70.5637,-33.3858975,Low
-70.55140646,-33.38391685,Low
-70.54487917,-33.38145583,Low
-70.53667861,-33.38110861,Low
-70.53404667,-33.38405854,Low
-70.52715333,-33.38941729,Low
-70.5068125,-33.3914125,Low
-70.504575,-33.3934025,Low
-70.504805,-33.39362417,Low
-70.50505583,-33.39387083,Low
-70.50528917,-33.39412917,Low
-70.5055075,-33.39443583,Low
-70.50572083,-33.39491708,Low
-70.50610229,-33.39586625,Low
-70.50633667,-33.40125833,Low
-70.51613146,-33.40565646,Low
-70.52958367,-33.41638558,Low
-70.52965687,-33.421555,Low
-70.53784521,-33.42371458,Low
-70.55763854,-33.41445021,Medium
-70.56918583,-33.40208361,Low
-70.56896167,-33.40187833,Low
-70.57311986,-33.40382597,Low
-70.57911333,-33.40558167,Low
-70.57954833,-33.40580667,Low
-70.58,-33.406135,Low
-70.58043667,-33.406455,Low
-70.58090333,-33.40678,Low
-70.581385,-33.40711167,Medium
-70.58187,-33.40744833,Low
-70.58232667,-33.40780167,Low
-70.58281167,-33.40812667,Low
-70.583295,-33.40845833,Low
-70.58376,-33.40879167,Low
-70.58421833,-33.40911,Low
-70.58463333,-33.40942833,Low
-70.58507333,-33.40973833,Medium
-70.585495,-33.41006,Medium
-70.585935,-33.41028,Medium
-70.58633833,-33.41032333,Medium
-70.586495,-33.41002167,Medium
-70.58664333,-33.40969833,Low
-70.586795,-33.40937,Low
-70.58696,-33.40900833,Low
-70.58708667,-33.40863833,Low
-70.58712667,-33.40829333,Low
-70.58712,-33.40793167,Low
-70.58706167,-33.40757667,Low
-70.58691333,-33.40723,Low
-70.58676333,-33.40691167,Low
-70.5866,-33.40658167,Low
-70.586435,-33.40623,Low
-70.58622667,-33.405805,Low
-70.58609833,-33.40538,Low
-70.58608333,-33.40498833,Low
-70.58602667,-33.404595,Low
-70.58611667,-33.404225,Low
-70.58623,-33.403825,Low
-70.58637167,-33.40342833,Low
-70.58644833,-33.403055,Low
-70.58654667,-33.40267667,Low
-70.58664833,-33.40233833,Low
-70.58675167,-33.40205,Low
-70.58684,-33.40175167,Low
-70.58694667,-33.40138167,Low
-70.587035,-33.401045,Low
-70.587165,-33.4005,Low
-70.58725833,-33.40018,Low
-70.58734667,-33.39984,Low
-70.58744167,-33.39945833,Low
-70.58752,-33.39907667,Low
-70.58763333,-33.398695,Low
-70.58776167,-33.39833167,Low
-70.58793,-33.39791667,Low
-70.58810333,-33.39751167,Low
-70.58827167,-33.39707833,Low
-70.58846667,-33.39665167,Low
-70.58878667,-33.396235,Low
-70.58905167,-33.395805,Low
-70.58932,-33.39538,Low
-70.58966,-33.39500333,Low
-70.589985,-33.39463333,Low
-70.59029667,-33.394285,Low
-70.59065667,-33.39391667,Low
-70.59104667,-33.39355333,Low
-70.59144833,-33.39320167,Low
-70.59178833,-33.39284333,Low
-70.59242333,-33.392435,Low
-70.59276167,-33.39225,Low
-70.59316167,-33.39201667,Low
-70.59357833,-33.39176,Low
-70.594035,-33.39149167,Low
-70.59451333,-33.39125333,Low
-70.59499167,-33.39101667,Medium
-70.59543333,-33.39079,Medium
-70.5958,-33.39059167,Medium
-70.59603833,-33.3902,Low
-70.59583833,-33.389935,Low
-70.59565833,-33.38971167,Low
-70.595465,-33.38947833,Medium
-70.59524333,-33.38922333,Low
-70.59503333,-33.38898667,Low
-70.59461833,-33.38854,Medium
-70.59436167,-33.38833667,Medium
-70.594075,-33.38811167,Medium
-70.593775,-33.38786833,Low
-70.59346333,-33.38760667,Low
-70.59315,-33.38734833,Low
-70.59281667,-33.38709333,Medium
-70.59247833,-33.38684167,Medium
-70.59213,-33.38653667,Low
-70.59179833,-33.38631333,Low
-70.591445,-33.38604167,Low
-70.59107,-33.385775,Low
-70.59068667,-33.38548833,Low
-70.59028167,-33.38525167,Low
-70.58994833,-33.384975,Low
-70.589555,-33.38471167,Low
-70.58914333,-33.38443667,Low
-70.58874667,-33.38419833,Low
-70.58827167,-33.384005,Low
-70.58776833,-33.383855,Medium
-70.58729167,-33.38368167,Low
-70.58679667,-33.38356833,Low
-70.58635333,-33.38347,Low
-70.58597667,-33.38340833,Low
-70.58538833,-33.38329667,Low
-70.58505667,-33.38322333,Low
-70.58469,-33.38315333,Low
-70.58431333,-33.38307,Low
-70.58387833,-33.38298167,Medium
-70.58340667,-33.38287667,Medium
-70.582935,-33.382795,Low
-70.58243167,-33.38267833,Low
-70.58194,-33.38259333,Low
-70.581425,-33.382485,Low
-70.58094333,-33.38242167,Low
-70.58050333,-33.38231,Low
-70.58013667,-33.38268333,Low
-70.57998833,-33.38313,Low
-70.57985,-33.38354167,Low
-70.579795,-33.38394,Low
-70.57962167,-33.38431833,Low
-70.57934167,-33.38461,Low
-70.57903667,-33.38485,Low
-70.57866833,-33.38487667,Low
-70.578335,-33.38476333,Low
-70.57797167,-33.38469833,Low
-70.57764333,-33.38464333,Low
-70.57733833,-33.38458167,Low
-70.57683,-33.384485,Low
-70.57652667,-33.38443,Medium
-70.57602333,-33.38435,Medium
-70.57560167,-33.38429167,Medium
-70.57528667,-33.38424333,Medium
-70.57496,-33.38419333,Medium
-70.57462167,-33.38413833,Medium
-70.57429333,-33.38415167,Medium
-70.57393,-33.38434833,Medium
-70.573575,-33.38457833,Medium
-70.57328667,-33.38476667,Medium
-70.57298833,-33.38495667,Low
-70.572675,-33.385125,Low
-70.572355,-33.38528333,Low
-70.57207167,-33.38538167,Low
-70.57165667,-33.385485,Low
-70.57134667,-33.38553333,Low
-70.57101167,-33.38556333,Low
-70.57066667,-33.38555833,Low
-70.57002167,-33.385495,Medium
-70.569625,-33.38543,Medium
-70.56912833,-33.38536,Medium
-70.56879,-33.38532333,Medium
-70.56844667,-33.38529333,Low
-70.56811333,-33.38526667,Low
-70.56781833,-33.385235,Low
-70.56746333,-33.38518167,Medium
-70.56705667,-33.385135,Medium
-70.56646333,-33.38506333,Medium
-70.566095,-33.38506167,Medium
-70.56570667,-33.38508,Medium
-70.56536667,-33.385095,Medium
-70.56489667,-33.38507667,Medium
-70.56458667,-33.38512167,Medium
-70.56424,-33.385245,Medium
-70.56392667,-33.38549667,Medium
-70.563775,-33.38573333,Medium
-70.56342833,-33.38617833,Low
-70.56304167,-33.38618,Low
-70.562665,-33.38613333,Low
-70.562255,-33.38609833,Low
-70.561805,-33.38605167,Low
-70.56134833,-33.38600667,Medium
-70.56088667,-33.38595667,Low
-70.560425,-33.38593,Medium
-70.55998833,-33.38587667,Low
-70.55956833,-33.38583833,Medium
-70.55920667,-33.385795,Medium
-70.55882833,-33.38575333,Medium
-70.55841667,-33.38569167,Medium
-70.55802333,-33.38564333,Low
-70.55759167,-33.385595,Low
-70.55715333,-33.38556667,Low
-70.55667167,-33.385525,Low
-70.55620833,-33.38546333,Low
-70.55573667,-33.3854,Low
-70.55525,-33.38529667,Low
-70.55478833,-33.38514667,Low
-70.55434333,-33.38499667,Low
-70.553925,-33.38485167,Low
-70.55353833,-33.38471667,Low
-70.55308333,-33.38454667,Low
-70.55273667,-33.38440833,Low
-70.55234667,-33.38425167,Low
-70.55196333,-33.38411333,Low
-70.55163,-33.38400667,Low
-70.55110167,-33.38380833,Low
-70.550805,-33.38369333,Low
-70.55047667,-33.38356667,Low
-70.55013167,-33.38344333,Low
-70.549745,-33.38329667,Low
-70.54931333,-33.38313,Low
-70.54886333,-33.38296667,Low
-70.54842,-33.38279,Low
-70.54792833,-33.38262333,Low
-70.54748,-33.38242833,Low
-70.54701167,-33.38224167,Low
-70.54654333,-33.38206,Low
-70.54606,-33.38192167,Low
-70.54560333,-33.38174833,Low
-70.54521,-33.381585,Low
-70.54451,-33.38132667,Low
-70.54414667,-33.381195,Low
-70.54370167,-33.38105,Low
-70.54328,-33.38084167,Low
-70.54283833,-33.38068,Low
-70.54237833,-33.38050833,Low
-70.54191833,-33.38038333,Low
-70.54145333,-33.380205,Low
-70.541,-33.379995,Low
-70.54048333,-33.37982667,Low
-70.54001,-33.37960833,Low
-70.539545,-33.37946333,Low
-70.53909167,-33.37929167,Low
-70.538605,-33.37920667,Low
-70.53813167,-33.37930667,Low
-70.53781667,-33.37953667,Low
-70.53757333,-33.37987333,Low
-70.53731833,-33.38021167,Low
-70.53708833,-33.38052833,Low
-70.53688667,-33.38081333,Low
-70.53648833,-33.381375,Low
-70.53629833,-33.38163833,Low
-70.53609167,-33.38193167,Low
-70.53585167,-33.38224333,Low
-70.53560333,-33.382565,Low
-70.53533667,-33.382905,Low
-70.53512167,-33.38320167,Low
-70.534845,-33.38351333,Low
-70.53450833,-33.38375167,Low
-70.53419,-33.38396333,Low
-70.53373333,-33.38424,Low
-70.53336833,-33.38447833,Low
-70.53303,-33.384745,Low
-70.53266833,-33.385025,Low
-70.53231,-33.385285,Low
-70.53197667,-33.38553667,Low
-70.53164167,-33.38579333,Low
-70.53129333,-33.38601333,Low
-70.530995,-33.38630167,Low
-70.530615,-33.38656667,Low
-70.53029833,-33.38688333,Low
-70.52991667,-33.38720333,Low
-70.52950333,-33.38746167,Low
-70.529125,-33.387755,Low
-70.528765,-33.38807167,Low
-70.52842333,-33.38837667,Low
-70.528105,-33.38864,Low
-70.52772833,-33.38894667,Low
-70.52734167,-33.38926167,Low
-70.52684333,-33.389705,Low
-70.52661,-33.38992667,Low
-70.52636333,-33.39016,Low
-70.52615667,-33.39038667,Low
-70.52593667,-33.390685,Low
-70.52551,-33.39078833,Low
-70.52518833,-33.39059833,Low
-70.52480833,-33.39039333,Low
-70.524505,-33.39022167,Low
-70.52425167,-33.390075,Low
-70.52395333,-33.389875,Low
-70.52359667,-33.38961,Low
-70.52321,-33.38932167,Low
-70.5228,-33.38906167,Low
-70.52247667,-33.388805,Low
-70.52215333,-33.38858667,Low
-70.521765,-33.38830667,Low
-70.521385,-33.38799333,Low
-70.52092833,-33.38772,Low
-70.52042333,-33.38761333,Low
-70.51991667,-33.38756,Low
-70.51943833,-33.38760833,Low
-70.51900667,-33.38768333,Low
-70.51859,-33.387825,Low
-70.51816,-33.38801833,Low
-70.517785,-33.388325,Low
-70.51749333,-33.38858833,Low
-70.51734333,-33.38887667,Low
-70.51725333,-33.38913333,Low
-70.51718,-33.38939833,Low
-70.51703833,-33.38963333,Low
-70.51675,-33.38973333,Low
-70.51637333,-33.38985167,Low
-70.51597167,-33.38998333,Low
-70.51561,-33.3901,Low
-70.51526833,-33.39021333,Low
-70.51492167,-33.39032333,Low
-70.51459833,-33.39046167,Low
-70.51429,-33.39066833,Low
-70.51396167,-33.39092,Low
-70.51364167,-33.39087167,Low
-70.51333333,-33.39069,Low
-70.51294333,-33.39051833,Low
-70.512535,-33.390365,Low
-70.51212,-33.39020167,Low
-70.51168833,-33.390025,Low
-70.51122667,-33.389945,Low
-70.51078667,-33.38993,Low
-70.51034333,-33.38997167,Low
-70.50987167,-33.390095,Low
-70.50945167,-33.39023833,Low
-70.509095,-33.39035,Low
-70.50879833,-33.39046833,Low
-70.50845,-33.390625,Low
-70.50806,-33.39081667,Low
-70.50764333,-33.39100667,Low
-70.50726833,-33.39118167,Low
-70.506975,-33.39131833,Low
-70.50643,-33.39158833,Low
-70.50603167,-33.39178667,Low
-70.50561167,-33.39196833,Low
-70.50521667,-33.39215833,Low
-70.50483333,-33.39235167,Low
-70.50441833,-33.39254,Low
-70.50409167,-33.39264833,Low
-70.50399833,-33.3929,Low
-70.50428,-33.39314333,Low
-70.50564333,-33.39482,Low
-70.50561667,-33.39511333,Low
-70.50531333,-33.39490833,Low
-70.50513667,-33.39463,Low
-70.504965,-33.39439167,Low
-70.50480833,-33.39417,Low
-70.50461333,-33.39391333,Low
-70.5044,-33.39365,Low
-70.50420167,-33.39335667,Low
-70.50587,-33.395295,Low
-70.50601,-33.39564333,Low
-70.506185,-33.39617,Low
-70.50628167,-33.39653667,Low
-70.506465,-33.396935,Low
-70.50667,-33.39738333,Low
-70.50677833,-33.39783667,Low
-70.50679833,-33.39831667,Low
-70.50677,-33.398765,Low
-70.50674333,-33.399155,Low
-70.50671333,-33.39948,Low
-70.506695,-33.39977833,Low
-70.50665833,-33.40014167,Low
-70.50656333,-33.40052667,Low
-70.50646833,-33.40092167,Low
-70.50620167,-33.40157667,Low
-70.50606667,-33.40153167,Low
-70.50666667,-33.40107833,Low
-70.507165,-33.40104667,Low
-70.50769167,-33.40106833,Low
-70.50821833,-33.40108333,Low
-70.50872667,-33.40112,Low
-70.50928333,-33.401215,Low
-70.50971833,-33.40142333,Low
-70.51005333,-33.401605,Low
-70.51037333,-33.40182667,Low
-70.51074167,-33.40200167,Low
-70.51112333,-33.40218333,Low
-70.51150667,-33.40238833,Low
-70.51182833,-33.40255833,Low
-70.512265,-33.40274833,Low
-70.51272167,-33.40280333,Low
-70.51315667,-33.40280333,Low
-70.513295,-33.403105,Low
-70.51317,-33.40341167,Low
-70.51343667,-33.40366667,Low
-70.51375,-33.40396167,Low
-70.51402333,-33.40419833,Low
-70.51426833,-33.404445,Low
-70.51455,-33.40471333,Low
-70.51491333,-33.40502833,Low
-70.51532667,-33.40528667,Low
-70.51575,-33.405525,Low
-70.51634,-33.405765,Low
-70.516725,-33.40591,Low
-70.51716,-33.40609,Low
-70.51758667,-33.40627167,Low
-70.51796333,-33.40646833,Low
-70.51839667,-33.40666,Low
-70.51875167,-33.40685833,Low
-70.519095,-33.40704,Low
-70.51947667,-33.40721,Low
-70.51977333,-33.407315,Low
-70.52025167,-33.407425,Low
-70.52062833,-33.407485,Low
-70.52112333,-33.407615,Low
-70.52145,-33.407755,Low
-70.52178167,-33.40791333,Low
-70.52209,-33.40807167,Low
-70.52237667,-33.40822167,Low
-70.522705,-33.40839167,Low
-70.52303167,-33.40860833,Low
-70.52335333,-33.40882333,Low
-70.52372333,-33.409045,Low
-70.52406833,-33.40937,Low
-70.52429167,-33.409695,Low
-70.524425,-33.409965,Low
-70.52456333,-33.41029833,Low
-70.52474333,-33.41065333,Low
-70.52497,-33.41106167,Low
-70.52515833,-33.41149667,Low
-70.52531667,-33.41195833,Low
-70.52552833,-33.41240833,Low
-70.52575833,-33.41287667,Low
-70.52596167,-33.41323,Low
-70.526235,-33.41354167,Low
-70.52664333,-33.41368667,Low
-70.52698,-33.41365,Low
-70.52727833,-33.41356833,Low
-70.52766833,-33.41347,Low
-70.52817667,-33.41346167,Low
-70.528595,-33.413485,Low
-70.52899667,-33.41356833,Low
-70.529385,-33.41363167,Low
-70.52981,-33.41380833,Low
-70.52973667,-33.41413833,Low
-70.52967333,-33.414465,Low
-70.52961333,-33.41480667,Low
-70.52957833,-33.41516333,Low
-70.52958667,-33.41555,Low
-70.52960167,-33.41594167,Low
-70.52959167,-33.416605,Low
-70.52960167,-33.41696,Low
-70.52959667,-33.4174,Low
-70.52959167,-33.41789833,Low
-70.52959833,-33.41839667,Low
-70.52962167,-33.41882333,Low
-70.52962167,-33.419125,Low
-70.529645,-33.41947167,Low
-70.52963667,-33.41989167,Low
-70.529635,-33.420215,Low
-70.52964167,-33.42045667,Low
-70.52964333,-33.42075833,Low
-70.52964667,-33.421165,Low
-70.529715,-33.42197667,Low
-70.529875,-33.422205,Low
-70.530145,-33.42244833,Low
-70.53045833,-33.42270833,Low
-70.53077333,-33.42300333,Low
-70.53112,-33.42330167,Low
-70.53145,-33.42359,Low
-70.53173,-33.42382833,Low
-70.53205833,-33.42392833,Low
-70.532465,-33.423915,Low
-70.532955,-33.423895,Low
-70.53344833,-33.42388,Low
-70.53392333,-33.42385833,Low
-70.53439833,-33.423855,Low
-70.53491833,-33.42383333,Low
-70.53548833,-33.42382,Low
-70.53605667,-33.42380333,Low
-70.53664333,-33.42378833,Low
-70.53724167,-33.42375167,Low
-70.53766333,-33.42372667,Low
-70.53802,-33.42372,Low
-70.53838667,-33.42374333,Low
-70.53887833,-33.42376833,Low
-70.53936167,-33.42384,Medium
-70.53981667,-33.42390833,Medium
-70.54012333,-33.42395,Medium
-70.54054667,-33.424025,Medium
-70.54107333,-33.42408833,Medium
-70.54163,-33.42410333,Medium
-70.54220833,-33.424195,Medium
-70.54275167,-33.424255,Medium
-70.54321333,-33.4243,Medium
-70.543545,-33.42432167,Medium
-70.54393167,-33.42436167,Medium
-70.54440833,-33.42440167,Low
-70.544895,-33.42447833,Low
-70.54539667,-33.424495,Low
-70.545835,-33.42456667,Low
-70.54619,-33.424505,Medium
-70.54642,-33.42426333,Medium
-70.54669833,-33.42398167,Medium
-70.547005,-33.423675,Medium
-70.54734,-33.42335667,Medium
-70.54767,-33.42303333,Medium
-70.54800833,-33.42273333,Medium
-70.54833833,-33.42241833,Medium
-70.54864167,-33.42209833,Medium
-70.54895,-33.42178333,Low
-70.54927667,-33.42149833,Medium
-70.54958333,-33.42120333,Medium
-70.54994,-33.42087,Medium
-70.550305,-33.42051667,Medium
-70.55069167,-33.42016833,Medium
-70.55100333,-33.41980667,Medium
-70.55123833,-33.41959333,Medium
-70.55153,-33.41930667,Medium
-70.55184167,-33.41898833,Medium
-70.5521,-33.41876333,Medium
-70.552395,-33.41849,Medium
-70.55258167,-33.41832167,Medium
-70.55259667,-33.41791333,Medium
-70.55280833,-33.41762833,Medium
-70.55318,-33.41755167,Medium
-70.55351,-33.41748,Medium
-70.55379833,-33.41723667,Medium
-70.55406833,-33.417025,Medium
-70.554395,-33.41680667,Low
-70.55475,-33.41652,Low
-70.55513,-33.41621833,Low
-70.55555167,-33.41596,Medium
-70.555945,-33.41571,Medium
-70.55632,-33.41541333,Medium
-70.55668,-33.415135,Medium
-70.557075,-33.41486333,Medium
-70.55744167,-33.41459833,Medium
-70.55793833,-33.41423,Medium
-70.55821667,-33.41402167,Medium
-70.55855167,-33.41376667,Medium
-70.55889667,-33.413475,Medium
-70.55929,-33.41320667,Medium
-70.55969333,-33.41292833,Medium
-70.560105,-33.41262167,Medium
-70.56054167,-33.41229333,Medium
-70.56097667,-33.41196,Medium
-70.5614,-33.41165167,Medium
-70.56182,-33.41133333,Medium
-70.56222667,-33.41099,Medium
-70.56269333,-33.41069333,Low
-70.56316667,-33.410335,Low
-70.5636,-33.41005,Low
-70.56404667,-33.40970667,Low
-70.56448167,-33.40938667,Low
-70.56490667,-33.40909,Low
-70.56524667,-33.40883167,Low
-70.5654,-33.40868,Low
-70.56581833,-33.40845667,Low
-70.56619333,-33.40838833,Low
-70.56665667,-33.40832833,Low
-70.56709167,-33.40821333,Low
-70.56739833,-33.40802667,Low
-70.56754667,-33.40767333,Low
-70.567815,-33.40724,Low
-70.56799167,-33.40676167,Low
-70.56814167,-33.40641,Low
-70.56828833,-33.40601,Low
-70.568495,-33.405535,Low
-70.56866167,-33.40502167,Low
-70.568805,-33.40441833,Low
-70.56896833,-33.40386667,Low
-70.56920333,-33.403325,Low
-70.56937333,-33.40281667,Low
-70.56959667,-33.40236833,Low
-70.56894833,-33.40207167,Low
-70.568405,-33.40185,Low
-70.56800667,-33.40169833,Low
-70.56820833,-33.40151333,Low
-70.56864,-33.40170667,Low
-70.56995333,-33.402425,Low
-70.57038667,-33.40258833,Low
-70.57082833,-33.40279,Low
-70.571245,-33.403045,Low
-70.57176667,-33.40323333,Low
-70.572275,-33.40344333,Low
-70.572765,-33.40366167,Low
-70.57327333,-33.40385,Low
-70.57361667,-33.40401833,Low
-70.57397,-33.40418167,Low
-70.57434667,-33.404345,Low
-70.574735,-33.40451,Low
-70.57513333,-33.404655,Low
-70.57557167,-33.40482667,Low
-70.57609,-33.40501167,Low
-70.57665667,-33.40522,Low
-70.57724333,-33.40533333,Low
-70.57860889,-33.40545944,Low
-70.50441417,-33.3932875,Low
-70.50469667,-33.39352083,Low
-70.5049225,-33.393735,Low
-70.50518833,-33.39400917,Low
-70.505395,-33.3942625,Low
-70.505605,-33.39465083,Low
-70.50644333,-33.40113167,Low
-70.56951917,-33.40222958,Low
-70.57895667,-33.40552833,Low
-70.57931333,-33.40566833,Low
-70.57976167,-33.40595167,Low
-70.580215,-33.40629167,Low
-70.580665,-33.40661833,Low
-70.581145,-33.40694167,Low
-70.58162667,-33.40728,Medium
-70.582105,-33.40762,Low
-70.58257167,-33.40796333,Low
-70.58304333,-33.408295,Low
-70.58354333,-33.40861833,Low
-70.583985,-33.408955,Low
-70.58443833,-33.40927167,Low
-70.584855,-33.40957667,Medium
-70.58528,-33.40990833,Medium
-70.58570333,-33.41019833,Medium
-70.586115,-33.41033833,Medium
-70.58643,-33.410165,Medium
-70.58656667,-33.409865,Medium
-70.58673833,-33.40953667,Low
-70.58687833,-33.40919,Low
-70.58705,-33.408825,Low
-70.58713667,-33.40846167,Low
-70.58711333,-33.40810833,Low
-70.58709667,-33.40775167,Low
-70.58700333,-33.407405,Low
-70.586845,-33.40706167,Low
-70.58668333,-33.40675167,Low
-70.58649833,-33.406405,Low
-70.586275,-33.406025,Low
-70.58615,-33.40559,Low
-70.58608167,-33.40518167,Low
-70.58605,-33.40479833,Low
-70.586065,-33.40440667,Low
-70.58617333,-33.404025,Low
-70.586305,-33.40362167,Low
-70.586415,-33.40324333,Low
-70.586495,-33.40286333,Low
-70.586595,-33.40250333,Low
-70.58670333,-33.402195,Low
-70.586795,-33.40191667,Low
-70.586895,-33.40157,Low
-70.58699667,-33.401205,Low
-70.58713167,-33.40063333,Low
-70.587205,-33.40034333,Low
-70.587305,-33.400015,Low
-70.58737167,-33.39965167,Low
-70.58747,-33.39926167,Low
-70.58757,-33.39888,Low
-70.58769833,-33.39851833,Low
-70.58785,-33.398125,Low
-70.58801667,-33.39771833,Low
-70.58818167,-33.39728833,Low
-70.58836333,-33.396865,Low
-70.588645,-33.39644833,Low
-70.58891167,-33.39601667,Low
-70.58919333,-33.39559333,Low
-70.589505,-33.39519333,Low
-70.58982,-33.394815,Low
-70.59013333,-33.39446,Low
-70.59047,-33.39410167,Low
-70.59085,-33.393735,Low
-70.59125333,-33.393365,Low
-70.59162333,-33.393035,Low
-70.59195833,-33.39271,Low
-70.59258333,-33.39235,Low
-70.592965,-33.39213667,Low
-70.593365,-33.39189667,Low
-70.59382667,-33.39164333,Low
-70.59427,-33.391385,Low
-70.59475167,-33.391135,Low
-70.59521333,-33.39090167,Medium
-70.59563833,-33.39067167,Medium
-70.59614167,-33.39039167,Medium
-70.59592667,-33.39004667,Low
-70.59575167,-33.389825,Low
-70.595565,-33.38959667,Medium
-70.59535167,-33.38935167,Medium
-70.59514,-33.38910167,Low
-70.59493,-33.38887333,Low
-70.594495,-33.38844333,Medium
-70.59422,-33.38822667,Medium
-70.59392667,-33.38799,Medium
-70.59362,-33.387745,Low
-70.59332333,-33.38746833,Low
-70.592995,-33.38722,Low
-70.59264,-33.38697667,Medium
-70.59228833,-33.38670167,Medium
-70.591975,-33.38642167,Low
-70.591615,-33.38617333,Low
-70.59126167,-33.38590833,Low
-70.59088167,-33.38563667,Low
-70.59049333,-33.38537333,Low
-70.590125,-33.38512,Low
-70.58975667,-33.38483167,Low
-70.58935667,-33.384565,Low
-70.58896333,-33.38429667,Low
-70.58850667,-33.38409333,Low
-70.588015,-33.38392,Medium
-70.58752667,-33.38377833,Medium
-70.58703667,-33.38362833,Low
-70.58656333,-33.38351667,Low
-70.58617,-33.38343833,Low
-70.58523,-33.38325667,Low
-70.58487667,-33.38319333,Low
-70.58450333,-33.38311167,Low
-70.58411667,-33.38302833,Low
-70.58363833,-33.38294833,Medium
-70.58314333,-33.38284167,Medium
-70.58266833,-33.38276167,Low
-70.58218167,-33.38265167,Low
-70.58169833,-33.38255833,Low
-70.58117,-33.38242833,Low
-70.580705,-33.382365,Low
-70.58018667,-33.38248833,Low
-70.58005833,-33.38291667,Low
-70.57994667,-33.38335,Low
-70.57983833,-33.38374167,Low
-70.57970833,-33.38412833,Low
-70.57947667,-33.38447667,Low
-70.579195,-33.384735,Low
-70.57885,-33.38490167,Low
-70.57850167,-33.38481,Low
-70.57815667,-33.38473167,Low
-70.57779167,-33.38466833,Low
-70.57749333,-33.38460667,Low
-70.57708,-33.38453333,Low
-70.576675,-33.38445667,Medium
-70.57624667,-33.38438667,Medium
-70.57582,-33.384325,Medium
-70.57544333,-33.38426833,Medium
-70.57513,-33.38421667,Medium
-70.574785,-33.38416833,Medium
-70.57445,-33.384125,Medium
-70.57414333,-33.384205,Low
-70.573725,-33.38448167,Medium
-70.573425,-33.384675,Medium
-70.57313833,-33.384865,Medium
-70.57284,-33.38503667,Low
-70.57248833,-33.38522333,Low
-70.57221167,-33.38533833,Low
-70.57186667,-33.38544167,Low
-70.57150333,-33.38550833,Low
-70.57117833,-33.38555167,Low
-70.57086167,-33.38557167,Low
-70.57019167,-33.38552333,Medium
-70.56984,-33.385465,Medium
-70.56938167,-33.385395,Medium
-70.56896,-33.38534,Medium
-70.56861833,-33.38530333,Low
-70.56828333,-33.38527833,Low
-70.567965,-33.38525333,Low
-70.56765333,-33.38521,Medium
-70.56726167,-33.38516,Medium
-70.56686167,-33.38511333,Medium
-70.56628833,-33.38505667,Medium
-70.56590167,-33.38507167,Medium
-70.56552,-33.38509167,Medium
-70.56511167,-33.38508333,Medium
-70.56474667,-33.38509167,Low
-70.56442833,-33.38516,Medium
-70.56402833,-33.38539833,Medium
-70.56384333,-33.38561167,Medium
-70.56361167,-33.386045,Low
-70.56320833,-33.38619833,Low
-70.56285833,-33.38616,Low
-70.56247333,-33.38610667,Low
-70.562025,-33.38608,Low
-70.56158167,-33.38602833,Low
-70.56111833,-33.38598167,Low
-70.56065167,-33.38593667,Low
-70.56020167,-33.38591167,Low
-70.55977167,-33.38585833,Medium
-70.559385,-33.385815,Medium
-70.559025,-33.38577667,Medium
-70.558635,-33.38572,Medium
-70.55820833,-33.38567,Low
-70.557815,-33.38561667,Low
-70.55736333,-33.38560167,Low
-70.55691833,-33.385535,Low
-70.55643833,-33.38549167,Low
-70.555985,-33.385445,Low
-70.55548,-33.38535667,Low
-70.55501833,-33.38522667,Low
-70.55454,-33.38508333,Low
-70.55412167,-33.38492667,Low
-70.55373333,-33.384795,Low
-70.55323,-33.384605,Low
-70.55291833,-33.38448333,Low
-70.55254333,-33.38432833,Low
-70.55215333,-33.38417833,Low
-70.55178167,-33.38405167,Low
-70.55095833,-33.38375333,Low
-70.550645,-33.38363333,Low
-70.550305,-33.38350667,Low
-70.54994167,-33.38336833,Low
-70.54953333,-33.38321,Low
-70.54908167,-33.38304,Low
-70.54864833,-33.38286,Low
-70.54817167,-33.38271333,Low
-70.54770667,-33.38252333,Low
-70.54725,-33.38231667,Low
-70.54677833,-33.38215167,Low
-70.5463,-33.38199667,Low
-70.54584,-33.38182167,Low
-70.545395,-33.38166833,Low
-70.54505333,-33.381515,Low
-70.544665,-33.38138167,Low
-70.54433667,-33.38126333,Low
-70.54392333,-33.38113833,Low
-70.54348833,-33.38093667,Low
-70.543045,-33.38077167,Low
-70.54261,-33.38059667,Low
-70.54212167,-33.38046333,Low
-70.54167833,-33.38028,Low
-70.54122833,-33.38008167,Low
-70.54073833,-33.37990833,Low
-70.54024833,-33.37970833,Low
-70.53978167,-33.37954667,Low
-70.53933,-33.37936833,Low
-70.53884833,-33.37923833,Low
-70.53836667,-33.37923167,Low
-70.53795,-33.379415,Low
-70.537715,-33.37969,Low
-70.53744667,-33.38003167,Low
-70.53720833,-33.380385,Low
-70.53698833,-33.380665,Low
-70.536795,-33.38094833,Low
-70.53656833,-33.38126333,Low
-70.53639667,-33.38150167,Low
-70.53619667,-33.38178167,Low
-70.53595167,-33.38208667,Low
-70.535725,-33.38240833,Low
-70.53546333,-33.382735,Low
-70.53521,-33.38307333,Low
-70.53497167,-33.38338833,Low
-70.53468333,-33.383645,Low
-70.534335,-33.38386,Low
-70.53389667,-33.38415,Low
-70.53354833,-33.384355,Low
-70.53319167,-33.38461167,Low
-70.53285167,-33.38488333,Low
-70.53248667,-33.38514833,Low
-70.53214333,-33.38541,Low
-70.53183167,-33.38566833,Low
-70.53147,-33.38591667,Low
-70.53115167,-33.38615167,Low
-70.53077667,-33.38641167,Low
-70.53047333,-33.386715,Low
-70.53008833,-33.38703,Low
-70.52971833,-33.38732833,Low
-70.52932667,-33.38761,Low
-70.528955,-33.38791833,Low
-70.528595,-33.38825833,Low
-70.52826833,-33.38850167,Low
-70.52792167,-33.38877833,Low
-70.52752333,-33.389105,Low
-70.52697167,-33.38957667,Low
-70.52672667,-33.38982167,Low
-70.52648667,-33.39003167,Low
-70.52625333,-33.39028333,Low
-70.52604667,-33.39053,Low
-70.525705,-33.39086667,Low
-70.52535833,-33.39070667,Low
-70.52500333,-33.3905,Low
-70.52464,-33.39029167,Low
-70.52437333,-33.39015333,Low
-70.52411333,-33.38998,Low
-70.52378167,-33.38975333,Low
-70.52339333,-33.38946833,Low
-70.52301833,-33.38918333,Low
-70.52262667,-33.38892167,Low
-70.52232333,-33.38869833,Low
-70.52197,-33.38844333,Low
-70.52158667,-33.38813667,Low
-70.52117833,-33.38785667,Low
-70.52068667,-33.38766167,Low
-70.52016,-33.38758,Low
-70.51964833,-33.38757167,Low
-70.51921833,-33.38764667,Low
-70.51878667,-33.38773667,Low
-70.51839333,-33.38793,Low
-70.517955,-33.38817833,Low
-70.51760667,-33.38847167,Low
-70.51740667,-33.388745,Low
-70.51729333,-33.38901667,Low
-70.51721833,-33.38925333,Low
-70.51712833,-33.389535,Low
-70.51690833,-33.38968333,Low
-70.51657167,-33.38979,Low
-70.516165,-33.38991,Low
-70.515775,-33.39003333,Low
-70.51544333,-33.390155,Low
-70.51509,-33.39027167,Low
-70.51475667,-33.39037833,Low
-70.514445,-33.39056333,Low
-70.51415667,-33.39076667,Low
-70.51379833,-33.39097333,Low
-70.51350333,-33.39078167,Low
-70.51315,-33.39060833,Low
-70.512755,-33.39044167,Low
-70.512325,-33.390275,Low
-70.51190833,-33.39010833,Low
-70.51146667,-33.389985,Low
-70.51100167,-33.38993833,Low
-70.51056333,-33.38992667,Low
-70.51010833,-33.39002667,Low
-70.509665,-33.39018833,Low
-70.50925833,-33.390295,Low
-70.50895,-33.39039167,Low
-70.508615,-33.39055333,Low
-70.50826,-33.390705,Low
-70.50783667,-33.3909,Low
-70.50745167,-33.39108,Low
-70.50710333,-33.391255,Low
-70.50659167,-33.39151,Low
-70.50624833,-33.39167333,Low
-70.50581333,-33.39188333,Low
-70.50543333,-33.39205333,Low
-70.50502167,-33.39225,Low
-70.504645,-33.39244333,Low
-70.504255,-33.39259833,Low
-70.50392,-33.39277167,Low
-70.50412833,-33.39301333,Low
-70.50542,-33.39506,Low
-70.505245,-33.39479167,Low
-70.505055,-33.394515,Low
-70.50488833,-33.39427833,Low
-70.50471333,-33.394045,Low
-70.50450667,-33.39378,Low
-70.50429333,-33.39353,Low
-70.50580333,-33.39509833,Low
-70.50595333,-33.39547833,Low
-70.50613167,-33.39600833,Low
-70.506245,-33.39634667,Low
-70.50636167,-33.39673667,Low
-70.50656167,-33.39716,Low
-70.50672667,-33.397605,Low
-70.5068,-33.39807667,Low
-70.50678167,-33.39855333,Low
-70.506755,-33.39896667,Low
-70.50672833,-33.399305,Low
-70.50670833,-33.399615,Low
-70.50667833,-33.39996167,Low
-70.50661,-33.40034333,Low
-70.50651833,-33.400725,Low
-70.50628167,-33.40143167,Low
-70.50597,-33.40167667,Low
-70.50618833,-33.40137167,Low
-70.50690167,-33.40104167,Low
-70.507425,-33.40106333,Low
-70.50795167,-33.40108333,Low
-70.50847833,-33.401095,Low
-70.509005,-33.40117333,Low
-70.50950667,-33.40131167,Low
-70.50989833,-33.40151667,Low
-70.51021333,-33.40170167,Low
-70.510565,-33.401915,Low
-70.51092667,-33.402095,Low
-70.51131833,-33.402295,Low
-70.51165333,-33.40247,Low
-70.51203833,-33.40268167,Low
-70.51247167,-33.40282333,Low
-70.51296333,-33.40281333,Low
-70.51332833,-33.402875,Low
-70.51324,-33.40322833,Low
-70.513305,-33.40355,Low
-70.51358833,-33.403815,Low
-70.51390667,-33.40408833,Low
-70.51415333,-33.40433333,Low
-70.51440333,-33.40457167,Low
-70.514715,-33.404865,Low
-70.515095,-33.40515833,Low
-70.51551833,-33.40542333,Low
-70.515935,-33.40560833,Low
-70.516545,-33.40584,Low
-70.51693667,-33.40600667,Low
-70.51739333,-33.40618667,Low
-70.51778,-33.406365,Low
-70.51816333,-33.40655,Low
-70.51856333,-33.406755,Low
-70.51895167,-33.40696833,Low
-70.51923833,-33.40710167,Low
-70.519625,-33.40726833,Low
-70.51999,-33.40737333,Low
-70.52041,-33.407445,Low
-70.52089667,-33.40752333,Low
-70.521325,-33.40771167,Low
-70.521595,-33.407815,Low
-70.52193333,-33.40799,Low
-70.522235,-33.40814833,Low
-70.52253333,-33.4083,Low
-70.52287333,-33.40850167,Low
-70.52321667,-33.408735,Low
-70.52351833,-33.408935,Low
-70.523915,-33.40918833,Low
-70.52418833,-33.40952333,Low
-70.52437,-33.409835,Low
-70.52449167,-33.41012,Low
-70.52463,-33.41046833,Low
-70.52486167,-33.41086167,Low
-70.52508667,-33.41127,Low
-70.52524,-33.41172333,Low
-70.52538333,-33.41218167,Low
-70.52564667,-33.41264,Low
-70.52587667,-33.41308167,Low
-70.526075,-33.41338833,Low
-70.52644,-33.41364833,Low
-70.52682667,-33.41368167,Low
-70.527115,-33.41361333,Low
-70.52747333,-33.413525,Low
-70.52794833,-33.41344833,Low
-70.52840333,-33.413445,Low
-70.52881167,-33.41354333,Low
-70.52917833,-33.41359833,Low
-70.52962,-33.41368167,Low
-70.52977,-33.413995,Low
-70.52970667,-33.41429667,Low
-70.52964333,-33.41463833,Low
-70.52959667,-33.41497667,Low
-70.529585,-33.41534833,Low
-70.52961333,-33.41576167,Low
-70.529585,-33.41614333,Low
-70.529595,-33.41676333,Low
-70.52959167,-33.41715667,Low
-70.52959667,-33.417655,Low
-70.5296,-33.41816167,Low
-70.52962,-33.41863833,Low
-70.52961833,-33.41897167,Low
-70.52962833,-33.4193,Low
-70.52964833,-33.41968333,Low
-70.52963833,-33.42003333,Low
-70.52964,-33.42033333,Low
-70.52964167,-33.42058167,Low
-70.529645,-33.420965,Low
-70.52964167,-33.42138167,Low
-70.52969167,-33.421845,Low
-70.529765,-33.422095,Low
-70.530005,-33.42232167,Low
-70.53029167,-33.422575,Low
-70.53062167,-33.42284333,Low
-70.530945,-33.42315167,Low
-70.53129333,-33.423445,Low
-70.531565,-33.42369833,Low
-70.53185333,-33.42392667,Low
-70.53224667,-33.42392,Low
-70.532715,-33.42390667,Low
-70.53321333,-33.42388,Low
-70.53369,-33.42386333,Low
-70.53415333,-33.42388333,Low
-70.534665,-33.42383833,Low
-70.53519167,-33.42382,Low
-70.53577667,-33.42379667,Low
-70.53636167,-33.4238,Low
-70.53694833,-33.42376833,Low
-70.53748167,-33.42373,Low
-70.53819333,-33.42373,Low
-70.53861833,-33.423775,Low
-70.53912333,-33.42379833,Medium
-70.53962167,-33.42387167,Medium
-70.53997167,-33.42392667,Medium
-70.54032,-33.42398,Medium
-70.540795,-33.42406,Medium
-70.54136667,-33.42409167,Medium
-70.54192,-33.42415,Medium
-70.54248667,-33.42422333,Medium
-70.54300333,-33.42428333,Medium
-70.54338,-33.424305,Medium
-70.54372667,-33.42434167,Medium
-70.54415,-33.42437833,Medium
-70.54465167,-33.42443167,Low
-70.54514333,-33.424485,Low
-70.54563,-33.42451167,Low
-70.54600667,-33.42457833,Low
-70.54629333,-33.42439,Medium
-70.54655667,-33.42413167,Medium
-70.54685,-33.42381833,Medium
-70.54716333,-33.42351667,Medium
-70.54750333,-33.42320167,Medium
-70.54783333,-33.422865,Medium
-70.54818333,-33.42258667,Medium
-70.548475,-33.42225,Medium
-70.5488,-33.42194833,Medium
-70.549105,-33.42164,Medium
-70.54942333,-33.42134,Medium
-70.54976,-33.42104667,Medium
-70.550125,-33.42069333,Medium
-70.55050167,-33.42034167,Medium
-70.55086667,-33.42,Medium
-70.55113,-33.41970333,Medium
-70.55137667,-33.41946,Medium
-70.55168833,-33.41916167,Medium
-70.55196833,-33.41888,Medium
-70.552225,-33.41865333,Medium
-70.55247833,-33.418415,Medium
-70.55259167,-33.41809,Medium
-70.55267167,-33.41775333,Medium
-70.55299,-33.41756,Medium
-70.55336,-33.41754333,Medium
-70.55362833,-33.41737833,Medium
-70.55393833,-33.417125,Medium
-70.554225,-33.416915,Medium
-70.554575,-33.416665,Low
-70.55493667,-33.41638667,Low
-70.555335,-33.41610667,Medium
-70.55574833,-33.41580333,Medium
-70.55613,-33.41554333,Medium
-70.55649833,-33.41529,Medium
-70.55687333,-33.41499667,Medium
-70.557265,-33.41472333,Medium
-70.557825,-33.41431833,Medium
-70.55807167,-33.41413,Medium
-70.558375,-33.41390667,Medium
-70.55872,-33.413625,Medium
-70.55908833,-33.41335333,Medium
-70.55949333,-33.413065,Medium
-70.55989,-33.41277667,Medium
-70.56030833,-33.41244833,Medium
-70.56074833,-33.41214667,Medium
-70.561195,-33.41179,Medium
-70.56161667,-33.41149667,Medium
-70.562025,-33.41117167,Medium
-70.56246667,-33.41084333,Low
-70.56291833,-33.41055667,Low
-70.563395,-33.41022167,Low
-70.56381333,-33.40990667,Low
-70.56426667,-33.40955167,Low
-70.5647,-33.40923333,Low
-70.56510167,-33.40894,Low
-70.56532833,-33.40876167,Low
-70.56562167,-33.40854167,Low
-70.56599167,-33.408415,Low
-70.566415,-33.40835667,Low
-70.56688333,-33.40825833,Low
-70.56728833,-33.40814,Low
-70.56746167,-33.407865,Low
-70.56771667,-33.40746833,Low
-70.567885,-33.406995,Low
-70.56805167,-33.40659333,Low
-70.568205,-33.4062,Low
-70.568385,-33.40578167,Low
-70.56857333,-33.40528667,Low
-70.56876333,-33.40473167,Low
-70.56887833,-33.40413333,Low
-70.56909,-33.40359333,Low
-70.56930667,-33.40307333,Low
-70.56954167,-33.402535,Low
-70.56863333,-33.40195,Low
-70.56817333,-33.40176833,Low
-70.567985,-33.40155667,Low
-70.56844167,-33.401615,Low
-70.56879,-33.40176833,Low
-70.569775,-33.40234167,Low
-70.57016333,-33.402505,Low
-70.57060833,-33.40268167,Low
-70.57103833,-33.40291,Low
-70.57148167,-33.40315167,Low
-70.572015,-33.40333833,Low
-70.572525,-33.40355833,Low
-70.57295833,-33.40374833,Low
-70.57346,-33.40394167,Low
-70.57378667,-33.4041,Low
-70.57415833,-33.40426,Low
-70.57454167,-33.404425,Low
-70.57493667,-33.40458167,Low
-70.57533833,-33.40474,Low
-70.575825,-33.40492,Low
-70.57636333,-33.40510833,Low
-70.57694167,-33.40528667,Low
-70.577545,-33.40539667,Low
-70.57852833,-33.405445,Low
-70.52958333,-33.41629833,Low
-70.56941333,-33.40218833,Low
-70.56962,-33.40226833,Low
